id,Ev_lat,Ev_lon,mag,Cluster,dBe_PGA,dBe_SA(0.2),dBe_SA(0.50251256281407),dBe_SA(1.0),dBe_SA(2.0)
090317011253,41.986,14.017,3.6,0,0.126838495101696,0.174867286302766,0.212966803267844,0.122546380793018,0.0850042921799757
090329084310,41.985,14.002,3.7,0,0.0974275695750789,0.139636882024924,0.211169780750927,0.167455516719996,0.101850957637417
090330133841,42.321,13.376,4,1,0.152133296493004,0.139475872927743,0.186347784185217,0.177582488737974,0.133742157526545
090330134329,42.315,13.378,3.5,1,0.00521899684669913,-0.0237228123024268,0.0216811221108187,-0.0562247068475659,-0.0798220412803396
090330215719,42.316,13.375,3.42,1,-0.073500348388827,-0.111988057955313,0.0297508054349296,-0.0498741687681177,-0.0782636992090518
090405204856,42.325,13.382,3.9,1,-0.00615615956509592,-0.00085015217031542,-0.0827362058925432,-0.12154372235696,-0.119490759507483
090406013242,42.342,13.38,6.1,1,-0.065866241813484,-0.10668970297585,-0.0675327898680769,0.0278117383815821,0.0667165824993185
090406022748,42.366,13.319,4.12,1,-0.111121466005499,-0.0966910454673637,-0.0677641858183337,-0.0651793185163875,-0.0951191741795768
090406023706,42.36,13.328,4.9,1,-0.228540807979543,-0.236118361776599,-0.171741941715042,-0.137777229938181,-0.0980737251243573
090406035648,42.335,13.386,4.3,1,-0.0707332373835419,-0.0735631701637994,-0.133419648288261,-0.0298721892310509,-0.00956467814490159
090406044756,42.356,13.356,3.8,1,-0.167675843541026,-0.247565204583246,-0.0609092343892775,-0.0191905159561486,-0.0203463896876735
090406071712,42.356,13.383,4.1,1,0.0188285312175427,0.0287310599992654,-0.00642152240038958,-0.0046700839185583,0.027112355883692
090406073943,42.322,13.382,3.45,1,-0.0105388201955809,0.0456584595019904,0.0322483541190109,-0.0223596631542787,-0.0305411533412713
090406101238,42.317,13.384,3.6,1,0.0915208021339257,0.112040633423649,0.0858089540364469,0.0868684437028103,0.055503993638645
090406131407,42.232,13.492,3.6,1,0.0339179836441155,-0.0215342461656009,0.0430801968994143,0.0807990514730448,0.0317810889909127
090406163812,42.363,13.339,4.3,1,-0.183486386844684,-0.178370203824326,-0.209758413340251,-0.164639280638556,-0.10628241507457
090406215656,42.384,13.342,3.7,1,0.0526661551286626,0.0798560893159134,0.192351084213425,0.137434045885643,0.131106194205755
090406224716,42.326,13.303,3.6,1,0.059859856010231,0.0969181150173724,0.127719537046045,0.0824663955980708,0.0548336983155333
090406231539,42.463,13.385,5,1,-0.126325369996711,-0.158640802447886,-0.133316595473553,-0.12224726224617,-0.102243126202053
090407092459,42.343,13.391,3.71,1,-0.0313945822335673,-0.0244950827482905,-0.157565014937379,-0.114479602609547,-0.0699433367505139
090407092631,42.336,13.387,4.9,1,-0.194537609876926,-0.202127849791732,-0.201265374392019,-0.175322972716476,-0.10028472006249
090407093059,42.332,13.371,3.68,1,-0.0838939299618371,-0.0586035240386165,-0.0439999482816341,-0.0440539467185529,-0.0579246384305734
090407122929,42.455,13.413,3.44,1,-0.0261674565676723,0.0136721290861173,0.0167715481067659,0.054403938020907,0.070458770790179
090407174739,42.303,13.486,5.4,1,0.123504440197567,0.054368056365867,0.0950779131462138,0.124059554522992,0.100610105321903
090407213432,42.364,13.365,4.3,1,-0.0612723421482808,-0.0273239299188752,0.00745619797621877,0.0784776395314743,0.124943396964786
090407213909,42.356,13.36,3.6,1,0.0175362446488896,-0.00180544850045204,0.0800889577225489,0.0937515757437401,0.0531686281149525
090408030037,42.293,13.462,3.6,0,-0.0439692397658687,-0.0937215098632495,0.122932136942534,0.21907568198144,0.213230850434744
090408042743,42.29,13.462,3.8,1,0.0650779924760095,0.104572513303125,0.0745822279847422,0.131212074884173,0.149831901332853
090408225652,42.497,13.367,3.9,1,0.1907904105184,0.188186130299971,0.245668376360717,0.205110368870495,0.153447301699157
090408231809,42.386,13.331,3.4,1,-0.107469998267656,-0.0864002253976998,0.0190919761470153,0.0466310020245863,0.00641943671841954
090409005302,42.489,13.351,5.2,0,0.0238509313153366,0.0264600932819888,0.00646045466266473,0.075339731571849,0.14822812834395
090409031454,42.335,13.444,4.2,1,0.0313160493749967,0.0453022031835356,0.10629230107573,0.116038511516605,0.108074459509002
090409043247,42.445,13.434,4.1,1,0.117197080689714,0.117820203183588,0.168063743137886,0.141024705338499,0.124044088513024
090409044312,42.502,13.373,3.7,1,0.0318812124372737,0.00853191594242589,0.0514106589754934,0.0828054954706314,0.0285241947035431
090409131836,42.342,13.261,4,1,-0.0100508678706613,-0.126464888204722,0.0259444332118613,-0.023369376700584,-0.0697288219025428
090409131936,42.341,13.259,3.8,1,0.174772642638339,0.0648731015813604,0.256182022101667,0.207468265371108,0.163177408587463
090409193819,42.504,13.35,5,1,-0.0273921275688121,-0.0132982097587588,-0.101305427765336,-0.136355306533791,-0.0382976882900547
090409224008,42.477,13.312,3.6,1,0.0900181879038886,0.0720116307760256,0.00267172167473124,0.0499200746221862,0.0350075855681671
090410032224,42.463,13.42,3.7,1,0.0538862943991144,0.0683594097612143,0.129962921317059,0.0867495354981122,0.0721598145640099
090410043306,42.45,13.378,3.46,1,0.0311000868389702,0.0201686695923771,-0.0351351592018166,-0.107851125819911,-0.108973654707449
090410154620,42.345,13.382,3.2,1,0.471190131431241,0.474917382576564,0.264845086492936,0.245562071536714,0.293242912141583
090411053902,42.386,13.418,3.5,1,0.00107707097121928,-0.00658140391986056,-0.0579773002922791,-0.102370233339599,-0.126108749138412
090412094901,42.352,13.386,3.3,1,0.24930401196497,0.300930999243037,0.215033522107676,0.169351976809373,0.192419836969628
090413133607,42.445,13.455,3.6,1,0.00766803891808227,-0.115294602949633,0.0224188607134358,0.0324353768394234,0.00910442683539598
090413190951,42.351,13.346,3.7,1,0.0492358215370939,0.0588730825477556,-0.00329137825763039,0.00999445584576168,-0.0122686890136899
090413191800,42.352,13.341,3.4,1,-0.0371804059697933,-0.0721703613977834,-0.0522181448368523,0.02401760497754,-0.00298924847431386
090413211426,42.498,13.377,4.8,1,-0.0524856604970425,-0.0338192696560628,-0.0263635895458767,0.0106467549114389,0.0396106282206117
090414135623,42.542,13.32,3.8,1,0.0297268889468256,0.0866036103774453,0.133828480915193,0.11817694354391,0.0978996426133545
090414172733,42.528,13.313,3.6,1,0.0960060599685355,0.123216658915511,0.0933863714287617,0.150505978939384,0.142961023564609
090414201729,42.526,13.298,3.7,1,0.172277813352851,0.187368187631236,0.171571451733242,0.179885217789252,0.153472913151932
090415225310,42.515,13.33,3.8,1,0.0632075579026658,0.0666156975161978,-0.0797695989533484,0.00344337420447415,0.035209163059717
090416174932,42.535,13.291,3.7,1,0.209431817304784,0.199123019785072,0.162413993722823,0.140449029568503,0.141937423034907
090418090558,42.436,13.359,3.8,1,0.047986325809891,0.0760817751555674,0.151840246177827,0.105494939351714,0.076563709427721
090421154438,42.324,13.371,3.5,1,-0.0666581214594489,-0.0793680110429199,0.0163851360751291,-0.0147107591940539,-0.0590978697020822
090422123227,42.576,12.833,3.49,0,-0.191855424990185,-0.183950553446422,-0.0267775704104396,0.0261501722098699,0.0113910967105182
090423151410,42.247,13.484,4.07,0,-0.0719493639668577,-0.0890745539113418,-0.0388179032224167,-0.0213215097298804,-0.0815083607440887
090423214903,42.228,13.486,4.2,0,-0.122364358015899,-0.163364585729524,-0.174362527647252,-0.065754811602908,-0.0917197720316641
090425111307,42.81,12.942,3.71,0,-0.0234065459858191,-0.0875553121626832,-0.244978516661394,-0.382252071161001,-0.331615867282521
090430130104,42.358,13.358,3.5,1,-0.0528373692373834,-0.0388260646435344,-0.0733994270565779,-0.0303768893345186,-0.0496906543433268
090501051254,42.287,13.462,3.6,0,0.0398103155749843,0.0220992217670673,0.106396450311996,0.133896903162251,0.0711775792997118
090509090942,42.346,13.358,3.44,1,-0.0598467701029662,-0.046961216421228,-0.0458920255085006,-0.103510753867368,-0.132990290227214
090510160009,42.296,13.488,3.3,0,-0.0682675923635586,-0.0606824673535486,0.0646163614958087,0.132271585343923,0.207314913981604
090514063025,42.483,13.397,3.4,1,0.130108517211039,0.149386550102859,0.140920226879952,0.147602895476687,0.147295746920948
090514063236,42.488,13.405,3.53,1,-0.0214290113083999,0.00707742963515203,-0.0439821889565537,-0.0862558258938973,-0.0975890966349832
090514203057,42.372,13.329,3.62,1,-0.0770125775909614,-0.0551983474928172,-0.0684471577848666,-0.141721448411353,-0.152188854699244
090530025512,42.35,13.339,3.6,0,-0.0643514326621672,-0.0633872933237865,-0.10992901405606,-0.101168482934077,-0.1097748057184
090607192136,42.338,13.476,3.3,0,0.0581520143640817,0.129422816121232,0.185057428598119,0.222271470746119,0.304155660207783
090622205842,42.445,13.354,4.4,0,0.0898079109747467,0.0593404406972819,0.0957327034915634,0.137846331363007,0.0979062847398401
090623004158,42.444,13.369,3.7,0,0.208887907088557,0.203694786183557,0.193658523239819,0.164528521466101,0.119797970611408
090623083511,42.466,13.352,3.59,0,-0.0891023290967348,-0.0801873549137623,-0.0466356640911177,-0.115770911538894,-0.151491775099377
090625210010,42.564,13.199,3.5,0,-0.178367770949803,-0.107202504881678,0.0531734371538894,0.0629276877910211,0.0222913435710381
090703011409,42.319,13.366,3.55,0,0.0750802464321969,0.0987896839165681,0.0313966411565672,-0.0330503466053802,-0.040353243906642
090703110310,42.391,13.382,3.7,0,0.110430854166703,0.213019831073608,0.361677199665621,0.348359856349183,0.321811149749598
090712083853,42.328,13.379,4.2,0,-0.0876024176452283,-0.0914644137526176,-0.102122732571616,-0.102828019785082,-0.10515900218276
090712221427,42.338,13.392,3.7,0,0.041054501915302,0.0701178667362357,-0.0116835332555355,-0.00201494842490911,-0.0345927827835497
090731110542,42.248,13.495,3.9,0,-0.105585573561789,-0.104389301231457,-0.133807039871066,-0.00667273828977758,0.00502615181375458
090806153646,41.648,13.669,4,0,0.215428809362348,0.225324631919921,0.210596352065867,0.121062888724004,0.0850360165518317
090924161500,42.452,13.352,3.9,0,0.139236552505931,0.0814318712744481,0.0762913752566305,0.0600417668503339,0.0354952979952042
090930195214,41.724,13.693,3.2,0,0.199217506366196,0.231042857024817,0.203175921496899,0.136799683430711,0.156500976877309
091008005153,41.74,13.696,3.64,0,-0.0620979774756825,-0.0718040309452919,-0.063275474377319,-0.102122825688345,-0.14470683926258
091008005340,41.742,13.7,3.49,0,-0.0168880843657456,-0.0280141865619246,-0.0820804664559782,-0.132509905387102,-0.15914501866564
091020050733,42.391,13.245,3.5,0,-0.0805283629230769,0.0150717594935392,0.21662739735512,0.256126683926839,0.249705324095406
100122123053,42.239,13.52,3.48,0,-0.072085816941183,-0.00898667280686953,0.0249097344448208,0.0469305004281987,-0.0242307779119147
100131212133,42.268,13.417,3.46,0,-0.026450738249138,-0.0121056812314202,-0.119918262984335,-0.20685010673069,-0.237806980884831
100704113900,42.177,13.4,3.77,0,-0.382254245586863,-0.420954874707757,-0.0877029416344336,0.108102685149715,0.161989154834114
100828070805,42.834,12.654,4.1,0,0.0303581757151355,0.0420705081167125,-0.0352972940715044,-0.0779243265017702,-0.0622634575685349
100831030014,42.524,13.229,3.4,0,-0.220636677892527,-0.266095212298206,-0.0577848785998551,0.0295469353332821,-0.0143407436977169
100831071254,42.516,13.226,3.5,0,-0.0573287027586113,0.0172188150849786,0.138348783826286,0.16231792695904,0.104665058909535
100831120628,42.519,13.213,3.2,0,0.0412547901599103,0.0846902822587559,0.140368978530963,0.111656805167709,0.0987945026821281
101206103217,42.793,13.011,3.48,0,0.0232296461870657,0.0384505172495848,-0.0558539286536619,-0.100978752219108,-0.0971815402241243
110109105822,42.11,13.34,3.82,0,-0.213846357820715,-0.192939865786381,-0.0396785717338939,-0.00516256521529515,-0.0207308715767149
110113185520,42.109,13.334,3.5,0,-0.139926651899489,-0.0710502843892178,0.0286418748674973,-0.0662904731937323,-0.0847714684491675
110521191801,42.369,13.421,3.41,0,-0.109265494457219,-0.0214850405584479,-0.0050433661050098,-0.0955583508438417,-0.132517268522651
110706213454,42.438,13.289,3.51,0,-0.0819058543978688,-0.13392444442051,-0.221077630772207,-0.325426211385715,-0.264741971078865
110710181342,42.122,12.47,3.43,0,-0.0190578425186378,-0.028538695171864,0.0245608399636705,-0.117169323166833,-0.0524059968206369
110713095514,42.439,12.706,3.7,0,0.204904662495425,0.180227185510884,0.0456126630340885,0.113435174132567,0.13160402402178
110723165027,41.494,12.934,3.6,0,0.123458454491751,0.0941808608160055,0.209501050456416,0.155079085449899,0.185637382850707
111018211309,42.393,13.43,3.43,0,-0.260626917633179,-0.176780625368257,0.00735503723708984,0.0663086622673018,0.0606823099286369
111030144035,42.279,13.331,3.66,0,-0.337189591789698,-0.247184380045948,-0.200627051751032,0.138947677666475,0.183074441035138
120215204638,41.477,12.91,3.5,0,0.184315540776666,0.159003383598974,0.245134059220106,0.20736516051592,0.164784846969251
120315032907,42.797,13.201,3.7,0,0.239234319394726,0.305197654157945,0.401785688157359,0.372508462366246,0.346644178618219
120709151345,41.8713,12.7145,3.5,0,-0.16061800991792,-0.153019358644604,-0.0948688715452694,0.000141381213493952,-0.0239636098992183
120927010824,41.1763,14.9208,4.2,2,-0.0353890537376708,-0.0235794213327097,0.0429429599145515,0.0680922999889352,-0.0266948770674499
120927034800,41.1607,14.9232,3.46,2,0.0120450913528367,0.0721214029670418,0.0457260686122109,-0.0518719896432503,-0.1339383929218
120927083543,41.1603,14.9328,3.78,2,0.0223000971625295,0.00798742584240338,0.032936654287715,-0.00201785037094689,-0.128909072310507
121030015232,42.3957,13.2725,3.54,0,0.0282441869003921,0.029978042966579,-0.126005939331929,-0.223861180773964,-0.211371364356778
121205011821,42.9153,13.6617,4.01,0,0.00601964252051861,-0.0805807387749995,-0.16398260602302,-0.132390239704687,-0.17409351838102
130216211611,41.7143,13.5697,4.8,0,-0.0333035127994623,-0.0669773181604756,-0.0879127477838973,-0.0488525561873871,-0.0662099053349965
130217010009,42.4653,13.4833,3.6,0,0.217022945006497,0.189035060004449,0.118819628365696,0.0474225343631923,0.0416142204991157
130309025421,42.4662,13.4813,3.42,0,-0.0958852438288014,-0.0671485942144387,-0.14870864058801,-0.174785224170799,-0.161889529794118
130721013224,43.5088,13.7225,4.9,0,-0.192583455527631,-0.146883897341046,-0.13874754884978,-0.256398312665261,-0.189604659219956
130721030724,43.5028,13.7152,3.94,0,-0.22032120795588,-0.213679853174358,-0.212890164488762,-0.0209598761886405,0.00526181352806525
130822064451,43.5392,13.7238,4.2,0,0.0982091951217846,0.137613534550556,0.168073454060823,0.10288193043817,0.0642732103733306
131130201338,42.631,13.2062,3.7,0,0.218625552386185,0.239917917514807,0.139597627792769,0.0990644965475606,0.0808404319697866
131208143533,42.4613,13.4793,3.7,0,-0.0202451382354077,-0.0259744457628173,-0.203873083357462,-0.144533049063204,-0.132459137180643
131220130858,41.6835,14.8035,3.92,0,-0.0464202487034795,-0.0887567477597351,-0.0219040125163449,-0.129869525296582,-0.189938820885404
140107004340,43.0468,12.8745,3.41,0,-0.0792309956946169,-0.0574398062339178,-0.131177520396783,-0.180868406180341,-0.16834272758114
140107155200,43.371,12.5098,3.4,0,0.0270993024703058,0.0826569078391088,0.0581198600473321,0.0947106515204587,0.101998346994557
140120071240,41.367,14.4518,4.2,0,0.0477119495192498,0.0273532452907141,0.0721686832659171,0.0685393100516691,0.0316316582878876
140120075557,41.3648,14.4503,3.7,0,-0.0455192555571895,-0.0154055403291655,0.0125495063118776,-0.0330914988313813,-0.0662104802036812
140213043816,42.698,13.1225,3.54,0,-0.0516076951858176,-0.0312688270268364,-0.0986233643131149,-0.140629080027907,-0.119732220048963
140217045458,41.7243,13.8413,3.4,0,-0.0779876343339565,-0.0605940077309825,-0.00175272433568183,0.0443209984832891,-0.00439526809000019
140419212753,43.3487,12.5337,3.7,0,-0.0401651498595438,-0.00517660824516839,-0.00643783063136236,-0.00201287914260207,0.0573825987794694
140614085209,42.669,12.5485,3.5,0,-0.0527973756304827,-0.0182085435053631,0.0838248654670158,0.0405724792483169,0.0232904579319147
141219093941,43.6027,11.2405,3.8,0,0.0942121351124688,0.141907048044215,0.10996131790926,0.122869243979072,0.0851572411607725
141219103630,43.6058,11.2405,4.1,0,0.10535549015598,0.102223175748401,0.181716843210067,0.26419464475695,0.206045202830095
141224114010,41.7067,14.9557,4,0,0.317389485802341,0.360000365847441,0.107128687481977,0.0231951793627284,0.00903177601663346
150228031618,41.9498,13.534,4.1,0,-0.0921868694880463,-0.0883522651846604,-0.0791977389102855,-0.203816752466111,-0.0959978884800802
150302181817,42.9992,14.0228,3.42,0,-0.0808833113174638,-0.0623565630154976,-0.113774475413631,-0.215774449627536,-0.215277319291426
150304000004,43.6038,11.1753,3.87,0,0.110601372309394,0.141131788564858,0.134462740296326,0.139205478469912,0.0533590550833019
150529130756,42.9652,14.3837,4.2,0,-0.0811557721237134,-0.0374078100443611,-0.0685105502837443,-0.115904539493718,-0.119152878300689
150918192452,43.6318,12.3218,3.5,0,-0.0201176816105038,-0.0586722209534051,0.00953441741657793,-0.0235431756224884,0.00411917339831072
150919071247,43.6283,12.3353,3.7,0,0.162921978457621,0.180258718830976,0.198654326755591,0.176857101672782,0.155147618246176
151206033251,42.3932,15.2517,3.69,3,0.10140256577111,0.152396900722865,-0.0154200272846909,-0.00759059901496487,-0.00139556884506064
151206052815,42.3488,15.143,4.05,0,-0.0254349139110343,0.01923857585891,-0.155463242807671,-0.17823225143593,-0.252795277638332
151206162438,42.4007,15.2387,4.4,3,-0.00389163511647766,0.0124416445744935,0.00924433382093347,0.0159293432109696,-0.14993353639087
151206173849,42.3753,15.217,3.53,3,0.107027961515708,0.161482819380292,3.42664925580902e-05,0.0801010629631336,0.0405683261021137
160116185511,41.5272,14.5987,4.3,0,-0.0749124041815795,-0.0363747987709863,-0.20497208435229,-0.123367134451608,-0.0974256273531324
160116200045,41.5233,14.599,3.43,0,-0.0328778337531423,-0.0359164620268752,0.00807154936719393,-0.0507623276684621,-0.0513353345413764
160117220923,41.5318,14.6057,3.6,0,0.0545390673715135,0.0299999774894433,-0.0307869571301096,0.0230538769274332,-0.0113339404897162
160118103716,42.4983,13.3287,3.41,0,-0.138432991765403,-0.16480061385219,-0.158763117792008,-0.160935623960709,-0.152197118258018
160303050117,41.6898,14.8463,3.9,0,-0.0487230453161288,-0.0267623427766158,-0.113090190682721,-0.297304921899581,-0.284858944744506
160530202420,42.7003,11.9762,4.1,0,-0.0210777788228838,-0.0373873792714434,0.0905887621011698,0.166963433776247,0.167997840060915
160531092231,42.7342,11.8587,3.46,0,-0.0391172051429845,0.0116219490712911,-0.0043297371896144,0.0422763756409563,0.0907833878016283
160628023343,41.3222,14.0185,3.6,0,-0.260593248220449,-0.201785052030153,-0.108955892200364,-0.108563305471255,-0.109340166867189
160824013632,42.6983,13.2335,6,4,0.0125528632274538,-0.00960458934998187,0.0610770081934739,0.0740956645955003,0.1005045138526
160824015600,42.6008,13.2763,4.3,4,-0.0413893223253884,-0.0239051457606076,0.113894732752438,0.177169728391736,0.198164625978259
160824020108,42.7988,13.2412,3.95,4,-0.153118604869223,-0.160171315407986,-0.189100164657247,-0.0532662657298193,0.00115734653155529
160824020555,42.6162,13.2812,4.02,4,-0.1681248305651,-0.13117882747384,-0.121403935504687,-0.0784903843718185,-0.129719046358979
160824021357,42.7678,13.1538,3.82,4,0.0190601853632615,-0.0369442816741963,-0.112616549152182,-0.0645472926019485,-0.0850540114485051
160824021515,42.8002,13.1663,3.6,4,0.017590271931271,0.0316755742066997,0.0314843570756831,0.0145520791218211,-0.0224062899393612
160824021943,42.6403,13.2362,3.52,4,-0.0362964225030111,-0.0285089887410227,-0.0432621630680705,-0.0931978929691247,-0.111322215384867
160824023328,42.7922,13.1507,5.4,4,0.0400184117862034,0.065804303203229,0.0236116048641236,0.0184110950753707,0.0140264021815349
160824025126,42.7747,13.225,3.68,4,-0.177373042311877,-0.129266008002686,-0.0692108239602039,-0.0353985585274874,-0.0610642440999079
160824025935,42.7987,13.1313,3.9,4,0.119216402115111,0.142114285421677,0.171286726678381,0.161284664255614,0.112376300375563
160824030810,42.6237,13.2518,3.7,4,0.0837250330050659,0.117796124274326,-0.0642947287098043,0.0147497430656011,0.0047984447556247
160824031630,42.7222,13.1605,3.61,4,-0.0629760548698218,-0.11201094388623,-0.066570841634425,-0.121348105765246,-0.155759864451785
160824031759,42.7588,13.1378,3.6,4,0.222853843425772,0.215292712919091,0.19532940206913,0.179801570687898,0.127140108657087
160824034010,42.6143,13.2437,4.1,4,0.0993862717866664,0.106604748568459,0.0566346126861609,0.0266577690230439,0.0111387410100039
160824040650,42.771,13.1238,4.4,4,0.0227282419784236,0.0148326093533802,-0.0440218824817904,-0.0297170513555041,0.0508756085764213
160824042558,42.6353,13.2363,3.4,4,0.185576757419016,0.11409512329355,0.12090687138118,0.105797584256651,0.0440352428591576
160824043309,42.6232,13.2148,3.4,4,0.156295151783424,0.135004956518051,0.144006111363731,0.113211873061693,0.0897424320244096
160824043809,42.6287,13.2225,3.4,4,0.0955797581516524,0.0536021713060185,0.0496411021722866,0.0662485274487358,0.0565999303490418
160824044438,42.7322,13.1773,3.5,4,0.160641524387967,0.136633058440373,0.1007493802439,0.0234400431061726,0.0182985544600224
160824045737,42.8502,13.0405,3.5,4,-0.369445863341348,-0.29864557133604,0.0654635782275157,0.236151600571386,0.200840240105024
160824053132,42.6633,13.1937,3.3,4,0.115242927959463,0.116534691017154,0.133125532939252,0.0850464593782785,0.0866792002089917
160824065454,42.7993,13.1863,3.2,4,0.274408588044601,0.365778528451727,0.227195732470987,0.176484536777437,0.175609653225828
160824093143,42.8123,13.1923,3.4,4,0.201265714831243,0.268136202344754,0.213228240485144,0.148837554358304,0.126090812655208
160824115030,42.8197,13.1602,4.5,4,0.226628671083141,0.223222135528892,0.207854575463909,0.220126723594268,0.220035448273102
160824120609,42.8347,13.1507,3.67,4,0.0297495512195412,0.0177991734183465,-0.0990907275244426,-0.150027167341323,-0.175999968721227
160824121826,42.8207,13.1248,3.41,4,0.0490489877314074,0.0427495206797828,-0.0751832520295427,-0.0161225373065517,-0.0350119821417903
160824140220,42.7997,13.2403,3.8,4,-0.0764127512173783,-0.117832107233635,0.100748397120227,0.172785609854028,0.164975475607773
160824174609,42.6587,13.2147,4.2,4,0.124909464828756,0.182944900772269,0.220229681843131,0.187768543871055,0.131154122377764
160824202136,42.7808,13.1477,3.3,4,0.145075576725704,0.135859212767869,0.0707391914523621,0.0717306729496052,0.0666309916473906
160824232205,42.6535,13.2098,4,4,-0.0759891370102094,-0.102731864872979,-0.146452721137144,-0.0894004416976298,-0.128530858273791
160825031716,42.7452,13.1927,4.3,4,0.235667390205371,0.270054549374147,0.250460774119964,0.191819793331035,0.221126041536506
160825041211,42.6913,13.2343,3.3,4,0.0971809632728636,0.0848787739626488,-0.0268170677483431,-0.0563037627083533,-0.0592151561767418
160825045140,42.6323,13.3263,3.8,4,-0.132486062849688,-0.037339166500038,0.187789871505204,0.264737373977301,0.254225372956759
160825123605,42.6003,13.2823,4.4,4,-0.171498308428438,-0.158333748913541,-0.0851883443882675,-0.0989844664751348,-0.0926187017306646
160825234955,42.8047,13.2337,3.7,4,-0.0940019860670851,-0.058530765933425,-0.0783299488591597,-0.102527962274494,-0.0651402547176446
160826000409,42.6617,13.2842,3.6,0,-0.058916347837021,0.0286913904888885,0.11992218354611,0.131602106139109,0.0896865406871839
160826042825,42.6048,13.2915,4.8,4,-0.222187331465253,-0.229263273145426,-0.189109766090572,-0.11854539285674,-0.171282195073142
160826051705,42.7528,13.2125,3.2,4,0.152519112274428,0.104187303024636,0.0917155580994675,0.0330911572927276,0.0431634846861088
160826053252,42.7723,13.1493,3.3,4,0.253422659515545,0.270621317607621,0.159465960020627,0.0942342250684011,0.0944815576573937
160826160529,42.6922,13.1613,3.5,0,0.108854132667071,0.151515645137258,0.147946700817391,0.106144091132645,0.0670496811737403
160827012639,42.8377,13.2437,3.7,4,-0.0920855581316328,-0.112025252434296,-0.131735111464475,-0.00512191273280683,0.0686686583684449
160827025059,42.8428,13.2377,4,4,-0.173389521797656,-0.130857338188407,-0.162313143309094,-0.115345119285128,-0.0485285831403603
160827062030,42.5475,13.3098,3.2,0,0.048950613860404,0.0904252640662372,0.131048332565545,0.154388837863536,0.167657639439687
160827104014,42.8468,13.2442,3.5,4,-0.131323023605189,-0.105989296572566,-0.012889702947533,-0.00994233749288716,0.0284444610252939
160828063719,42.7215,13.1973,3.3,4,0.22852426052529,0.204963554335631,0.105004648457376,0.0723806276517619,0.0777995724435217
160828130732,42.5985,13.2867,3.5,0,0.098556353242636,0.0866116594653226,0.141685565046788,0.105684928098266,0.0693149246933565
160828153738,42.7718,13.1198,3.5,4,0.217901553545983,0.102044396424285,-0.00935985513407901,0.0312010271742758,0.0386727252038719
160828155535,42.8232,13.2323,4.2,4,0.12654453514683,0.171776152386803,0.141935819971169,0.151842770673674,0.10705104971703
160828164201,42.8183,13.1387,3.7,0,0.152802745413207,0.130344496198687,0.0481765291215898,0.0514640120579012,0.0535805751934809
160829014425,42.7637,13.1937,3.4,4,0.222816807259001,0.150612906570637,0.168540352953516,0.0960360752145401,0.0826306414085429
160829062010,42.75,13.1792,3.7,4,-0.0758748391377895,-0.110117424827042,-0.0865975937183917,-0.134328757500186,-0.158059208472588
160830003555,42.8038,13.1408,3.3,0,0.186469706456812,0.202402445027665,0.158092642226062,0.0822766478209628,0.0757194665273502
160831014148,42.806,13.1587,3.4,4,0.041824837016937,0.00850802597490116,-0.154665211252821,-0.218801396766576,-0.196814471129879
160831112601,42.8315,13.1263,3.9,4,0.168619238580126,0.107009757191997,0.0485995635660245,0.0227311728977393,0.0343556022683439
160831115231,42.853,13.2213,3.4,4,-0.00613114677133947,-0.0366949714565231,0.0273795506157651,0.0676773150928712,0.0473379874685832
160831132304,42.7507,13.2305,3.3,4,0.144912921488647,0.0896310774518342,0.0888362484507031,0.0270414958581316,0.0123093676108459
160831181252,42.8218,13.2553,3.5,4,0.175993786608917,0.278471109979555,0.218268918867533,0.166010534054342,0.156271425003768
160831200802,42.8213,13.1312,3.58,4,0.0687867173452736,0.0372764673596305,-0.0947361855386567,-0.163101124642589,-0.150167888037453
160831214252,42.776,13.168,3.57,4,-0.0563377474465769,-0.0369553028909964,-0.0828445182439248,-0.129289612549064,-0.151877175031515
160831221409,42.7408,13.2335,3.62,4,-0.0782794708594445,-0.0580452968449943,-0.111726481684176,-0.191816355243584,-0.207847473083319
160901035304,42.6207,13.3122,3.6,0,-0.0899293664189836,-0.132888641818414,-0.00689556351723719,-0.0405008288299041,-0.0638145311728738
160903013412,42.7698,13.1323,4.2,4,0.0753837581862226,0.0886436771162769,0.0570430057998192,0.0583464339505208,0.179647721834529
160903101851,42.8607,13.2173,4.3,4,0.113803450701214,0.162999672668792,0.148101833382211,0.0932413028707581,0.12538978977627
160905042220,42.8487,13.2153,3.47,4,-0.0659626937679456,-0.0539789214572971,-0.0539538770653846,-0.0733811323477314,-0.0757610119680756
160905213611,42.6502,13.3262,3.61,0,-0.0241687903682096,-0.0677794695798647,-0.105495315482272,-0.119326215254096,-0.109390530288522
160907050847,42.8002,13.2043,3.51,4,0.030235367128,0.0278180875652876,-0.112172452543507,-0.180878853015144,-0.138206887171807
160911183902,42.6817,13.28,3.42,4,-0.279757709929406,-0.178053044910045,-0.062717314149277,-0.104065542952298,-0.139712580149056
160913110420,42.5838,13.2045,3.55,0,-0.100890034167729,-0.134156069429463,-0.239311623394801,-0.277685285368357,-0.231495621976964
160915144351,42.7747,13.1303,3.62,4,-0.258763789776891,-0.177966892284433,-0.0782472397735248,0.0830254930644789,0.200514482130591
160919233425,42.6737,13.2773,3.7,4,0.037273636867506,0.0932620526150989,0.249899070617903,0.226998688841827,0.216711810866493
160921070724,42.803,13.1547,3.62,4,-0.106712739248362,-0.113971400093475,-0.06986477399814,-0.161043825285937,-0.188242337991604
160922200355,42.7563,13.1863,3.4,4,0.316640708356513,0.36346183433145,0.284069504069977,0.2354890424957,0.264038732194783
160930192228,42.896,13.2482,3.3,0,0.126105876452421,0.0558983351978702,0.020333375976728,0.0518489261286533,0.0786951794028327
160930193837,42.8948,13.2468,3.4,0,0.165759254892016,0.163989788024903,0.165424191133179,0.174745238849609,0.187045614291557
161002234707,42.7897,13.2303,3.2,0,-0.14747778937047,-0.0570170318059874,0.103135915711462,0.132075946089404,0.126650458172839
161004124135,42.8545,13.121,3.4,0,0.182551727898251,0.15540849878137,0.194488641583609,0.1494489866702,0.136090055377923
161008121903,42.7442,13.1747,3.5,4,0.106658566020768,0.121826162100404,0.0886242492192311,0.0974789996371888,0.138557845785147
161008181109,42.7383,13.1853,3.9,4,-0.00115139005307664,0.0251816984362307,-0.0156222018648183,-0.00688682861151507,0.053887728153031
161009044242,42.7403,13.1853,3.64,4,-0.236707324150863,-0.24406615870643,-0.0961869922185707,-0.0305165582051288,-0.0761904956137215
161014040920,42.6318,13.329,3.44,0,-0.00473173252821615,-0.0590333025238328,-0.191228120319642,-0.259101855094318,-0.228087896983153
161016093235,42.7477,13.1757,4,0,0.0217327105879298,0.052666614259518,0.128466081226756,0.158636581445688,0.146521732742245
161026171036,42.8802,13.1275,5.4,4,0.216748282026121,0.227253263758579,0.198697306787031,0.103628887083075,0.0169804213325919
161026183919,42.8808,13.0925,3.42,4,0.118276505872591,0.029871048076714,-0.0844692421820519,-0.137599688169007,-0.114387927331034
161026191805,42.9087,13.1288,5.9,4,-0.0207243351151346,-0.00471527687993553,0.0276237381096614,0.0243283236084209,0.0242625483376318
161026194343,42.8938,13.067,3.95,4,0.00226574626064308,-0.0138241731042374,-0.115836995274488,-0.184833211712696,-0.21071674355488
161026212451,42.8713,13.0742,3.94,4,0.0177332240603045,-0.00425229435579294,-0.0685220846348341,-0.164548247185131,-0.175412473979536
161026214201,42.8625,13.1205,4.5,4,0.080796018939932,0.090522443744725,0.139928337216344,0.0812213222642213,0.131817785017208
161026235230,42.8407,13.1632,3.5,4,-0.101170288522163,-0.0942745386870202,-0.104143763278888,-0.0180771786056528,-0.0233133172314047
161027002129,42.9957,13.1148,3.47,0,-0.171180159418639,-0.127437815844215,-0.0279634415460918,-0.030668444376205,-0.00859260318265815
161027013705,42.8427,13.1597,3.59,4,-0.04174030728449,0.00764518033013841,-0.101169273788483,-0.136254449885236,-0.14856740219843
161027031927,42.8427,13.1427,4,4,0.0585740183844631,0.0604715284918329,0.07142860848014,0.0935890403838889,0.0581745508702003
161027035024,42.9842,13.1203,4.1,4,0.179222309229355,0.181315284508661,0.158922475768332,0.276792759695718,0.19923788843139
161027082145,42.873,13.0965,4.3,4,0.0822079418239985,0.0900792838609289,0.035688275896591,-0.0308495018874213,-0.051139329992766
161027121900,43.0222,13.1257,3.47,4,-0.186508500527534,-0.158052003003072,-0.0677027357502278,0.0679566342988922,0.0701736990886469
161027172222,42.8388,13.0992,4.2,4,0.249088675527579,0.271061821512632,0.29624324601012,0.274622485734303,0.229439603479134
161027172343,42.847,13.1093,3.94,4,-0.0120906973730741,-0.0907900015430262,0.00938103589649322,-0.0366544049984125,-0.105123515270744
161027172733,43.0108,13.1197,3.45,4,-0.135470751949888,-0.0877273146762356,-0.0538748316984488,-0.0889200354178444,-0.0720415147211468
161028021319,43.0297,13.1192,3.45,4,-0.236230086898664,-0.19328587171835,-0.0503922982858283,0.00386535620174823,-0.0146064658521039
161028155659,42.7847,13.1138,3.85,4,-0.00632115454513009,-0.0448729580593912,-0.134490030279316,-0.14626970922485,-0.144029010668418
161028195631,42.8617,13.1555,3.88,4,-0.0490934538506468,-0.0431393995107883,-0.0604331845547677,-0.127891622225243,-0.156063614031278
161028231810,42.8803,13.0897,3.54,4,0.10760624691841,0.063973688839531,-0.12190568101316,-0.170701480863795,-0.13916404249296
161029084854,42.9913,13.058,3.52,0,0.207847859561523,0.119629404072279,-0.135409265843574,-0.189319840916302,-0.142003032154063
161029101625,42.8483,13.1582,3.67,4,-0.205129996466752,-0.12271531806501,-0.0509400630016255,-0.0797087698833346,-0.10148725412898
161029162433,42.8113,13.0947,4.1,4,0.237316990945327,0.224871128362038,0.101203687200463,0.0771516916849223,0.100667658225707
161030064017,42.8322,13.1107,6.5,4,-0.0890552346752792,-0.051240603509514,-0.10372136181908,-0.142139615414546,-0.162751823555331
161030064852,42.6828,13.2003,3.86,4,-0.00935592860401866,-0.0985557630125966,-0.195548942577006,-0.125956155235942,-0.0807918095057056
161030070710,42.7923,13.1503,4.23,4,0.0079039736652164,-0.0606131507530747,-0.0635879327319169,-0.105712258292233,-0.0693626447565232
161030071006,42.8028,13.1052,3.78,4,0.0389257472937737,0.0458509430981735,-0.0225574781226683,-0.0636297406068053,-0.0286962456410349
161030071253,42.7913,13.0978,4.43,4,0.0172210940302944,-0.00422593414316882,0.0159834967908987,-0.0700842003918229,-0.10734695425171
161030071305,42.6933,13.2255,4.39,4,-0.0332066236660082,-0.0301928896169796,-0.0814952343790577,-0.172205407189587,-0.179033360747082
161030072437,42.7285,13.2168,3.91,4,0.0391626363812409,-0.0172503723118358,-0.179241413263005,-0.216619350945479,-0.147854453660438
161030081051,42.8593,13.0505,3.54,4,0.050851740217306,0.0171706475962774,-0.0671082663970134,-0.150999643840688,-0.155652479029377
161030082252,42.7287,13.1367,3.91,4,-0.124115177851393,-0.0493622097228063,-0.0793486081887031,-0.166796865394112,-0.172601202225937
161030083200,42.9003,13.1557,3.66,4,-0.358538084116686,-0.401570383492438,-0.0865717949133457,0.134321363251015,0.259039847650693
161030083704,42.7405,13.261,3.6,4,-0.0498583957424013,-0.046895663256893,-0.122696159990379,-0.147697875914136,-0.0477071513991965
161030085755,42.7108,13.2188,3.52,4,0.104139791318435,-0.0179114561380688,-0.130518071880971,-0.188635636515306,-0.169766587827812
161030090445,42.6932,13.2182,3.48,4,0.0710742728297302,-0.0316591311190817,-0.215702660012754,-0.249624102285886,-0.20681768412876
161030101926,42.8113,13.1418,3.7,4,0.318127068455135,0.35450392921048,0.309357883370358,0.230280576883569,0.19706667652514
161030102624,42.8378,13.0747,3.6,4,0.0430760145717595,-0.0590517465627757,-0.0742780502214884,-0.0793742850645885,-0.100757173376023
161030105037,42.7838,13.085,3.88,4,-0.0689534720748999,-0.0779333565904788,-0.151618026484728,-0.134776595484597,-0.170370106114909
161030110049,42.8152,13.0897,3.49,0,0.0162243302988962,-0.0134494578547047,-0.0733344537443353,-0.050738888955732,-0.0778326015007211
161030110554,42.9322,13.1887,3.56,4,-0.233185093817868,-0.189519012102908,-0.0747269249940567,0.024089899524037,0.0881030019713726
161030111420,42.806,13.1922,3.61,4,-0.0235702272345486,-0.0563027075155159,-0.0522600870475878,-0.0816177713109918,-0.125554471509038
161030112021,42.8068,13.1852,3.66,4,0.00847594376851908,-0.0251443050421547,-0.113551044703981,-0.130727731803179,-0.167872376397279
161030112108,43.0623,13.0662,4,4,0.226594585928342,0.252012334385452,0.182160745265841,0.111030189315484,0.0984644774296684
161030113905,42.8472,13.1627,3.44,4,0.00438269332563803,-0.0194290435049259,-0.0781467187089812,-0.0536172633951357,-0.00353567650974905
161030115817,42.8448,13.0565,4,4,0.152421415462569,0.136397853154086,0.0838943862254301,0.0602648074924184,0.0856043214822043
161030120700,42.8418,13.0757,4.5,4,0.102510086034863,0.0828351654230023,0.0299177966196539,-0.0225618855314003,-0.0820733859113567
161030122617,42.9392,13.1832,3.61,4,-0.243726068343246,-0.262359423828452,-0.11403107858993,0.0513367360897769,0.206096267368119
161030123219,42.8468,13.1438,3.56,4,0.0262798238421464,0.0614323312218286,-0.0202023023865233,-0.0853512634720056,-0.118120332371496
161030131416,42.764,13.0615,3.59,4,0.0719243653022018,0.061388047707691,-0.112463881426808,-0.205633478972455,-0.190221558548058
161030133454,42.8063,13.1658,4.1,4,0.191579744680579,0.191482899274258,0.262295763709864,0.263854522205063,0.221170532013394
161030140318,42.9387,13.2112,3.74,4,-0.281437635618776,-0.215752259359242,-0.17671788498979,-0.0455428337482242,0.098582147066742
161030141439,42.7818,13.0788,4.01,4,0.0148083747400459,0.0490537774769336,-0.0951617427069477,-0.108805232464034,NaN
161030142444,42.7628,13.0655,3.4,4,0.154766298116661,0.122771075481457,0.123381982340776,0.0507504719528347,0.0624273007674544
161030144522,42.9005,13.1638,3.72,4,-0.181471644229659,-0.117299274090606,-0.062735782529284,-0.0445782217959013,0.0591215760881428
161030160630,42.8592,13.0862,3.66,4,-0.150356965142222,-0.145038351122427,-0.0573680354815831,-0.0611865002439973,-0.102538375680264
161030160721,43.0605,13.064,3.69,4,-0.0686813553512437,-0.109085423410117,-0.0303701050591139,-0.0266885477616366,-0.0849887423405309
161030173209,42.8885,13.1592,3.43,4,-0.183396444541344,-0.173363006807975,-0.0356723412075814,0.00743510339093384,0.0376652507096844
161030174913,42.9127,13.1333,3.57,4,0.0677588504860564,-0.059347339407055,-0.118319827948116,-0.118897997986704,-0.0882638027347799
161030182109,42.7823,13.1503,4,4,-0.31217705071117,-0.303998501008293,-0.0154783768667538,0.115245833098093,0.181646297609126
161030183929,42.8163,13.0927,3.47,4,-0.0392139122167601,-0.0844180288209326,-0.0686132837537746,-0.0836393153403275,-0.125309751635548
161030221943,42.9118,13.158,3.41,4,-0.244766587998022,-0.217930169152022,-0.121764062295707,0.0317139047941649,0.0790675464962463
161030224703,42.8072,13.1942,3.5,4,-0.0566015226407776,-0.0887553735722705,-0.12466882113672,-0.127871019057035,-0.152780958986799
161030230531,42.9142,13.2002,3.62,4,-0.128281065636042,-0.0993233801700534,-0.0282478544915065,-0.00748975430423097,0.0469300477218599
161030235229,42.7798,13.1168,3.54,4,0.0387381770363708,-0.022674300883128,-0.159085425364047,-0.140435813529671,-0.140442752866813
161030235619,42.8277,13.0917,3.97,4,0.025152773767692,0.0249939267998234,-0.123885728474187,-0.091132175047867,-0.0998625837845145
161031001110,42.7815,13.1033,3.47,0,-0.0100662029036666,-0.0168856992620482,-0.12522651215298,-0.193059366502824,-0.180041869879903
161031003030,42.7462,13.1275,3.53,0,-0.00361295457226664,-0.0203125031905272,-0.148794994351104,-0.191759039971016,-0.159005112451165
161031024941,43.0672,13.0597,3.53,4,0.0292803641721663,-0.0683053595216336,-0.0501281058120038,-0.0400382929818047,-0.0385270121931153
161031025914,42.6193,13.3025,3.48,4,-0.018570660502991,-0.00730391003061963,-0.0830366989689674,-0.0916643112329135,-0.0890201050981021
161031032740,42.7612,13.0858,4,4,0.304604567649294,0.354233652117125,0.338217294361003,0.283394735978051,0.268326935302324
161031033237,42.9445,13.1907,3.64,4,-0.395246805117257,-0.372292203846564,-0.183846133414143,0.136171367902665,0.282032252247401
161031042218,42.8418,13.0567,3.41,4,-0.015568112384852,-0.0188988745816005,-0.0925341117150302,-0.0864751414462341,-0.0693738459989985
161031061719,42.7657,13.2093,3.81,4,-0.166825795262559,-0.139524597001693,-0.0597271834214088,-0.0260410314148897,-0.0737191997992181
161031070544,42.8388,13.1263,4,4,0.258732100587388,0.278565783122365,0.205188578652034,0.157323368671359,0.156696591463248
161031083733,43.0252,13.0812,3.54,4,-0.0253151490933802,-0.0198576434326473,-0.0192461133594949,-0.0609238375318722,-0.0882398688655635
161031093417,42.819,13.1563,3.78,4,-0.000851115453413259,0.0388404611747981,-0.0895864869415327,-0.158203338197164,-0.142842363669022
161101063605,43.0053,13.1343,3.53,4,-0.130920606767952,-0.158526180043877,-0.0547048348679464,-0.00338567756961974,0.0521912133846638
161101075639,42.9842,13.1362,4.89,4,-0.0572534488865068,-0.0789495431195921,-0.0997019815456059,-0.178194602121287,-0.216565509384385
161101151343,42.9045,13.1695,3.59,4,-0.278832008957047,-0.179646800181261,-0.0546111741332801,-0.0272910604090085,0.0252206864838084
161101175913,42.804,13.1312,3.49,4,0.0257235993247201,-0.0353551716910292,-0.110487594852044,-0.120314693826487,-0.148542567709314
161101184750,42.7288,13.2203,3.49,0,0.0287557865040511,0.0614726433331501,-0.112731444304442,-0.143901218850131,-0.116472263170555
161101190320,42.7968,13.04,3.85,4,-0.036159294690796,-0.0319112109524098,-0.0921692872844573,-0.151169186691465,-0.174726158478863
161102060848,43.0333,13.0513,3.41,4,0.129286477535421,0.0874906147803118,-0.0635651108472481,-0.115494419952288,-0.0896646403723398
161102064113,42.79,13.1668,3.53,4,-0.0299786473428219,0.00928889972021307,-0.119781901873797,-0.211094973835566,-0.222441619825863
161102193749,42.8767,13.0605,3.7,4,-0.228024726578223,-0.153402883845861,0.0480493076185225,0.314736117172675,0.335555309095642
161103003501,43.0277,13.0493,4.7,0,0.215134104855346,0.205683455202742,0.171663061442358,0.0952994834526769,0.116604232247109
161103073907,42.8338,13.121,3.4,4,0.0125628614077555,-0.0287896581686545,-0.0915621721824001,-0.106084240997582,-0.096115278540665
161103115917,42.908,13.2137,3.45,4,-0.193636139507385,-0.188736144439709,0.0114296024056994,0.0391413511208407,0.0553727717266304
161103131045,42.6875,13.1698,3.91,0,-0.0372573001722473,-0.0742831068866571,-0.149394622452858,-0.244901021576754,-0.176751827844301
161103144129,42.9937,13.0745,3.45,4,0.0762220344994591,0.0407185830154161,-0.0743658356113247,-0.077373663522114,-0.0971874065410303
161104234521,42.7902,13.1348,3.5,4,0.0244955972359649,-0.0108203962589369,-0.0992071390696376,-0.128564905770242,-0.102881465711747
161105110524,42.9365,13.2117,3.76,4,-0.361738018268168,-0.26188839230308,-0.0594132276758417,0.176467556007471,0.127466986491853
161105110545,42.9355,13.2107,3.6,4,-0.233888798117411,-0.126231181246331,0.0979673310634305,0.345334842988279,0.279846162834201
161105175251,42.7502,13.1925,3.45,4,-0.359740788369315,-0.257505830660771,-0.0540587396339926,0.00678301480403182,0.0241259158653687
161105191158,42.9562,13.2042,3.41,4,-0.307468009168441,-0.221197662407912,-0.0612790873292769,0.0816096765095278,0.0957630397601299
161105212911,42.7257,13.1905,3.46,4,-0.203289237733391,-0.134003730957861,-0.0445593351482837,-0.0399998807191942,-0.0570365404960747
161106031931,43.0622,13.0602,3.76,0,0.0637738984699792,0.0237328667334892,-0.0582939733814246,-0.0871379107614819,-0.0963898496274105
161106181519,42.7985,13.1733,3.54,4,0.00828664578354855,-0.0230659344135975,-0.0970202986001162,-0.132515602338991,-0.135337826155993
161107185617,42.8882,13.1475,3.8,0,0.268261293905591,0.269264950234791,0.142212380741973,0.111243682102419,0.121693953578431
161109061310,42.6628,13.1912,3.82,0,-0.0274832458568731,-0.108949407354434,-0.158950492313306,-0.177117010196424,-0.189055295460142
161109062955,42.7193,13.1727,3.56,0,-0.0843989692888747,-0.0890002782174732,-0.101852983123651,-0.148114081065837,-0.131227845463545
161110135059,42.8832,13.1307,3.55,4,-0.0840046910756979,-0.0849136315512265,-0.0824541411665074,0.00101542379106056,0.00154680077687298
161112123411,42.9963,13.1403,3.91,5,-0.139248211694743,-0.0770265488035777,-0.108040689058571,-0.105015380708696,-0.0401262812256834
161112125918,42.9972,13.1378,3.7,5,-0.151779090948245,-0.132344728191753,-0.0225557465914935,-0.069371142777044,-0.0516733330893868
161112144333,42.7187,13.2057,4.1,0,0.016474477047535,0.0365048069102508,0.0371074306998057,0.0670074628761784,0.0493647722581918
161112223223,42.7948,13.1322,3.5,4,0.245303148949658,0.247149669228876,0.190975880046123,0.113666687878894,0.1134503515461
161114013343,42.8587,13.1562,4.15,4,-0.0543701461198262,-0.0576728795774822,-0.118760793827933,-0.211172428123252,-0.20302696568415
161114194952,42.9453,13.1527,3.93,0,-0.0436750321061793,-0.089171796340875,-0.146577779079673,-0.151951274734528,-0.180487509941906
161116115222,42.8025,13.1235,3.8,4,0.12135543885195,0.103964882906235,0.0529235062283129,0.0995710522142787,0.0688169372476826
161117231651,42.7678,13.198,3.58,0,0.0545924899356932,-0.0418635159999482,-0.119427848019948,-0.176023237906541,-0.16908519390717
161123000242,42.8308,13.1173,3.62,0,0.0204825491077837,-0.0464982054690189,-0.0561331326442988,-0.0997831521089575,-0.100106709066334
161123211117,42.7137,13.2708,3.53,0,0.0243609447437623,-0.0958632564579833,-0.185820704842506,-0.254361121016361,-0.21321619663251
161127190919,43.0125,13.0788,3.5,5,0.078404134307022,0.0858228060503674,-0.0360484998049958,-0.0768209484989234,-0.0286658894332804
161127193428,43.012,13.0738,3.68,5,0.118585013128979,0.0675885651162785,-0.0600892225122882,-0.123150627425734,-0.0966968052877623
161127214114,43.0128,13.0668,3.9,5,-0.000126236245572434,-0.011111055123599,-0.0281155048955613,0.0240193974289042,-0.01412668698725
161128162142,43.0193,13.0727,3.51,5,0.0911321808188617,-0.00953099048552439,-0.0230852971413582,-0.0619659944462639,-0.087796420474181
161129015259,42.8142,12.7762,3.49,0,0.0414332349408217,0.0345712119215383,-0.0394308776203625,-0.0938130079897561,-0.0902458594678265
161129033534,42.7613,13.2408,3.62,0,0.0630755469221672,-0.0721719743167962,-0.128676135384405,-0.172375641134926,-0.152979930901434
161129161402,42.5293,13.2803,4.4,0,0.00919349379166907,-0.00624678521475464,-0.0634642951929414,-0.116541826320958,-0.11778547378968
161201113053,43.0017,13.0777,3.9,5,0.0547379583154394,0.0427279446446363,0.0300133081959733,0.0412823715973753,0.0476416423588491
161203024238,42.9898,13.0793,3.87,5,-0.0398865483739977,-0.0210943828499029,-0.0764461987372821,-0.0965168928152085,-0.0810740725367339
161204202220,43.0415,13.0985,3.55,5,-0.0776829708230909,-0.0186156473348109,0.00112848717065722,-0.0223035037245601,-0.0787642186496063
161208212135,42.7315,13.5368,3.83,0,-0.142203370002349,-0.169217795017508,-0.12437656099442,-0.218609699784847,-0.220030160070609
161209071429,43.0167,13.0732,3.45,5,0.00135673457914228,0.0198083447534163,-0.0588809832182824,-0.0213616286460764,-0.0427346551875164
161211125452,42.9048,13.1175,4.47,0,-0.186006089848273,-0.154600846154841,-0.0844519770698365,-0.0962381569169449,-0.0889467773358438
161212170941,42.7407,13.0397,3.51,0,-0.00157434538255909,-0.0333276121854372,-0.118671135000672,-0.10081116736243,-0.0871685821795013
161213214759,42.9863,13.0788,3.58,5,0.0826771424538038,0.116765414227965,-0.0469891979513375,-0.145873453948978,-0.139730455255164
161214035400,42.6413,13.3227,4,0,-0.269134874446082,-0.173936492835747,-0.0606780700360341,-0.0483219984377173,-0.0986944334290936
161214134032,43.018,13.0702,3.69,5,0.0649371722015556,0.0556110743573614,-0.0741401281876378,-0.142480125140161,-0.150681617333066
161226195644,42.929,13.2037,3.48,0,-0.214394366764055,-0.144826316666327,-0.0069838052018238,-0.00914527003444478,0.00642659347885979
170102033613,42.8037,12.7528,3.9,0,-0.0693284263029342,-0.0392596583692331,0.153431013292427,0.220511776053702,0.187321066538162
170108234849,42.418,13.2767,3.44,0,-0.0852937976892253,-0.08537940149448,-0.153681682745049,-0.0497002777227261,-0.0322563289191292
170118092540,42.545,13.2768,5.1,4,0.162566739080244,0.170168740202637,0.137449254514722,0.117280125054042,0.112864670681242
170118101409,42.531,13.2838,5.5,4,0.0187660933310323,0.0405885783882918,0.00323216970730351,-0.027748853868312,-0.0338294940964926
170118101639,42.5375,13.2677,4.49,4,0.0857707849587553,0.0933689831102274,0.0075046024414812,-0.01145707974759,0.0783205066388773
170118102523,42.5033,13.277,5.4,4,0.0417160537349282,0.045431909248937,-0.034582044411827,-0.0828569700269204,-0.0974843348346551
170118103746,42.507,13.2653,3.85,4,-0.000439805988182113,-0.0467727324759374,-0.100947659351455,-0.105109823421083,-0.114258591619324
170118104142,42.4818,13.2772,3.8,4,0.0151504898815613,-0.0320585832544893,-0.0682643634876217,-0.106081753106505,-0.134749040023097
170118105116,42.488,13.2747,3.46,4,0.0100953193764427,0.0644741463883093,0.0200172266482654,-0.0363480547755708,0.0269063616545342
170118110053,42.5072,13.3423,3.51,0,-0.0450779461877296,-0.0470983490902379,-0.0493021647822234,-0.111248311201892,-0.100503985561596
170118110701,42.5233,13.2742,4.54,4,-0.102791452529345,-0.147052906256568,-0.203991660721797,-0.281570240328557,-0.307314966128862
170118110737,42.6197,13.2557,4.1,4,0.255351709847388,0.206384267071604,0.202522905031805,0.156550606940064,0.134031447542651
170118120117,42.5357,13.2717,4.06,4,-0.104282833434293,-0.125039940963176,-0.113185328975507,-0.0920568863838623,-0.122694870594702
170118120139,42.5437,13.2917,3.9,4,0.0430559706964477,-0.00529263281680601,0.0192962710183144,0.0451008571556839,0.0297160725097376
170118123049,42.5047,13.2722,3.45,4,0.00554463727698484,-0.0375013194389581,-0.110980805293262,-0.108420154589145,-0.107415179384375
170118131952,42.4853,13.2733,3.7,4,0.14137897661618,0.115846261237752,0.154844531175289,0.132216215395308,0.131635010331478
170118133336,42.4733,13.2747,5,4,0.12835978106998,0.153979562816511,0.143537071886047,0.0633957882483526,0.0839040433587842
170118140109,42.6097,13.3095,3.93,4,-0.210551447469744,-0.245189150652643,-0.103469243879752,-0.0492472899157233,-0.0920296286557694
170118143749,42.4967,13.3692,3.66,4,-0.0203802164139118,-0.0166625727322678,-0.0872867669701355,-0.152104717106609,-0.125563885237279
170118145226,42.5268,13.2682,3.45,4,-0.0106760107271106,-0.00438289718587188,0.018244930106819,0.00312772902435097,-0.00414833359070156
170118151138,42.4888,13.3013,3.66,4,-0.0969054272488037,-0.129673724978412,-0.157879056661495,-0.163559026820909,-0.160921156806777
170118151610,42.5998,13.2878,4.3,4,-0.0832627954497959,-0.0775774050704157,-0.0752665642044281,0.0410393778753047,0.0388797989192524
170118164517,42.4693,13.3102,3.6,4,0.155014202928384,0.153122095070734,0.0798667562714791,0.0433948516117203,0.0864702515719473
170118170902,42.5955,13.2507,3.89,4,-0.000633580291800549,0.0215002593010055,-0.132316285244079,-0.241867976723832,-0.214199416435346
170118172744,42.5737,13.3392,3.42,4,-0.0649903255227323,0.0321824842293392,-0.0210344174979016,-0.063847020200975,-0.0642385330692217
170118193231,42.5808,13.2327,4.2,4,0.192251681323526,0.155181317425407,0.0844049114594548,0.00281759452260387,0.00655126947455218
170119012843,42.5535,13.2557,3.4,4,0.163268135121971,0.0174223645215873,0.014227736719602,0.0331491292669545,0.058403185520807
170119015307,42.597,13.3053,3.55,4,-0.136928657235397,-0.123090993101425,-0.0787606119198494,-0.0505436734128969,-0.0549312121401225
170119102550,42.5932,13.2957,3.3,4,-0.0604222700535182,-0.0837923088184338,0.0671008501121679,0.0951361505278482,0.0546242286497651
170119144200,42.5927,13.3043,3.47,4,0.0754116843801166,0.0349690509209092,-0.142287398477652,-0.220492003682495,-0.137655285052387
170121093556,42.7127,13.2078,3.7,0,0.0356626198790288,0.0936042925634077,0.180312173420635,0.195160527590769,0.152140999986224
170121105928,42.4623,13.2807,3.58,0,-0.0799195266225221,-0.128990050405299,-0.181266488678627,-0.178451665763957,-0.157558820578815
170122003943,42.4708,13.254,3.56,0,-0.0669148301300133,-0.116649301476783,-0.171936710607482,-0.203016447969926,-0.186239979683748
170127142015,42.5523,13.3392,3.4,0,0.0271872632265663,-0.0288081090316755,-0.116468253127492,-0.0740290897039268,-0.0479574410605039
170128161440,42.6237,13.3112,3.4,0,-0.00407773767825851,-0.0593448291897009,-0.0268507330038973,0.0162698323224024,0.0102144826562352
170129051054,42.6162,13.2995,3.9,0,-0.140716036045153,-0.0564483372243063,-0.150098520620437,-0.0737564726206144,-0.0409725762483637
170203034755,42.9932,13.0203,4,5,-0.0992948684042592,-0.0523949685152298,-0.0759959060035709,0.0476207118150101,0.0844207888300395
170203041005,42.992,13.0173,4.2,5,-0.0734924286260747,-0.0693085362039269,0.00826146641431621,0.202367081105629,0.276863742173261
170203054034,42.9993,13.0242,3.8,5,-0.0284711581270592,-0.00464457720230707,-0.0217314127726885,0.0103783189825585,0.106899882301567
170203233743,42.6125,13.3007,3.5,0,0.219735098279124,0.237428030505138,0.118974369972523,0.070173846696093,0.105244296462905
170204034158,42.9803,13.0362,3.5,5,-0.0274959048442576,0.0195181950900188,0.0713071165980294,0.105615399493945,0.123241999408626
170206233856,42.9765,13.0328,3.6,5,-0.0899383712877192,-0.0427701518382411,0.0558975759607941,0.0711025412429343,0.0720923404793219
170209095827,42.6643,12.6807,3.7,0,-0.135083430203687,-0.13638752996289,0.0672808314297261,0.313705824708666,0.247057013412831
170209141441,42.6768,12.6993,3.4,0,-0.303012229010209,-0.296580720862564,0.0718929292355446,0.319075966504274,0.182510691080958
170212135521,43.0078,13.0363,3.53,5,-0.0247478267142377,0.0337732555002596,-0.0104785088465881,-0.0152649568670258,0.0313198007774775
170214082804,42.6892,13.216,3.6,0,0.256474076032231,0.230262640497813,0.129882286462966,0.120972521488995,0.132845670107783
170220031330,42.5013,13.2578,3.9,0,-0.128376093327374,-0.0736340696112872,0.101468250638603,0.151958044035102,0.119890522868463
170222043016,42.6078,13.2253,3.46,0,-0.0386205301491248,-0.0763065806323053,-0.145348923147096,-0.158943762967139,-0.148903703372067
170223031731,42.6022,13.2308,3.5,0,0.143841567971176,0.112609589345436,0.00312214675345288,-0.000450954274576493,0.0271136658082928
170305051450,43.0872,14.2302,3.49,0,-0.0409130130688091,-0.0415220059672564,-0.0600162400383509,-0.113452288756641,-0.112569491243574
170314155713,42.9162,13.1503,3.51,0,-0.196954778978328,-0.236971626180155,-0.0524546088956359,-0.03644398736527,0.0194097678843237
170320050241,42.5707,13.344,3.5,0,-0.0221825436974373,-0.0124305981081994,0.103347777015096,0.164676930966027,0.137429171241521
170409015227,42.4718,13.2697,3.7,0,-0.0989419012501989,-0.112882873849679,-0.110520830752373,-0.147368997423359,-0.137553943178074
170411143523,43.0095,13.1245,3.65,5,-0.209813479566599,-0.1610818222864,-0.109946595943281,0.0115582874493283,0.0685348776606249
170411170456,43.0155,13.1178,3.59,5,-0.249766113283604,-0.20132457077789,-0.0609763748336119,0.0864557432912398,0.131274078727256
170411172521,43.0237,13.1263,3.4,5,-0.330208110631149,-0.251562262020578,-0.0267856343893868,0.144287211576925,0.161741004302168
170423053858,42.5647,13.3278,3.4,0,-0.13068892485002,-0.0805759513009283,-0.0865291636630267,-0.00192309482740342,-0.00425727812779652
170424021908,42.4582,13.3263,3.49,0,-0.0985355524214906,-0.125967357058648,-0.107193520659999,-0.108117742810316,-0.135088002022762
170427211658,42.9572,13.0458,4,5,-0.238524077113041,-0.244963647633861,-0.146999678252763,0.0835824707020549,0.163266034184532
170427211942,42.952,13.0467,4,5,-0.241182249141187,-0.15093421467237,-0.00283214110411793,0.0761278596200797,0.104080709144705
170428014236,42.4567,13.3255,3.41,0,-0.140295014387935,-0.114656648424894,-0.116138469104704,-0.143468706767524,-0.144124754592185
170519044653,42.7743,13.2158,3.46,0,0.028084928280775,0.0171985685895755,-0.0644944194271935,-0.14151663344413,-0.131888165583265
170602002146,42.8003,13.2297,3.4,0,0.284449606436053,0.190205157308074,0.190728755259872,0.158752886538392,0.177343762220392
170609121544,42.4527,13.3487,3.8,0,0.145599962069585,0.16239062720566,0.188434089949654,0.212163761050014,0.19514130292541
170624083004,42.8878,13.1242,3.57,0,-0.0742589119765877,-0.0766482223785956,-0.0319991644327474,-0.0344713458087934,-0.0631994447569741
170629214121,42.6347,13.2107,3.5,0,-0.0122448227515911,-0.0991589278745366,-0.144741775333982,-0.121160622581966,-0.103637433196621
170630002517,42.6312,13.2142,3.8,0,0.0753905501911071,0.0447191701396908,0.0610187971060735,0.0769807354494249,0.0716043603348353
170701191726,42.6497,13.3152,3.6,0,-0.0357393583624701,0.071701140345225,0.120573940861934,0.155326357089355,0.102903316657778
170708051739,42.9958,13.0028,3.49,0,-0.25463154204843,-0.224774378585174,-0.104178024130929,-0.0122419478403258,-0.00436546088645889
170722021307,42.5707,13.3393,4,0,0.339554530068574,0.244873754530791,0.250254208487671,0.227550477791731,0.20304519471475
170825153219,43.1022,13.1897,3.53,0,0.0520361982443001,0.0734002283388372,-0.0554208472036267,-0.0851327940903981,-0.0551482077439334
170904185402,42.5467,13.3303,3.3,0,-0.0191076198874572,-0.0624395481827198,0.0197297470169711,0.0398310179579637,0.0342633183224495
170905043421,42.5435,13.3328,3.7,0,0.185874087109496,0.158001227680214,0.196195203418812,0.232632571483503,0.221051365775483
170910195809,42.0843,13.3242,3.7,0,-0.0411854339142763,-0.0533321290154055,0.28937880610223,0.392029225908181,0.345470152965847
171020161637,42.8058,13.1292,3.3,0,0.163920022781971,0.114473485023671,0.0279107919393269,0.0379995687583364,0.0501756186642042
171102180414,42.6548,13.1377,3.5,0,-0.355416279770514,-0.377867209865958,0.0910371752755213,0.398158013980997,0.310122136752932
171203233411,42.6342,13.3295,4,0,-0.0983551792945312,-0.0446744961740674,0.163998048858096,0.326202155533643,0.341980379008
180111034802,42.6412,13.29,3.4,0,0.125359241199881,0.159740708864662,0.198475394848979,0.192733676438949,0.20223599277425
180204124533,42.6538,13.2992,3.2,0,0.284841796386085,0.284276659511775,0.175913102834776,0.152502382403182,0.204910239219412
180308224846,43.065,13.0377,3.5,0,-0.0327968103202387,-0.0773229124239677,-0.0294056849125683,-0.0288585860900221,-0.0338060834820488
180308233218,43.0653,13.0367,3.3,0,0.122601960702585,0.0489866718443146,-0.0250393727373259,0.00903603128880101,0.018846496668093
180326224307,43.0465,12.8827,3.2,0,0.238771550097341,0.269337066738097,0.188268322607725,0.159234515042812,0.196698567380643
180404021945,43.0598,13.0312,4,0,0.0200329514148073,0.010708042124083,-0.0672832000914478,-0.0527743734601982,-0.0343214941209839
180404184128,43.0657,13.0298,3.6,0,0.2889822389062,0.246236226660514,0.229888308641472,0.230677852117736,0.223890945992309
180410031130,43.0687,13.0365,4.6,5,0.118818940584912,0.0900545402429627,0.0860239542172806,0.0855602229705346,0.10272617553868
180410040336,43.0625,13.0455,3.43,5,0.0764875424283416,0.0758486265783289,-0.0134991244852106,-0.0784823006797056,-0.0669379992080508
180410044940,42.2738,13.4408,3.5,0,-0.13521690619105,-0.123590046634941,-0.12807127104229,-0.148337847438412,-0.127660254422334
180411044152,43.134,10.8168,3.6,0,0.0296398949065675,-0.0772743494343139,-0.0595486943429851,-0.102764728430058,-0.0499221437080859
180412132403,43.0638,13.0388,3.4,0,0.126493201673404,0.0332282222664463,0.0328801275382826,0.040795563724178,0.0489138777225203
180425010816,43.0612,13.0378,3.4,0,0.163935264371592,0.10157098146219,0.0810317762950797,0.128307513319944,0.122040227949566
180521084926,43.0822,13.0158,3.9,0,-0.00593297556371439,-0.0674976523349557,-0.161805087243577,-0.131634366550126,-0.0275311833764687
180521123835,42.6182,13.3148,3.54,0,0.054321343911753,-0.0477138224654294,-0.119160170529184,-0.187474356642184,-0.150770498122898
180814214831,41.8532,14.8358,4.6,0,0.169657123750218,0.137109777206226,0.191277115792497,0.1305067070989,0.0607003404875839
180816181904,41.8777,14.875,5.1,6,0.129299744490022,0.0832172217838323,0.141547256999671,0.0840679651184887,0.107283039374854
180816192838,41.8548,14.8237,3.57,6,0.0897462579901621,0.121160010566181,0.0174112968471058,-0.117185591887277,-0.135258173738519
180816202234,41.8833,14.876,4.4,6,0.0934293959147214,0.077610940133073,0.0777462861396278,0.0936689775953498,0.0814817862403575
180818143011,43.3253,12.6805,3.4,0,0.116064857519995,0.0856372860814552,-0.0304953155707073,0.00679017179354458,0.0101152704157317
181106185017,42.2727,12.8383,3.59,0,0.104485640431604,0.0560449098533316,-0.0901490124131378,-0.182189462069617,-0.139745560938378
190101183746,41.8777,13.5488,4.1,0,0.106004610039596,0.148295052713821,0.183319827553446,0.175403742446925,0.132277134217428
