rup_mag,rup_rake,dist_rhypo,site_vs30,result_type,damping,0.05,0.1,0.15,0.2,0.25,0.3,0.35,0.4,0.45,0.5,0.55,0.6,0.65,0.7,0.75,0.8,0.85,0.9,0.95,1,1.05,1.1,1.15,1.2,1.25,1.3,1.35,1.4,1.45,1.5,1.55,1.6,1.65,1.7,1.75,1.8,1.85,1.9,1.95,2,2.05,2.1,2.15,2.2,2.25,2.3,2.35,2.4,2.45,2.5,2.55,2.6,2.65,2.7,2.75,2.8,2.85,2.9,2.95,3,3.05,3.1,3.15,3.2,3.25,pga
5,0,15,700.00,MEAN,5,0.047430662,0.090221406,0.086568545,0.07009041,0.058717541,0.051182946,0.044445746,0.037452156,0.033291469,0.029550039,0.026323979,0.023607783,0.021498315,0.019437574,0.017419925,0.016024304,0.014705665,0.013585461,0.012509295,0.011439707,0.010301587,0.009171009,0.008136051,0.007282212,0.0064898,0.005777903,0.005191675,0.00471096,0.004266673,0.003846664,0.003476995,0.00315154,0.002868774,0.002624506,0.002399558,0.002190729,0.00200108,0.001825389,0.001662603,0.001500223,0.00144562,0.001387449,0.001330962,0.001274614,0.001226714,0.001177876,0.001131231,0.001092385,0.001049255,0.001007334,0.000971769,0.000938088,0.000900649,0.000865565,0.000833011,0.000804129,0.000776469,0.000748379,0.000721447,0.000696597,0.000671958,0.000649173,0.000630303,0.000613734,0.00059736,0.033969904
5,0,30,700.00,MEAN,5,0.014465939,0.027497296,0.028533623,0.024511131,0.021089743,0.018593047,0.016238579,0.014012834,0.012551872,0.011279398,0.010090499,0.00914435,0.008341586,0.00756776,0.00678057,0.006238286,0.005692767,0.005235915,0.004832195,0.004428377,0.003997879,0.003558306,0.003149229,0.002825775,0.002529749,0.002258705,0.002027371,0.001834353,0.00165771,0.001491721,0.001345163,0.001218636,0.00110995,0.001016145,0.000928863,0.000847474,0.000773809,0.000705601,0.000642574,0.000580689,0.000560124,0.000537861,0.000516704,0.000495855,0.000479137,0.000462215,0.000446182,0.000432977,0.000418113,0.000403601,0.000390991,0.000379023,0.0003654,0.000352456,0.000340316,0.000329326,0.000318868,0.000308506,0.000298594,0.000289498,0.000280486,0.000271849,0.000264632,0.000258355,0.000252117,0.011346577
5,0,60,700.00,MEAN,5,0.004411986,0.008380509,0.00940489,0.008571723,0.007574862,0.00675423,0.005932883,0.005242943,0.004732428,0.004305403,0.003867887,0.003542016,0.003236628,0.002946406,0.002639284,0.002428575,0.002203749,0.002017952,0.00186662,0.001714251,0.001551512,0.001380605,0.001218975,0.001096508,0.000986106,0.000882976,0.000791697,0.00071426,0.000644062,0.000578484,0.00052041,0.000471221,0.000429448,0.000393426,0.000359561,0.000327842,0.000299228,0.000272749,0.000248346,0.000224766,0.000217027,0.000208508,0.000200594,0.000192899,0.000187144,0.00018138,0.000175984,0.000171614,0.000166612,0.000161708,0.000157315,0.000153139,0.000148245,0.000143519,0.000139032,0.000134874,0.000130947,0.000127176,0.000123582,0.000120312,0.00011708,0.00011384,0.000111105,0.000108756,0.000106406,0.003789967
5,0,90,700.00,MEAN,5,0.002202732,0.00418233,0.004913601,0.004636097,0.004161443,0.003735288,0.003292093,0.00295002,0.002674728,0.002450983,0.002207357,0.002033776,0.001860296,0.001696869,0.001519778,0.00139857,0.001264921,0.001155283,0.001070076,0.000983944,0.00089185,0.000793502,0.000699629,0.000630259,0.000568308,0.000509726,0.000456747,0.000411377,0.00037047,0.000332383,0.0002986,0.000270297,0.00024642,0.000225842,0.000206378,0.0001881,0.000171644,0.00015642,0.000142412,0.000129004,0.000124636,0.00011978,0.00011533,0.000111041,0.00010798,0.000104941,0.000102123,9.99E-05,9.73E-05,9.47E-05,9.24E-05,9.01E-05,8.75E-05,8.49E-05,8.24E-05,8.00E-05,7.78E-05,7.57E-05,7.38E-05,7.20E-05,7.02E-05,6.84E-05,6.69E-05,6.56E-05,6.42E-05,0.001995534
5,0,120,700.00,MEAN,5,0.001345617,0.002554176,0.00309992,0.002997594,0.002720684,0.002453585,0.002167622,0.001961663,0.001784266,0.001643394,0.001482637,0.001371981,0.001255848,0.001147144,0.001027321,0.000945448,0.000853102,0.00077773,0.000721054,0.000663597,0.000602117,0.000535668,0.00047183,0.000425487,0.000384388,0.000345174,0.000309161,0.000278118,0.000250234,0.000224334,0.000201334,0.000182212,0.000166156,0.000152325,0.000139185,0.000126824,0.00011571,0.00010543,9.60E-05,8.70E-05,8.41E-05,8.08E-05,7.79E-05,7.50E-05,7.31E-05,7.12E-05,6.94E-05,6.80E-05,6.64E-05,6.48E-05,6.33E-05,6.19E-05,6.01E-05,5.84E-05,5.68E-05,5.52E-05,5.38E-05,5.24E-05,5.11E-05,5.00E-05,4.89E-05,4.77E-05,4.66E-05,4.58E-05,4.49E-05,0.001265919
5,0,150,700.00,MEAN,5,0.000918119,0.001742327,0.002168603,0.002137365,0.001956671,0.001771027,0.00156751,0.001429476,0.001303416,0.00120528,0.001088859,0.001010986,0.000925922,0.000846705,0.000758204,0.000697813,0.000628514,0.000572169,0.000530863,0.000488894,0.00044396,0.000394936,0.000347603,0.000313714,0.000283825,0.000255106,0.000228411,0.000205286,0.000184574,0.000165369,0.000148301,0.000134194,0.000122393,0.00011223,0.000102542,9.34E-05,8.52E-05,7.76E-05,7.07E-05,6.41E-05,6.20E-05,5.96E-05,5.74E-05,5.54E-05,5.40E-05,5.27E-05,5.14E-05,5.05E-05,4.94E-05,4.83E-05,4.72E-05,4.62E-05,4.50E-05,4.38E-05,4.26E-05,4.14E-05,4.04E-05,3.94E-05,3.85E-05,3.77E-05,3.69E-05,3.60E-05,3.53E-05,3.47E-05,3.40E-05,0.000889394
5,0,200,700.00,MEAN,5,0.000560866,0.00106405,0.001368141,0.001381971,0.00127924,0.001163328,0.0010321,0.000950553,0.000869487,0.000808145,0.000731364,0.000682009,0.000625071,0.000572403,0.000512522,0.000471729,0.000423889,0.000385181,0.000357714,0.000329723,0.000299732,0.000266609,0.000234424,0.000211788,0.000191972,0.000172752,0.000154606,0.000138787,0.00012467,0.000111612,1.00E-04,9.05E-05,8.25E-05,7.57E-05,6.92E-05,6.30E-05,5.74E-05,5.23E-05,4.76E-05,4.32E-05,4.18E-05,4.02E-05,3.88E-05,3.74E-05,3.66E-05,3.57E-05,3.50E-05,3.44E-05,3.37E-05,3.30E-05,3.24E-05,3.17E-05,3.09E-05,3.01E-05,2.94E-05,2.86E-05,2.79E-05,2.73E-05,2.67E-05,2.62E-05,2.57E-05,2.51E-05,2.46E-05,2.42E-05,2.38E-05,0.000564211
5,180,15,700.00,MEAN,5,0.047430662,0.090221406,0.086568545,0.07009041,0.058717541,0.051182946,0.044445746,0.037452156,0.033291469,0.029550039,0.026323979,0.023607783,0.021498315,0.019437574,0.017419925,0.016024304,0.014705665,0.013585461,0.012509295,0.011439707,0.010301587,0.009171009,0.008136051,0.007282212,0.0064898,0.005777903,0.005191675,0.00471096,0.004266673,0.003846664,0.003476995,0.00315154,0.002868774,0.002624506,0.002399558,0.002190729,0.00200108,0.001825389,0.001662603,0.001500223,0.00144562,0.001387449,0.001330962,0.001274614,0.001226714,0.001177876,0.001131231,0.001092385,0.001049255,0.001007334,0.000971769,0.000938088,0.000900649,0.000865565,0.000833011,0.000804129,0.000776469,0.000748379,0.000721447,0.000696597,0.000671958,0.000649173,0.000630303,0.000613734,0.00059736,0.033969904
5,180,30,700.00,MEAN,5,0.014465939,0.027497296,0.028533623,0.024511131,0.021089743,0.018593047,0.016238579,0.014012834,0.012551872,0.011279398,0.010090499,0.00914435,0.008341586,0.00756776,0.00678057,0.006238286,0.005692767,0.005235915,0.004832195,0.004428377,0.003997879,0.003558306,0.003149229,0.002825775,0.002529749,0.002258705,0.002027371,0.001834353,0.00165771,0.001491721,0.001345163,0.001218636,0.00110995,0.001016145,0.000928863,0.000847474,0.000773809,0.000705601,0.000642574,0.000580689,0.000560124,0.000537861,0.000516704,0.000495855,0.000479137,0.000462215,0.000446182,0.000432977,0.000418113,0.000403601,0.000390991,0.000379023,0.0003654,0.000352456,0.000340316,0.000329326,0.000318868,0.000308506,0.000298594,0.000289498,0.000280486,0.000271849,0.000264632,0.000258355,0.000252117,0.011346577
5,180,60,700.00,MEAN,5,0.004411986,0.008380509,0.00940489,0.008571723,0.007574862,0.00675423,0.005932883,0.005242943,0.004732428,0.004305403,0.003867887,0.003542016,0.003236628,0.002946406,0.002639284,0.002428575,0.002203749,0.002017952,0.00186662,0.001714251,0.001551512,0.001380605,0.001218975,0.001096508,0.000986106,0.000882976,0.000791697,0.00071426,0.000644062,0.000578484,0.00052041,0.000471221,0.000429448,0.000393426,0.000359561,0.000327842,0.000299228,0.000272749,0.000248346,0.000224766,0.000217027,0.000208508,0.000200594,0.000192899,0.000187144,0.00018138,0.000175984,0.000171614,0.000166612,0.000161708,0.000157315,0.000153139,0.000148245,0.000143519,0.000139032,0.000134874,0.000130947,0.000127176,0.000123582,0.000120312,0.00011708,0.00011384,0.000111105,0.000108756,0.000106406,0.003789967
5,180,90,700.00,MEAN,5,0.002202732,0.00418233,0.004913601,0.004636097,0.004161443,0.003735288,0.003292093,0.00295002,0.002674728,0.002450983,0.002207357,0.002033776,0.001860296,0.001696869,0.001519778,0.00139857,0.001264921,0.001155283,0.001070076,0.000983944,0.00089185,0.000793502,0.000699629,0.000630259,0.000568308,0.000509726,0.000456747,0.000411377,0.00037047,0.000332383,0.0002986,0.000270297,0.00024642,0.000225842,0.000206378,0.0001881,0.000171644,0.00015642,0.000142412,0.000129004,0.000124636,0.00011978,0.00011533,0.000111041,0.00010798,0.000104941,0.000102123,9.99E-05,9.73E-05,9.47E-05,9.24E-05,9.01E-05,8.75E-05,8.49E-05,8.24E-05,8.00E-05,7.78E-05,7.57E-05,7.38E-05,7.20E-05,7.02E-05,6.84E-05,6.69E-05,6.56E-05,6.42E-05,0.001995534
5,180,120,700.00,MEAN,5,0.001345617,0.002554176,0.00309992,0.002997594,0.002720684,0.002453585,0.002167622,0.001961663,0.001784266,0.001643394,0.001482637,0.001371981,0.001255848,0.001147144,0.001027321,0.000945448,0.000853102,0.00077773,0.000721054,0.000663597,0.000602117,0.000535668,0.00047183,0.000425487,0.000384388,0.000345174,0.000309161,0.000278118,0.000250234,0.000224334,0.000201334,0.000182212,0.000166156,0.000152325,0.000139185,0.000126824,0.00011571,0.00010543,9.60E-05,8.70E-05,8.41E-05,8.08E-05,7.79E-05,7.50E-05,7.31E-05,7.12E-05,6.94E-05,6.80E-05,6.64E-05,6.48E-05,6.33E-05,6.19E-05,6.01E-05,5.84E-05,5.68E-05,5.52E-05,5.38E-05,5.24E-05,5.11E-05,5.00E-05,4.89E-05,4.77E-05,4.66E-05,4.58E-05,4.49E-05,0.001265919
5,180,150,700.00,MEAN,5,0.000918119,0.001742327,0.002168603,0.002137365,0.001956671,0.001771027,0.00156751,0.001429476,0.001303416,0.00120528,0.001088859,0.001010986,0.000925922,0.000846705,0.000758204,0.000697813,0.000628514,0.000572169,0.000530863,0.000488894,0.00044396,0.000394936,0.000347603,0.000313714,0.000283825,0.000255106,0.000228411,0.000205286,0.000184574,0.000165369,0.000148301,0.000134194,0.000122393,0.00011223,0.000102542,9.34E-05,8.52E-05,7.76E-05,7.07E-05,6.41E-05,6.20E-05,5.96E-05,5.74E-05,5.54E-05,5.40E-05,5.27E-05,5.14E-05,5.05E-05,4.94E-05,4.83E-05,4.72E-05,4.62E-05,4.50E-05,4.38E-05,4.26E-05,4.14E-05,4.04E-05,3.94E-05,3.85E-05,3.77E-05,3.69E-05,3.60E-05,3.53E-05,3.47E-05,3.40E-05,0.000889394
5,180,200,700.00,MEAN,5,0.000560866,0.00106405,0.001368141,0.001381971,0.00127924,0.001163328,0.0010321,0.000950553,0.000869487,0.000808145,0.000731364,0.000682009,0.000625071,0.000572403,0.000512522,0.000471729,0.000423889,0.000385181,0.000357714,0.000329723,0.000299732,0.000266609,0.000234424,0.000211788,0.000191972,0.000172752,0.000154606,0.000138787,0.00012467,0.000111612,1.00E-04,9.05E-05,8.25E-05,7.57E-05,6.92E-05,6.30E-05,5.74E-05,5.23E-05,4.76E-05,4.32E-05,4.18E-05,4.02E-05,3.88E-05,3.74E-05,3.66E-05,3.57E-05,3.50E-05,3.44E-05,3.37E-05,3.30E-05,3.24E-05,3.17E-05,3.09E-05,3.01E-05,2.94E-05,2.86E-05,2.79E-05,2.73E-05,2.67E-05,2.62E-05,2.57E-05,2.51E-05,2.46E-05,2.42E-05,2.38E-05,0.000564211
5,-180,15,700.00,MEAN,5,0.047430662,0.090221406,0.086568545,0.07009041,0.058717541,0.051182946,0.044445746,0.037452156,0.033291469,0.029550039,0.026323979,0.023607783,0.021498315,0.019437574,0.017419925,0.016024304,0.014705665,0.013585461,0.012509295,0.011439707,0.010301587,0.009171009,0.008136051,0.007282212,0.0064898,0.005777903,0.005191675,0.00471096,0.004266673,0.003846664,0.003476995,0.00315154,0.002868774,0.002624506,0.002399558,0.002190729,0.00200108,0.001825389,0.001662603,0.001500223,0.00144562,0.001387449,0.001330962,0.001274614,0.001226714,0.001177876,0.001131231,0.001092385,0.001049255,0.001007334,0.000971769,0.000938088,0.000900649,0.000865565,0.000833011,0.000804129,0.000776469,0.000748379,0.000721447,0.000696597,0.000671958,0.000649173,0.000630303,0.000613734,0.00059736,0.033969904
5,-180,30,700.00,MEAN,5,0.014465939,0.027497296,0.028533623,0.024511131,0.021089743,0.018593047,0.016238579,0.014012834,0.012551872,0.011279398,0.010090499,0.00914435,0.008341586,0.00756776,0.00678057,0.006238286,0.005692767,0.005235915,0.004832195,0.004428377,0.003997879,0.003558306,0.003149229,0.002825775,0.002529749,0.002258705,0.002027371,0.001834353,0.00165771,0.001491721,0.001345163,0.001218636,0.00110995,0.001016145,0.000928863,0.000847474,0.000773809,0.000705601,0.000642574,0.000580689,0.000560124,0.000537861,0.000516704,0.000495855,0.000479137,0.000462215,0.000446182,0.000432977,0.000418113,0.000403601,0.000390991,0.000379023,0.0003654,0.000352456,0.000340316,0.000329326,0.000318868,0.000308506,0.000298594,0.000289498,0.000280486,0.000271849,0.000264632,0.000258355,0.000252117,0.011346577
5,-180,60,700.00,MEAN,5,0.004411986,0.008380509,0.00940489,0.008571723,0.007574862,0.00675423,0.005932883,0.005242943,0.004732428,0.004305403,0.003867887,0.003542016,0.003236628,0.002946406,0.002639284,0.002428575,0.002203749,0.002017952,0.00186662,0.001714251,0.001551512,0.001380605,0.001218975,0.001096508,0.000986106,0.000882976,0.000791697,0.00071426,0.000644062,0.000578484,0.00052041,0.000471221,0.000429448,0.000393426,0.000359561,0.000327842,0.000299228,0.000272749,0.000248346,0.000224766,0.000217027,0.000208508,0.000200594,0.000192899,0.000187144,0.00018138,0.000175984,0.000171614,0.000166612,0.000161708,0.000157315,0.000153139,0.000148245,0.000143519,0.000139032,0.000134874,0.000130947,0.000127176,0.000123582,0.000120312,0.00011708,0.00011384,0.000111105,0.000108756,0.000106406,0.003789967
5,-180,90,700.00,MEAN,5,0.002202732,0.00418233,0.004913601,0.004636097,0.004161443,0.003735288,0.003292093,0.00295002,0.002674728,0.002450983,0.002207357,0.002033776,0.001860296,0.001696869,0.001519778,0.00139857,0.001264921,0.001155283,0.001070076,0.000983944,0.00089185,0.000793502,0.000699629,0.000630259,0.000568308,0.000509726,0.000456747,0.000411377,0.00037047,0.000332383,0.0002986,0.000270297,0.00024642,0.000225842,0.000206378,0.0001881,0.000171644,0.00015642,0.000142412,0.000129004,0.000124636,0.00011978,0.00011533,0.000111041,0.00010798,0.000104941,0.000102123,9.99E-05,9.73E-05,9.47E-05,9.24E-05,9.01E-05,8.75E-05,8.49E-05,8.24E-05,8.00E-05,7.78E-05,7.57E-05,7.38E-05,7.20E-05,7.02E-05,6.84E-05,6.69E-05,6.56E-05,6.42E-05,0.001995534
5,-180,120,700.00,MEAN,5,0.001345617,0.002554176,0.00309992,0.002997594,0.002720684,0.002453585,0.002167622,0.001961663,0.001784266,0.001643394,0.001482637,0.001371981,0.001255848,0.001147144,0.001027321,0.000945448,0.000853102,0.00077773,0.000721054,0.000663597,0.000602117,0.000535668,0.00047183,0.000425487,0.000384388,0.000345174,0.000309161,0.000278118,0.000250234,0.000224334,0.000201334,0.000182212,0.000166156,0.000152325,0.000139185,0.000126824,0.00011571,0.00010543,9.60E-05,8.70E-05,8.41E-05,8.08E-05,7.79E-05,7.50E-05,7.31E-05,7.12E-05,6.94E-05,6.80E-05,6.64E-05,6.48E-05,6.33E-05,6.19E-05,6.01E-05,5.84E-05,5.68E-05,5.52E-05,5.38E-05,5.24E-05,5.11E-05,5.00E-05,4.89E-05,4.77E-05,4.66E-05,4.58E-05,4.49E-05,0.001265919
5,-180,150,700.00,MEAN,5,0.000918119,0.001742327,0.002168603,0.002137365,0.001956671,0.001771027,0.00156751,0.001429476,0.001303416,0.00120528,0.001088859,0.001010986,0.000925922,0.000846705,0.000758204,0.000697813,0.000628514,0.000572169,0.000530863,0.000488894,0.00044396,0.000394936,0.000347603,0.000313714,0.000283825,0.000255106,0.000228411,0.000205286,0.000184574,0.000165369,0.000148301,0.000134194,0.000122393,0.00011223,0.000102542,9.34E-05,8.52E-05,7.76E-05,7.07E-05,6.41E-05,6.20E-05,5.96E-05,5.74E-05,5.54E-05,5.40E-05,5.27E-05,5.14E-05,5.05E-05,4.94E-05,4.83E-05,4.72E-05,4.62E-05,4.50E-05,4.38E-05,4.26E-05,4.14E-05,4.04E-05,3.94E-05,3.85E-05,3.77E-05,3.69E-05,3.60E-05,3.53E-05,3.47E-05,3.40E-05,0.000889394
5,-180,200,700.00,MEAN,5,0.000560866,0.00106405,0.001368141,0.001381971,0.00127924,0.001163328,0.0010321,0.000950553,0.000869487,0.000808145,0.000731364,0.000682009,0.000625071,0.000572403,0.000512522,0.000471729,0.000423889,0.000385181,0.000357714,0.000329723,0.000299732,0.000266609,0.000234424,0.000211788,0.000191972,0.000172752,0.000154606,0.000138787,0.00012467,0.000111612,1.00E-04,9.05E-05,8.25E-05,7.57E-05,6.92E-05,6.30E-05,5.74E-05,5.23E-05,4.76E-05,4.32E-05,4.18E-05,4.02E-05,3.88E-05,3.74E-05,3.66E-05,3.57E-05,3.50E-05,3.44E-05,3.37E-05,3.30E-05,3.24E-05,3.17E-05,3.09E-05,3.01E-05,2.94E-05,2.86E-05,2.79E-05,2.73E-05,2.67E-05,2.62E-05,2.57E-05,2.51E-05,2.46E-05,2.42E-05,2.38E-05,0.000564211
5,90,15,700.00,MEAN,5,0.065892985,0.124979732,0.118623332,0.093626459,0.073892074,0.060822642,0.052069116,0.043276967,0.03717089,0.032247649,0.028565481,0.024889444,0.02213525,0.01978254,0.017567755,0.015853647,0.014450227,0.013461528,0.012483398,0.011538913,0.010383748,0.009219919,0.008153868,0.007286405,0.006464744,0.005744209,0.005142893,0.004672824,0.004230964,0.003802544,0.003448849,0.003136049,0.002849419,0.002597332,0.00237067,0.002170545,0.001983556,0.001815831,0.001661493,0.001502574,0.001453965,0.001403871,0.001351312,0.001299657,0.001259399,0.001220645,0.001181929,0.001149757,0.001116146,0.001083212,0.001052939,0.001022925,0.000989522,0.00096024,0.000933729,0.000909088,0.000885409,0.000860442,0.00083567,0.00081231,0.000787357,0.000761992,0.000740337,0.000720311,0.000699901,0.04346046
5,90,30,700.00,MEAN,5,0.020096787,0.038090791,0.039099114,0.03274186,0.026540023,0.022094825,0.019023832,0.016192204,0.014014529,0.012309089,0.010949711,0.009640795,0.008588724,0.007702068,0.006838112,0.006171849,0.005593884,0.00518815,0.004822191,0.004466781,0.004029764,0.003577283,0.003156126,0.002827402,0.002519982,0.002245534,0.002008321,0.001819503,0.001643836,0.001474612,0.001334274,0.001212646,0.001102461,0.001005624,0.000917681,0.000839666,0.000767032,0.000701906,0.000642145,0.000581599,0.000563358,0.000544227,0.000524604,0.000505597,0.000491903,0.000478999,0.000466178,0.000455716,0.000444768,0.000434003,0.000423649,0.0004133,0.000401456,0.000391007,0.000381463,0.000372311,0.000363606,0.000354702,0.000345868,0.000337587,0.000328656,0.000319093,0.000310829,0.000303219,0.000295394,0.014516598
5,90,60,700.00,MEAN,5,0.006129345,0.011609149,0.012887352,0.011450069,0.009532454,0.008026308,0.006950496,0.006058361,0.005283893,0.004698441,0.00419724,0.003734311,0.00333252,0.002998697,0.002661682,0.002402711,0.00216547,0.001999543,0.001862756,0.001729117,0.001563886,0.001387968,0.001221645,0.00109714,0.000982298,0.000877827,0.000784258,0.000708478,0.000638672,0.000571849,0.000516197,0.000468905,0.00042655,0.000389353,0.000355232,0.000324821,0.000296608,0.00027132,0.00024818,0.000225118,0.00021828,0.000210976,0.000203661,0.000196689,0.00019213,0.000187966,0.000183871,0.000180627,0.000177234,0.000173889,0.000170455,0.000166988,0.000162874,0.000159217,0.000155842,0.000152478,0.00014932,0.00014622,0.000143149,0.000140298,0.000137187,0.000133624,0.000130501,0.000127642,0.000124671,0.004848813
5,90,90,700.00,MEAN,5,0.003060142,0.005793597,0.00673302,0.006192878,0.005236896,0.004438785,0.003856756,0.003408827,0.002986411,0.002674732,0.002395315,0.002144189,0.001915412,0.001726984,0.001532675,0.001383675,0.001242949,0.001144744,0.001067861,0.000992476,0.000898963,0.000797734,0.000701161,0.000630622,0.000566114,0.000506753,0.000452455,0.000408047,0.00036737,0.000328571,0.000296183,0.000268968,0.000244757,0.000223504,0.000203893,0.000186367,0.000170141,0.000155601,0.000142317,0.000129206,0.000125356,0.000121197,0.000117093,0.000113222,0.000110857,0.000108752,0.0001067,0.000105119,0.000103467,0.000101838,0.000100073,9.83E-05,9.61E-05,9.41E-05,9.23E-05,9.05E-05,8.87E-05,8.71E-05,8.54E-05,8.39E-05,8.23E-05,8.03E-05,7.85E-05,7.69E-05,7.53E-05,0.002553048
5,90,120,700.00,MEAN,5,0.001869397,0.003538187,0.004247765,0.004004173,0.003423798,0.002915688,0.002539415,0.002266753,0.001992185,0.001793418,0.001608885,0.001446466,0.001293055,0.001167503,0.001036039,0.000935379,0.000838284,0.000770635,0.000719561,0.000669351,0.000606919,0.000538525,0.000472863,0.000425732,0.000382904,0.000343161,0.000306256,0.000275867,0.00024814,0.000221761,0.000199704,0.000181316,0.000165035,0.000150748,0.00013751,0.000125656,0.000114697,0.000104878,9.59E-05,8.71E-05,8.46E-05,8.18E-05,7.91E-05,7.65E-05,7.50E-05,7.38E-05,7.25E-05,7.16E-05,7.06E-05,6.97E-05,6.86E-05,6.75E-05,6.61E-05,6.48E-05,6.37E-05,6.24E-05,6.13E-05,6.03E-05,5.92E-05,5.83E-05,5.73E-05,5.60E-05,5.48E-05,5.37E-05,5.26E-05,0.001619593
5,90,150,700.00,MEAN,5,0.001275496,0.002413568,0.002971598,0.002855082,0.002462339,0.002104579,0.00183637,0.001651798,0.001455301,0.00131531,0.001181576,0.001065872,0.000953355,0.000861732,0.000764639,0.000690382,0.000617596,0.000566949,0.000529764,0.000493134,0.000447501,0.000397043,0.000348364,0.000313894,0.00028273,0.000253618,0.000226265,0.000203624,0.000183029,0.000163472,0.0001471,0.000133534,0.000121567,0.000111068,0.000101307,9.26E-05,8.45E-05,7.72E-05,7.06E-05,6.42E-05,6.23E-05,6.03E-05,5.83E-05,5.65E-05,5.54E-05,5.46E-05,5.38E-05,5.31E-05,5.25E-05,5.19E-05,5.12E-05,5.04E-05,4.94E-05,4.85E-05,4.77E-05,4.68E-05,4.60E-05,4.53E-05,4.46E-05,4.39E-05,4.32E-05,4.23E-05,4.14E-05,4.07E-05,3.99E-05,0.001137874
5,90,200,700.00,MEAN,5,0.000779182,0.001473982,0.001874739,0.001846031,0.001609838,0.001382427,0.001209126,0.001098389,0.000970807,0.00088192,0.00079364,0.000719035,0.00064359,0.000582561,0.000516871,0.000466705,0.000416526,0.000381667,0.000356973,0.000332582,0.000302122,0.000268031,0.000234937,0.00021191,0.00019123,0.000171744,0.000153153,0.000137664,0.000123627,0.000110331,9.92E-05,9.00E-05,8.20E-05,7.49E-05,6.83E-05,6.24E-05,5.69E-05,5.21E-05,4.76E-05,4.33E-05,4.21E-05,4.07E-05,3.94E-05,3.82E-05,3.75E-05,3.70E-05,3.65E-05,3.62E-05,3.58E-05,3.55E-05,3.51E-05,3.46E-05,3.40E-05,3.34E-05,3.29E-05,3.23E-05,3.18E-05,3.14E-05,3.09E-05,3.05E-05,3.01E-05,2.95E-05,2.89E-05,2.84E-05,2.79E-05,0.00072184
5,-90,15,700.00,MEAN,5,0.038572624,0.075885638,0.076178097,0.067426187,0.05403658,0.047463011,0.042713013,0.036305868,0.033392041,0.029855067,0.026847975,0.023898751,0.022042174,0.01965224,0.017598525,0.01613798,0.014759263,0.013975726,0.013107891,0.012161157,0.010882888,0.009651329,0.008556057,0.00776396,0.006971742,0.006250723,0.005624805,0.005080183,0.004577511,0.004087844,0.003647406,0.003276596,0.002939587,0.002624687,0.002334324,0.002093672,0.001886229,0.001699047,0.001524539,0.001357612,0.001291826,0.001223002,0.001159326,0.00109539,0.001040575,0.000990876,0.000949601,0.000911834,0.000869263,0.000828979,0.000795799,0.000766026,0.000734929,0.000709463,0.000686437,0.00066467,0.000644858,0.00062424,0.000605013,0.000585817,0.000566503,0.000548808,0.000534022,0.000520967,0.000507325,0.03048557
5,-90,30,700.00,MEAN,5,0.011764315,0.023128102,0.025108855,0.023579433,0.01940847,0.017241719,0.015605512,0.013583947,0.01258979,0.011395829,0.010291357,0.009257055,0.008552609,0.007651337,0.006850088,0.006282541,0.005713516,0.005386325,0.005063425,0.004707655,0.004223472,0.003744667,0.003311801,0.003012712,0.002717611,0.002443541,0.00219651,0.001978121,0.001778478,0.00158525,0.001411091,0.001266992,0.001137348,0.001016215,0.000903612,0.000809928,0.000729396,0.000656763,0.000589214,0.000525489,0.000500535,0.000474111,0.000450072,0.000426133,0.000406433,0.000388834,0.000374543,0.000361414,0.000346389,0.000332141,0.000320189,0.000309503,0.000298166,0.000288892,0.000280435,0.000272211,0.00026482,0.000257332,0.000250404,0.000243459,0.000236468,0.00022982,0.000224208,0.000219304,0.000214117,0.010182745
5,-90,60,700.00,MEAN,5,0.003588014,0.007048885,0.008276061,0.008245901,0.006970994,0.006263338,0.005701588,0.005082474,0.004746725,0.004349845,0.00394488,0.003585671,0.003318508,0.002978946,0.002666343,0.002445803,0.002211781,0.002075921,0.001955942,0.001822361,0.001639061,0.001452912,0.001281902,0.001169047,0.001059335,0.000955232,0.000857746,0.00077024,0.000690984,0.000614754,0.000545916,0.00048992,0.000440048,0.000393454,0.000349786,0.000313317,0.000282054,0.000253871,0.000227723,0.0002034,0.000193939,0.000183795,0.000174726,0.000165776,0.000158747,0.000152584,0.000147728,0.00014325,0.000138031,0.000133076,0.000128828,0.000125051,0.000120968,0.000117636,0.000114568,0.000111483,0.000108752,0.000106081,0.000103637,0.000101179,9.87E-05,9.62E-05,9.41E-05,9.23E-05,9.04E-05,0.003401225
5,-90,90,700.00,MEAN,5,0.001791355,0.003517777,0.004323843,0.004459873,0.003829693,0.00346381,0.00316375,0.002859729,0.002682808,0.002476283,0.002251296,0.002058842,0.001907358,0.001715609,0.00153536,0.001408491,0.001269531,0.001188471,0.001121282,0.001045996,0.000942176,0.000835061,0.000735746,0.000671953,0.000610511,0.000551438,0.000494852,0.000443619,0.00039746,0.000353223,0.000313235,0.000281022,0.000252503,0.000225858,0.000200767,0.000179767,0.000161793,0.000145594,0.000130586,0.000116741,0.000111377,0.000105583,0.000100458,9.54E-05,9.16E-05,8.83E-05,8.57E-05,8.34E-05,8.06E-05,7.79E-05,7.56E-05,7.36E-05,7.14E-05,6.95E-05,6.79E-05,6.61E-05,6.46E-05,6.32E-05,6.19E-05,6.05E-05,5.92E-05,5.78E-05,5.67E-05,5.57E-05,5.46E-05,0.001790849
5,-90,120,700.00,MEAN,5,0.001094313,0.002148329,0.00272785,0.002883652,0.002503792,0.00227526,0.002083117,0.001901622,0.001789656,0.001660358,0.00151215,0.001388891,0.001287618,0.001159813,0.001037853,0.000952155,0.000856211,0.000800072,0.000755558,0.000705447,0.000636093,0.000563723,0.000496187,0.000453635,0.000412933,0.000373421,0.000334954,0.000299916,0.000268465,0.000238399,0.000211201,0.000189442,0.000170258,0.000152336,0.000135401,0.000121205,0.000109069,9.81E-05,8.80E-05,7.87E-05,7.51E-05,7.13E-05,6.78E-05,6.45E-05,6.20E-05,5.99E-05,5.83E-05,5.68E-05,5.50E-05,5.33E-05,5.18E-05,5.05E-05,4.91E-05,4.79E-05,4.68E-05,4.57E-05,4.47E-05,4.37E-05,4.29E-05,4.20E-05,4.12E-05,4.03E-05,3.95E-05,3.89E-05,3.81E-05,0.001136072
5,-90,150,700.00,MEAN,5,0.000746654,0.001465479,0.001908315,0.002056121,0.001800685,0.001642311,0.0015064,0.001385724,0.001307353,0.001217722,0.001110533,0.001023447,0.000949346,0.000856056,0.000765978,0.000702763,0.000630804,0.000588606,0.000556266,0.000519727,0.000469012,0.000415621,0.000365547,0.000334467,0.000304903,0.000275982,0.000247467,0.000221375,0.00019802,0.000175737,0.000155569,0.000139519,0.000125414,0.000112237,9.98E-05,8.93E-05,8.03E-05,7.23E-05,6.48E-05,5.80E-05,5.54E-05,5.25E-05,5.00E-05,4.76E-05,4.58E-05,4.43E-05,4.32E-05,4.21E-05,4.09E-05,3.97E-05,3.87E-05,3.77E-05,3.67E-05,3.59E-05,3.51E-05,3.43E-05,3.35E-05,3.29E-05,3.23E-05,3.17E-05,3.11E-05,3.05E-05,2.99E-05,2.94E-05,2.89E-05,0.000798168
5,-90,200,700.00,MEAN,5,0.00045612,0.000894977,0.001203929,0.001329441,0.001177259,0.001078779,0.000991863,0.000921459,0.000872113,0.000816487,0.000745923,0.000690415,0.000640884,0.000578724,0.000517776,0.000475075,0.000425434,0.000396246,0.000374831,0.000350517,0.000316645,0.000280572,0.000246525,0.000225798,0.000206228,0.000186888,0.000167505,0.000149665,0.000133753,0.000118609,0.000104894,9.41E-05,8.46E-05,7.57E-05,6.73E-05,6.02E-05,5.42E-05,4.87E-05,4.37E-05,3.91E-05,3.74E-05,3.54E-05,3.38E-05,3.22E-05,3.10E-05,3.01E-05,2.94E-05,2.87E-05,2.79E-05,2.72E-05,2.65E-05,2.59E-05,2.52E-05,2.47E-05,2.42E-05,2.36E-05,2.32E-05,2.28E-05,2.24E-05,2.20E-05,2.16E-05,2.12E-05,2.08E-05,2.05E-05,2.02E-05,0.000506339
6,0,15,700.00,MEAN,5,0.237885062,0.437916697,0.401616872,0.328545079,0.287866382,0.257434646,0.224514157,0.194028434,0.178712039,0.163265115,0.148998851,0.138517439,0.128554488,0.119636393,0.112115715,0.106790318,0.101918793,0.095854939,0.090185148,0.084465146,0.079558509,0.075035504,0.071162388,0.06720163,0.063126507,0.059407091,0.056519944,0.054325947,0.052106277,0.049856329,0.047953903,0.046081297,0.044255254,0.04281104,0.04131622,0.039801698,0.038483646,0.037227841,0.036087335,0.034892545,0.033741231,0.032626018,0.03148926,0.030289749,0.029178318,0.028037309,0.026994685,0.026092326,0.025073672,0.024055283,0.023201181,0.022454876,0.021715135,0.021032301,0.02036796,0.019757536,0.019182317,0.018602379,0.018040624,0.017524223,0.017000778,0.016538168,0.016134895,0.015766195,0.01541677,0.158873687
6,0,30,700.00,MEAN,5,0.072552875,0.133466388,0.132375844,0.114894627,0.103393774,0.093517368,0.08202789,0.072596308,0.067379743,0.062319111,0.057114193,0.053653999,0.049880574,0.04657883,0.043640166,0.041573637,0.039454181,0.036943045,0.03483747,0.032696952,0.030875366,0.029113401,0.027544894,0.026076789,0.024606951,0.023223496,0.022071276,0.021153427,0.0202446,0.019334087,0.018552174,0.01781869,0.017122682,0.016575391,0.015993418,0.015397114,0.014881454,0.014390353,0.013947268,0.013505798,0.013073475,0.012647857,0.012224707,0.01178343,0.011396626,0.011002245,0.010647284,0.010341931,0.009991501,0.009638054,0.009334976,0.009072605,0.008809982,0.008564297,0.008321073,0.008091578,0.007877485,0.007668505,0.007466682,0.007282877,0.007096407,0.006925545,0.006774208,0.006636868,0.006506666,0.053066754
6,0,60,700.00,MEAN,5,0.022127996,0.040677318,0.043632041,0.040179495,0.037136231,0.033971721,0.02996949,0.027162122,0.025404163,0.023787516,0.021892994,0.020782594,0.019354219,0.018134845,0.016986594,0.016184681,0.015273262,0.014238062,0.013457308,0.012657181,0.011982228,0.011295854,0.010661829,0.010118786,0.009591883,0.009078559,0.008618926,0.008236718,0.007865537,0.007497683,0.007177375,0.006890121,0.006624891,0.006417587,0.006191017,0.005956307,0.005754592,0.005562564,0.005390431,0.005227666,0.005065486,0.004903089,0.004745855,0.004584034,0.004451356,0.00431744,0.004199517,0.004099118,0.003981471,0.003861608,0.00375592,0.00366567,0.003574271,0.003487359,0.003399469,0.003313857,0.003234999,0.003161206,0.003090322,0.003026685,0.002962159,0.00290015,0.00284414,0.002793827,0.002746147,0.017725279
6,0,90,700.00,MEAN,5,0.011047642,0.020300194,0.022795637,0.021731458,0.020401731,0.018787363,0.016629748,0.015283171,0.014358215,0.013541775,0.012494073,0.011933073,0.011124101,0.010444063,0.009781384,0.00932045,0.008766635,0.008151331,0.007714663,0.007264954,0.006887703,0.006492288,0.006119341,0.005816146,0.00552795,0.005240883,0.00497244,0.004743927,0.004524327,0.004307998,0.004118225,0.003952235,0.003801406,0.003683947,0.003553469,0.003417449,0.003300965,0.003190102,0.003091097,0.003000399,0.00290905,0.002816632,0.002728596,0.002638756,0.002568393,0.002497942,0.002436977,0.002385544,0.002324342,0.002261563,0.002205078,0.00215737,0.002108659,0.002061803,0.002013707,0.001965821,0.00192211,0.001882459,0.001844551,0.001810924,0.001776871,0.001742951,0.001711883,0.001684193,0.001657969,0.009332902
6,0,120,700.00,MEAN,5,0.006748846,0.01239746,0.014381438,0.014051064,0.013338324,0.012340786,0.010949572,0.010162788,0.009578123,0.009079814,0.008392016,0.008050028,0.007509653,0.007060559,0.006611899,0.006300722,0.005912492,0.005487431,0.005198401,0.004899669,0.004650108,0.004382735,0.004126884,0.003926474,0.003738952,0.003549002,0.003365727,0.003207212,0.003055959,0.002907572,0.002776748,0.002664268,0.002563219,0.002484733,0.002396529,0.002304171,0.002225275,0.002150199,0.002083329,0.002023464,0.001962688,0.00190074,0.001842428,0.001783298,0.001738635,0.001694226,0.00165638,0.001624723,0.001586559,0.001547202,0.001511191,0.001481067,0.001450107,0.001420043,0.00138881,0.00135717,0.001328497,0.001303152,0.001279028,0.001257858,0.001236454,0.001214471,0.001194107,0.001176077,0.001159014,0.005920571
6,0,150,700.00,MEAN,5,0.004604762,0.008456906,0.010060787,0.010018783,0.009592702,0.008907729,0.00791815,0.007405687,0.00699687,0.006659221,0.006163153,0.005931909,0.00553678,0.005211387,0.00487985,0.004650417,0.004355964,0.004037053,0.003827234,0.003609753,0.003428677,0.003231296,0.003040329,0.002895008,0.00276078,0.00262294,0.002486633,0.002367322,0.002254084,0.002143336,0.002045333,0.001962161,0.001888099,0.001830694,0.001765593,0.001697194,0.001638876,0.00158339,0.001534069,0.001490708,0.001446408,0.001400987,0.001358634,0.001315908,0.001284607,0.001253679,0.001227689,0.001206126,0.001179826,0.001152578,0.001127276,0.001106294,0.001084607,0.001063376,0.001041088,0.001018176,0.000997542,0.000979712,0.000962812,0.000948132,0.000933316,0.000917672,0.000903038,0.000890158,0.000877977,0.004159604
6,0,200,700.00,MEAN,5,0.002812983,0.005164687,0.006347205,0.006477916,0.006271555,0.005851187,0.00521357,0.00492453,0.004667494,0.004465034,0.004139665,0.004001654,0.003737766,0.003523083,0.003298621,0.00314373,0.002937798,0.002717722,0.00257892,0.002434509,0.00231481,0.002181344,0.002050398,0.001954417,0.001867315,0.001776193,0.001683143,0.001600468,0.001522522,0.001446589,0.001379083,0.001322726,0.001273111,0.001234759,0.00119075,0.001144312,0.001104813,0.001067239,0.001033927,0.001005331,0.000975868,0.000945424,0.000917389,0.000889304,0.000869595,0.000850306,0.000834443,0.000821457,0.000805331,0.000788513,0.000772548,0.000759488,0.000745875,0.000732388,0.000718016,0.000702931,0.000689467,0.000678216,0.000667622,0.000658567,0.000649458,0.000639425,0.000629905,0.0006216,0.000613756,0.002638754
6,180,15,700.00,MEAN,5,0.237885062,0.437916697,0.401616872,0.328545079,0.287866382,0.257434646,0.224514157,0.194028434,0.178712039,0.163265115,0.148998851,0.138517439,0.128554488,0.119636393,0.112115715,0.106790318,0.101918793,0.095854939,0.090185148,0.084465146,0.079558509,0.075035504,0.071162388,0.06720163,0.063126507,0.059407091,0.056519944,0.054325947,0.052106277,0.049856329,0.047953903,0.046081297,0.044255254,0.04281104,0.04131622,0.039801698,0.038483646,0.037227841,0.036087335,0.034892545,0.033741231,0.032626018,0.03148926,0.030289749,0.029178318,0.028037309,0.026994685,0.026092326,0.025073672,0.024055283,0.023201181,0.022454876,0.021715135,0.021032301,0.02036796,0.019757536,0.019182317,0.018602379,0.018040624,0.017524223,0.017000778,0.016538168,0.016134895,0.015766195,0.01541677,0.158873687
6,180,30,700.00,MEAN,5,0.072552875,0.133466388,0.132375844,0.114894627,0.103393774,0.093517368,0.08202789,0.072596308,0.067379743,0.062319111,0.057114193,0.053653999,0.049880574,0.04657883,0.043640166,0.041573637,0.039454181,0.036943045,0.03483747,0.032696952,0.030875366,0.029113401,0.027544894,0.026076789,0.024606951,0.023223496,0.022071276,0.021153427,0.0202446,0.019334087,0.018552174,0.01781869,0.017122682,0.016575391,0.015993418,0.015397114,0.014881454,0.014390353,0.013947268,0.013505798,0.013073475,0.012647857,0.012224707,0.01178343,0.011396626,0.011002245,0.010647284,0.010341931,0.009991501,0.009638054,0.009334976,0.009072605,0.008809982,0.008564297,0.008321073,0.008091578,0.007877485,0.007668505,0.007466682,0.007282877,0.007096407,0.006925545,0.006774208,0.006636868,0.006506666,0.053066754
6,180,60,700.00,MEAN,5,0.022127996,0.040677318,0.043632041,0.040179495,0.037136231,0.033971721,0.02996949,0.027162122,0.025404163,0.023787516,0.021892994,0.020782594,0.019354219,0.018134845,0.016986594,0.016184681,0.015273262,0.014238062,0.013457308,0.012657181,0.011982228,0.011295854,0.010661829,0.010118786,0.009591883,0.009078559,0.008618926,0.008236718,0.007865537,0.007497683,0.007177375,0.006890121,0.006624891,0.006417587,0.006191017,0.005956307,0.005754592,0.005562564,0.005390431,0.005227666,0.005065486,0.004903089,0.004745855,0.004584034,0.004451356,0.00431744,0.004199517,0.004099118,0.003981471,0.003861608,0.00375592,0.00366567,0.003574271,0.003487359,0.003399469,0.003313857,0.003234999,0.003161206,0.003090322,0.003026685,0.002962159,0.00290015,0.00284414,0.002793827,0.002746147,0.017725279
6,180,90,700.00,MEAN,5,0.011047642,0.020300194,0.022795637,0.021731458,0.020401731,0.018787363,0.016629748,0.015283171,0.014358215,0.013541775,0.012494073,0.011933073,0.011124101,0.010444063,0.009781384,0.00932045,0.008766635,0.008151331,0.007714663,0.007264954,0.006887703,0.006492288,0.006119341,0.005816146,0.00552795,0.005240883,0.00497244,0.004743927,0.004524327,0.004307998,0.004118225,0.003952235,0.003801406,0.003683947,0.003553469,0.003417449,0.003300965,0.003190102,0.003091097,0.003000399,0.00290905,0.002816632,0.002728596,0.002638756,0.002568393,0.002497942,0.002436977,0.002385544,0.002324342,0.002261563,0.002205078,0.00215737,0.002108659,0.002061803,0.002013707,0.001965821,0.00192211,0.001882459,0.001844551,0.001810924,0.001776871,0.001742951,0.001711883,0.001684193,0.001657969,0.009332902
6,180,120,700.00,MEAN,5,0.006748846,0.01239746,0.014381438,0.014051064,0.013338324,0.012340786,0.010949572,0.010162788,0.009578123,0.009079814,0.008392016,0.008050028,0.007509653,0.007060559,0.006611899,0.006300722,0.005912492,0.005487431,0.005198401,0.004899669,0.004650108,0.004382735,0.004126884,0.003926474,0.003738952,0.003549002,0.003365727,0.003207212,0.003055959,0.002907572,0.002776748,0.002664268,0.002563219,0.002484733,0.002396529,0.002304171,0.002225275,0.002150199,0.002083329,0.002023464,0.001962688,0.00190074,0.001842428,0.001783298,0.001738635,0.001694226,0.00165638,0.001624723,0.001586559,0.001547202,0.001511191,0.001481067,0.001450107,0.001420043,0.00138881,0.00135717,0.001328497,0.001303152,0.001279028,0.001257858,0.001236454,0.001214471,0.001194107,0.001176077,0.001159014,0.005920571
6,180,150,700.00,MEAN,5,0.004604762,0.008456906,0.010060787,0.010018783,0.009592702,0.008907729,0.00791815,0.007405687,0.00699687,0.006659221,0.006163153,0.005931909,0.00553678,0.005211387,0.00487985,0.004650417,0.004355964,0.004037053,0.003827234,0.003609753,0.003428677,0.003231296,0.003040329,0.002895008,0.00276078,0.00262294,0.002486633,0.002367322,0.002254084,0.002143336,0.002045333,0.001962161,0.001888099,0.001830694,0.001765593,0.001697194,0.001638876,0.00158339,0.001534069,0.001490708,0.001446408,0.001400987,0.001358634,0.001315908,0.001284607,0.001253679,0.001227689,0.001206126,0.001179826,0.001152578,0.001127276,0.001106294,0.001084607,0.001063376,0.001041088,0.001018176,0.000997542,0.000979712,0.000962812,0.000948132,0.000933316,0.000917672,0.000903038,0.000890158,0.000877977,0.004159604
6,180,200,700.00,MEAN,5,0.002812983,0.005164687,0.006347205,0.006477916,0.006271555,0.005851187,0.00521357,0.00492453,0.004667494,0.004465034,0.004139665,0.004001654,0.003737766,0.003523083,0.003298621,0.00314373,0.002937798,0.002717722,0.00257892,0.002434509,0.00231481,0.002181344,0.002050398,0.001954417,0.001867315,0.001776193,0.001683143,0.001600468,0.001522522,0.001446589,0.001379083,0.001322726,0.001273111,0.001234759,0.00119075,0.001144312,0.001104813,0.001067239,0.001033927,0.001005331,0.000975868,0.000945424,0.000917389,0.000889304,0.000869595,0.000850306,0.000834443,0.000821457,0.000805331,0.000788513,0.000772548,0.000759488,0.000745875,0.000732388,0.000718016,0.000702931,0.000689467,0.000678216,0.000667622,0.000658567,0.000649458,0.000639425,0.000629905,0.0006216,0.000613756,0.002638754
6,-180,15,700.00,MEAN,5,0.237885062,0.437916697,0.401616872,0.328545079,0.287866382,0.257434646,0.224514157,0.194028434,0.178712039,0.163265115,0.148998851,0.138517439,0.128554488,0.119636393,0.112115715,0.106790318,0.101918793,0.095854939,0.090185148,0.084465146,0.079558509,0.075035504,0.071162388,0.06720163,0.063126507,0.059407091,0.056519944,0.054325947,0.052106277,0.049856329,0.047953903,0.046081297,0.044255254,0.04281104,0.04131622,0.039801698,0.038483646,0.037227841,0.036087335,0.034892545,0.033741231,0.032626018,0.03148926,0.030289749,0.029178318,0.028037309,0.026994685,0.026092326,0.025073672,0.024055283,0.023201181,0.022454876,0.021715135,0.021032301,0.02036796,0.019757536,0.019182317,0.018602379,0.018040624,0.017524223,0.017000778,0.016538168,0.016134895,0.015766195,0.01541677,0.158873687
6,-180,30,700.00,MEAN,5,0.072552875,0.133466388,0.132375844,0.114894627,0.103393774,0.093517368,0.08202789,0.072596308,0.067379743,0.062319111,0.057114193,0.053653999,0.049880574,0.04657883,0.043640166,0.041573637,0.039454181,0.036943045,0.03483747,0.032696952,0.030875366,0.029113401,0.027544894,0.026076789,0.024606951,0.023223496,0.022071276,0.021153427,0.0202446,0.019334087,0.018552174,0.01781869,0.017122682,0.016575391,0.015993418,0.015397114,0.014881454,0.014390353,0.013947268,0.013505798,0.013073475,0.012647857,0.012224707,0.01178343,0.011396626,0.011002245,0.010647284,0.010341931,0.009991501,0.009638054,0.009334976,0.009072605,0.008809982,0.008564297,0.008321073,0.008091578,0.007877485,0.007668505,0.007466682,0.007282877,0.007096407,0.006925545,0.006774208,0.006636868,0.006506666,0.053066754
6,-180,60,700.00,MEAN,5,0.022127996,0.040677318,0.043632041,0.040179495,0.037136231,0.033971721,0.02996949,0.027162122,0.025404163,0.023787516,0.021892994,0.020782594,0.019354219,0.018134845,0.016986594,0.016184681,0.015273262,0.014238062,0.013457308,0.012657181,0.011982228,0.011295854,0.010661829,0.010118786,0.009591883,0.009078559,0.008618926,0.008236718,0.007865537,0.007497683,0.007177375,0.006890121,0.006624891,0.006417587,0.006191017,0.005956307,0.005754592,0.005562564,0.005390431,0.005227666,0.005065486,0.004903089,0.004745855,0.004584034,0.004451356,0.00431744,0.004199517,0.004099118,0.003981471,0.003861608,0.00375592,0.00366567,0.003574271,0.003487359,0.003399469,0.003313857,0.003234999,0.003161206,0.003090322,0.003026685,0.002962159,0.00290015,0.00284414,0.002793827,0.002746147,0.017725279
6,-180,90,700.00,MEAN,5,0.011047642,0.020300194,0.022795637,0.021731458,0.020401731,0.018787363,0.016629748,0.015283171,0.014358215,0.013541775,0.012494073,0.011933073,0.011124101,0.010444063,0.009781384,0.00932045,0.008766635,0.008151331,0.007714663,0.007264954,0.006887703,0.006492288,0.006119341,0.005816146,0.00552795,0.005240883,0.00497244,0.004743927,0.004524327,0.004307998,0.004118225,0.003952235,0.003801406,0.003683947,0.003553469,0.003417449,0.003300965,0.003190102,0.003091097,0.003000399,0.00290905,0.002816632,0.002728596,0.002638756,0.002568393,0.002497942,0.002436977,0.002385544,0.002324342,0.002261563,0.002205078,0.00215737,0.002108659,0.002061803,0.002013707,0.001965821,0.00192211,0.001882459,0.001844551,0.001810924,0.001776871,0.001742951,0.001711883,0.001684193,0.001657969,0.009332902
6,-180,120,700.00,MEAN,5,0.006748846,0.01239746,0.014381438,0.014051064,0.013338324,0.012340786,0.010949572,0.010162788,0.009578123,0.009079814,0.008392016,0.008050028,0.007509653,0.007060559,0.006611899,0.006300722,0.005912492,0.005487431,0.005198401,0.004899669,0.004650108,0.004382735,0.004126884,0.003926474,0.003738952,0.003549002,0.003365727,0.003207212,0.003055959,0.002907572,0.002776748,0.002664268,0.002563219,0.002484733,0.002396529,0.002304171,0.002225275,0.002150199,0.002083329,0.002023464,0.001962688,0.00190074,0.001842428,0.001783298,0.001738635,0.001694226,0.00165638,0.001624723,0.001586559,0.001547202,0.001511191,0.001481067,0.001450107,0.001420043,0.00138881,0.00135717,0.001328497,0.001303152,0.001279028,0.001257858,0.001236454,0.001214471,0.001194107,0.001176077,0.001159014,0.005920571
6,-180,150,700.00,MEAN,5,0.004604762,0.008456906,0.010060787,0.010018783,0.009592702,0.008907729,0.00791815,0.007405687,0.00699687,0.006659221,0.006163153,0.005931909,0.00553678,0.005211387,0.00487985,0.004650417,0.004355964,0.004037053,0.003827234,0.003609753,0.003428677,0.003231296,0.003040329,0.002895008,0.00276078,0.00262294,0.002486633,0.002367322,0.002254084,0.002143336,0.002045333,0.001962161,0.001888099,0.001830694,0.001765593,0.001697194,0.001638876,0.00158339,0.001534069,0.001490708,0.001446408,0.001400987,0.001358634,0.001315908,0.001284607,0.001253679,0.001227689,0.001206126,0.001179826,0.001152578,0.001127276,0.001106294,0.001084607,0.001063376,0.001041088,0.001018176,0.000997542,0.000979712,0.000962812,0.000948132,0.000933316,0.000917672,0.000903038,0.000890158,0.000877977,0.004159604
6,-180,200,700.00,MEAN,5,0.002812983,0.005164687,0.006347205,0.006477916,0.006271555,0.005851187,0.00521357,0.00492453,0.004667494,0.004465034,0.004139665,0.004001654,0.003737766,0.003523083,0.003298621,0.00314373,0.002937798,0.002717722,0.00257892,0.002434509,0.00231481,0.002181344,0.002050398,0.001954417,0.001867315,0.001776193,0.001683143,0.001600468,0.001522522,0.001446589,0.001379083,0.001322726,0.001273111,0.001234759,0.00119075,0.001144312,0.001104813,0.001067239,0.001033927,0.001005331,0.000975868,0.000945424,0.000917389,0.000889304,0.000869595,0.000850306,0.000834443,0.000821457,0.000805331,0.000788513,0.000772548,0.000759488,0.000745875,0.000732388,0.000718016,0.000702931,0.000689467,0.000678216,0.000667622,0.000658567,0.000649458,0.000639425,0.000629905,0.0006216,0.000613756,0.002638754
6,90,15,700.00,MEAN,5,0.330481514,0.606626677,0.550328431,0.438869062,0.362260473,0.305919383,0.263023003,0.224205044,0.19953717,0.178169515,0.161686187,0.146037521,0.132363195,0.121759627,0.113067162,0.105653012,0.100148459,0.09498051,0.089998448,0.085197635,0.080193032,0.075435679,0.071318223,0.067240326,0.062882784,0.059060659,0.055988872,0.053886169,0.051670188,0.049284493,0.047565707,0.045854788,0.043956675,0.042367786,0.040818833,0.039434977,0.038146633,0.037032911,0.036063246,0.034947222,0.033936022,0.03301217,0.031970722,0.030884862,0.029955754,0.029055364,0.028204491,0.027462672,0.026672145,0.025867263,0.025139121,0.024485595,0.023857917,0.023332796,0.022830611,0.02233638,0.02187364,0.021387917,0.020896885,0.020435194,0.019920434,0.019412318,0.018951612,0.018504054,0.018063146,0.203260025
6,90,30,700.00,MEAN,5,0.100793987,0.184885098,0.181392256,0.153475734,0.130114108,0.111130245,0.096097378,0.083886975,0.075231435,0.068008195,0.061977498,0.056566863,0.051358395,0.047405483,0.04401051,0.041130881,0.03876886,0.036606035,0.03476535,0.032980502,0.031121614,0.029268667,0.027605214,0.026091804,0.024511947,0.023088068,0.02186389,0.020982186,0.020075169,0.019112332,0.01840199,0.017731104,0.01700716,0.016403774,0.01580088,0.01525525,0.014751132,0.014315003,0.013937958,0.013526961,0.013148949,0.012797553,0.012411619,0.012014944,0.011700281,0.011401744,0.011124457,0.01088508,0.010628469,0.010364047,0.010114705,0.009893091,0.009679323,0.009501052,0.009327158,0.009147728,0.008982714,0.008816794,0.008648836,0.008492646,0.00831512,0.008129127,0.007956802,0.007789385,0.007623573,0.067892613
6,90,60,700.00,MEAN,5,0.030741289,0.056348493,0.059788207,0.053671591,0.046733448,0.040369889,0.03510988,0.031386558,0.028364484,0.025959068,0.023757195,0.021910876,0.01992763,0.018456691,0.017130747,0.016012316,0.015007965,0.014108176,0.013429449,0.012766945,0.012077793,0.011356097,0.010685177,0.010124613,0.00955485,0.009025617,0.008537941,0.00817004,0.007799709,0.007411687,0.007119273,0.006856254,0.006580195,0.006351141,0.006116486,0.005901427,0.005704197,0.005533438,0.005386833,0.005235858,0.005094729,0.004961121,0.004818418,0.004674098,0.004569959,0.004474209,0.004387725,0.004314401,0.004235293,0.004152487,0.004069643,0.003997177,0.003926969,0.003868803,0.003810493,0.003746396,0.003688876,0.003634569,0.003579594,0.003529452,0.00347087,0.003404164,0.00334065,0.003278985,0.003217538,0.02267739
6,90,90,700.00,MEAN,5,0.015347922,0.028120963,0.031236454,0.029028785,0.025674206,0.022325738,0.019482095,0.017660112,0.016031364,0.014777997,0.01355795,0.012580918,0.011453677,0.010629418,0.009864392,0.009221189,0.008614358,0.008076971,0.007698692,0.007327956,0.006942636,0.006526913,0.006132742,0.005819495,0.005506608,0.00521032,0.004925718,0.004705524,0.004486462,0.004258586,0.004084887,0.003932808,0.003775759,0.003645805,0.003510691,0.003385962,0.003272058,0.003173398,0.003089033,0.003005101,0.002925844,0.002849969,0.002770316,0.0026906,0.002636826,0.002588644,0.002546194,0.002510831,0.002472521,0.002431917,0.002389263,0.002352473,0.002316736,0.002287321,0.002257181,0.002222409,0.002191786,0.00216434,0.002136587,0.002111738,0.002082024,0.002045856,0.002010732,0.001976659,0.001942569,0.01194034
6,90,120,700.00,MEAN,5,0.009375826,0.017173654,0.019706628,0.01876935,0.016785383,0.014665026,0.012827652,0.011743373,0.010694252,0.009908706,0.009106601,0.008487062,0.007732142,0.007185866,0.00666801,0.006233619,0.005809792,0.005437372,0.005187639,0.004942159,0.004687196,0.004406109,0.004135922,0.003928735,0.003724517,0.003528306,0.003334102,0.003181249,0.003030383,0.002874223,0.00275427,0.002651172,0.002545926,0.002459007,0.002367678,0.002282942,0.002205787,0.00213894,0.002081938,0.002026634,0.001974019,0.001923236,0.001870598,0.001818335,0.001784959,0.001755744,0.001730613,0.001710052,0.001687704,0.001663746,0.001637418,0.001615008,0.001593199,0.001575366,0.001556729,0.001534314,0.001514888,0.001498287,0.001481528,0.001466802,0.001448799,0.001425532,0.001402566,0.001380307,0.001357966,0.007574668
6,90,150,700.00,MEAN,5,0.006397159,0.011714979,0.013786117,0.013383046,0.01207177,0.010585393,0.009276277,0.00855747,0.007812208,0.007267138,0.006687948,0.006253951,0.005700819,0.005303875,0.004921262,0.00460089,0.004280301,0.004000226,0.003819311,0.003641058,0.003456023,0.003248529,0.003046986,0.002896675,0.002750121,0.002607644,0.002463268,0.002348158,0.002235219,0.002118753,0.002028775,0.001952516,0.001875361,0.00181174,0.001744338,0.001681557,0.001624524,0.001575099,0.001533045,0.001493044,0.001454759,0.001417569,0.001379407,0.001341763,0.001318834,0.001299201,0.001282709,0.001269471,0.001255041,0.001239397,0.001221434,0.001206343,0.001191633,0.001179687,0.001166964,0.001151073,0.001137499,0.001126415,0.001115248,0.001105627,0.001093601,0.001077153,0.001060684,0.001044737,0.001028687,0.005321719
6,90,200,700.00,MEAN,5,0.003907933,0.007154413,0.008697462,0.008653172,0.007892329,0.006953188,0.006107806,0.005690426,0.005211392,0.004872645,0.00449216,0.004218903,0.003848506,0.003585609,0.003326614,0.00311025,0.002886768,0.00269293,0.002573581,0.002455621,0.002333272,0.002192978,0.002054888,0.001955542,0.001860105,0.001765835,0.001667328,0.001587512,0.00150978,0.001429997,0.001367919,0.001316224,0.001264522,0.001221974,0.001176415,0.001133768,0.001095138,0.001061651,0.001033237,0.001006906,0.000981502,0.000956614,0.000931416,0.000906777,0.000892765,0.000881181,0.00087184,0.000864599,0.000856671,0.000847908,0.000837077,0.000828172,0.000819476,0.000812496,0.00080483,0.000794681,0.000786201,0.000779773,0.000773323,0.000767963,0.000760994,0.000750549,0.00073987,0.000729543,0.000719111,0.003375972
6,-90,15,700.00,MEAN,5,0.193458213,0.368333742,0.353412535,0.316056675,0.264917684,0.238724501,0.21576139,0.188089858,0.179251917,0.164950409,0.15196477,0.140224678,0.131806626,0.120957641,0.113265199,0.107547887,0.102290258,0.098608532,0.094500699,0.089791978,0.084047855,0.078965393,0.074835991,0.071647296,0.067814374,0.064268518,0.061235282,0.058583769,0.055902347,0.052982237,0.050304167,0.047909837,0.045347655,0.042813997,0.040193015,0.038038344,0.036274899,0.034651166,0.033090613,0.031575676,0.030151639,0.028759019,0.027428525,0.026030689,0.024750858,0.02358611,0.022660436,0.021779745,0.020772461,0.019796138,0.018999846,0.018336256,0.017719543,0.017239187,0.01678408,0.016331,0.015930928,0.015516669,0.015129046,0.014737329,0.014332726,0.013981295,0.01367024,0.013383105,0.013093127,0.142577821
6,-90,30,700.00,MEAN,5,0.059003072,0.112259191,0.116487343,0.11052734,0.095151226,0.0867206,0.078830002,0.070374373,0.067583293,0.062962396,0.058251088,0.054315289,0.05114244,0.047093241,0.044087594,0.041868559,0.03959798,0.038004295,0.036504517,0.034759,0.032617608,0.030638179,0.028966839,0.027801877,0.0264343,0.025123931,0.023912635,0.022811337,0.021719469,0.020546302,0.019461432,0.018525749,0.017545341,0.016576536,0.015558627,0.014714968,0.014027341,0.013394344,0.012789076,0.012221943,0.011682641,0.011148769,0.010648255,0.010126555,0.009667324,0.00925553,0.008937763,0.0086326,0.008277529,0.007931574,0.007644573,0.007408529,0.007188942,0.007019751,0.006856924,0.006688261,0.006542257,0.006396475,0.006261634,0.006124674,0.005982718,0.005854825,0.005739427,0.005633693,0.00552597,0.047623633
6,-90,60,700.00,MEAN,5,0.017995424,0.034213879,0.038395076,0.038652223,0.034175732,0.031502684,0.028801118,0.026330778,0.025480907,0.024033062,0.022328789,0.021038741,0.019843837,0.018335124,0.017160752,0.016299495,0.015328928,0.014647074,0.014101269,0.013455412,0.012658364,0.01188746,0.011212223,0.010788186,0.01030419,0.009821479,0.009337985,0.008882274,0.008438561,0.007967775,0.007529145,0.007163527,0.006788421,0.00641803,0.00602271,0.005692422,0.00542431,0.005177559,0.004942805,0.004730726,0.00452659,0.004321951,0.004133847,0.00393947,0.003775916,0.003632004,0.003525246,0.00342161,0.003298477,0.003177885,0.003075788,0.002993321,0.002916604,0.002858424,0.00280131,0.002739137,0.002686669,0.002636834,0.002591575,0.002545348,0.002497286,0.002451774,0.002409689,0.002371535,0.002332242,0.015907175
6,-90,90,700.00,MEAN,5,0.00898441,0.017074586,0.020059575,0.020905418,0.018775306,0.017421913,0.015981431,0.014815403,0.014401591,0.013681559,0.012742776,0.01208015,0.011405516,0.010559406,0.009881669,0.00938657,0.008798587,0.008385492,0.008083826,0.007723121,0.007276364,0.006832314,0.006435239,0.006200908,0.005938464,0.005669757,0.00538728,0.005115734,0.004853935,0.004578102,0.004320063,0.004109062,0.003895241,0.003684202,0.003456866,0.003266044,0.003111508,0.002969304,0.002834409,0.002715182,0.002599568,0.002482791,0.002376727,0.002267719,0.00217867,0.002101369,0.002045698,0.001991258,0.001925617,0.001861139,0.001805776,0.00176167,0.001720666,0.001689963,0.001659382,0.00162489,0.001596314,0.001570202,0.001546859,0.001522931,0.001498014,0.001473483,0.001450388,0.001429624,0.001408077,0.008375615
6,-90,120,700.00,MEAN,5,0.005488448,0.01042756,0.012655296,0.013516966,0.012274993,0.011443868,0.010522699,0.009851738,0.009607058,0.00917354,0.008559064,0.008149245,0.00769963,0.007138535,0.006679689,0.006345419,0.005934041,0.005645067,0.005447156,0.005208669,0.004912506,0.004612275,0.004339926,0.004186226,0.004016612,0.003839425,0.003646522,0.003458578,0.003278593,0.003089872,0.002912839,0.002769989,0.00262649,0.002484905,0.002331378,0.002202089,0.002097557,0.002001376,0.001910328,0.001831114,0.001753885,0.001675455,0.001604835,0.001532547,0.001474818,0.001425251,0.001390433,0.001356186,0.001314396,0.00127326,0.001237541,0.001209413,0.001183287,0.001163943,0.00114444,0.001121797,0.001103318,0.001086989,0.001072605,0.001057819,0.001042409,0.001026708,0.001011704,0.000998311,0.000984326,0.005313291
6,-90,150,700.00,MEAN,5,0.003744787,0.007113142,0.008853234,0.009637957,0.008827972,0.008260322,0.007609458,0.007179024,0.007018007,0.00672796,0.006285834,0.00600502,0.005676848,0.005268941,0.004929882,0.004683407,0.00437184,0.004153025,0.004010375,0.003837404,0.003622152,0.003400532,0.003197279,0.003086525,0.002965799,0.002837581,0.002694088,0.002552862,0.002418299,0.00227772,0.002145576,0.002040021,0.001934705,0.001830821,0.001717594,0.001622003,0.001544814,0.001473798,0.001406678,0.001349002,0.001292531,0.001234935,0.00118343,0.001130878,0.001089683,0.001054645,0.001030572,0.001006776,0.000977435,0.000948507,0.000923145,0.00090338,0.000885039,0.000871599,0.000857902,0.000841594,0.000828459,0.0008172,0.000807424,0.00079735,0.000786844,0.000775796,0.000765096,0.000755609,0.000745647,0.003732948
6,-90,200,700.00,MEAN,5,0.002287637,0.004344042,0.005585378,0.006231683,0.005771586,0.005425928,0.005010317,0.004773806,0.004681594,0.004511124,0.004222067,0.004050975,0.003832324,0.003561992,0.00333244,0.003166032,0.002948505,0.002795793,0.002702327,0.002588043,0.00244543,0.00229559,0.002156245,0.00208371,0.002005984,0.001921543,0.001823564,0.001725905,0.001633442,0.001537288,0.001446673,0.001375213,0.001304537,0.001234844,0.001158379,0.001093615,0.001041403,0.000993372,0.000948069,0.000909765,0.000872049,0.000833368,0.000799086,0.000764259,0.000737644,0.000715312,0.000700465,0.000685685,0.000667182,0.000648902,0.000632653,0.000620184,0.000608634,0.000600304,0.000591676,0.000581022,0.000572603,0.000565715,0.000559875,0.000553835,0.000547534,0.000540567,0.000533685,0.000527644,0.00052125,0.002368094
7,0,15,700.00,MEAN,5,0.795329647,1.346888066,1.335524777,1.186246561,1.124788714,1.058685572,0.958062258,0.870713702,0.82473383,0.770075662,0.71530773,0.685148091,0.644328352,0.613851483,0.598448097,0.587343114,0.580222108,0.55306286,0.52940132,0.505693693,0.479541981,0.460518205,0.448239903,0.428410205,0.406669646,0.387666514,0.374120684,0.364810481,0.354797083,0.34485005,0.337686702,0.328953635,0.318437961,0.310853509,0.301752296,0.291696754,0.283149767,0.274509801,0.266339028,0.257782038,0.250156002,0.243699181,0.236647788,0.22864182,0.220455152,0.211990465,0.204620089,0.197966997,0.190325922,0.182469582,0.175954384,0.170734253,0.166307765,0.162336727,0.158193101,0.154199436,0.150529307,0.14687859,0.143298469,0.140035701,0.13662771,0.133831208,0.131197678,0.128652103,0.126384374,0.571547032
7,0,30,700.00,MEAN,5,0.242568624,0.410498814,0.440198685,0.414839135,0.403993511,0.38458494,0.350035055,0.325780088,0.310949131,0.293941733,0.274191535,0.265388499,0.250006582,0.238994869,0.232941248,0.228653586,0.22461204,0.213153606,0.204501552,0.195756985,0.186102459,0.178678765,0.173500652,0.166239457,0.158521367,0.151547087,0.146095701,0.142049837,0.1378476,0.133731486,0.130642596,0.127199611,0.123205984,0.120354899,0.116807649,0.112841624,0.10949275,0.106111253,0.102936444,0.099779251,0.096926164,0.094472831,0.091871,0.08894709,0.086106568,0.083188118,0.080706557,0.07846602,0.075842166,0.07310875,0.070795102,0.068982988,0.06747222,0.066103081,0.064627795,0.063151438,0.061816951,0.060548122,0.059308599,0.058197322,0.057030679,0.05604333,0.05508312,0.054156824,0.053340679,0.190907294
7,0,60,700.00,MEAN,5,0.07398132,0.125110082,0.14509269,0.145072292,0.14510348,0.139706803,0.127887868,0.121891576,0.117237051,0.11219903,0.105103013,0.102796835,0.09700534,0.093049458,0.090670562,0.089015196,0.086950442,0.082150625,0.078996563,0.075778673,0.072223344,0.069326469,0.067157065,0.064507233,0.061792229,0.05924298,0.057050986,0.055311339,0.053557263,0.051860542,0.050542375,0.049185476,0.047669299,0.046598482,0.045215984,0.043652293,0.042340357,0.041017107,0.039783548,0.038621383,0.037555291,0.036623496,0.035666003,0.034602527,0.03363197,0.032644218,0.031832399,0.031100721,0.030222021,0.029291947,0.028484351,0.027871693,0.02737395,0.026916998,0.02640287,0.025863286,0.025385989,0.024959901,0.024546738,0.024186177,0.023805554,0.023468777,0.023126554,0.022797619,0.022512499,0.063766572
7,0,90,700.00,MEAN,5,0.036935976,0.062436736,0.075803931,0.078463715,0.079716278,0.07726198,0.070963604,0.068584103,0.066261378,0.063872745,0.059981047,0.0590245,0.055755141,0.05358824,0.052210797,0.05126216,0.049908317,0.047031469,0.045286313,0.043495352,0.041515896,0.039845363,0.038544699,0.037077915,0.035611818,0.034199869,0.032913913,0.031856495,0.030806615,0.029797886,0.029000137,0.028213225,0.027352959,0.02674936,0.0259527,0.025045638,0.024287396,0.023523103,0.022813535,0.022166597,0.021567568,0.021038761,0.020505922,0.019918618,0.019405351,0.018886971,0.01847232,0.018099538,0.017643306,0.017154923,0.016722992,0.016403427,0.016149402,0.015913919,0.015639985,0.015342425,0.015083364,0.014863308,0.014651452,0.014471052,0.014279922,0.014104414,0.013919835,0.013743008,0.013591781,0.033575052
7,0,120,700.00,MEAN,5,0.022563659,0.038130519,0.047823606,0.050732846,0.052117223,0.050750793,0.046724768,0.045606091,0.044201848,0.042826931,0.040288054,0.039817812,0.037639153,0.036227563,0.035292808,0.034653754,0.033659724,0.031661323,0.03051545,0.029334367,0.028028707,0.026898324,0.02599455,0.02503126,0.024086845,0.023159341,0.02227865,0.021537119,0.020808345,0.020111313,0.019553589,0.019019013,0.018443602,0.018041796,0.017503008,0.0168867,0.016372827,0.015855087,0.015375805,0.014949113,0.014551281,0.014197525,0.013846195,0.013461204,0.013136157,0.012810062,0.012555382,0.012327054,0.012043045,0.01173619,0.011460655,0.0112612,0.011105802,0.01096053,0.01078656,0.010592151,0.010425109,0.010289281,0.010159443,0.010051514,0.009936834,0.009827815,0.009709644,0.009596785,0.009501428,0.021299216
7,0,150,700.00,MEAN,5,0.015395265,0.026010668,0.033455841,0.036173869,0.037481844,0.036632537,0.033788875,0.033233446,0.032289685,0.031409672,0.029587817,0.029340969,0.027750911,0.026739502,0.026047527,0.025577134,0.024798435,0.02329295,0.022466479,0.021611631,0.020666486,0.019831557,0.019150518,0.01845567,0.017785323,0.017116237,0.016459693,0.015897078,0.015348292,0.014825191,0.014403033,0.014006986,0.013585788,0.013292779,0.012894977,0.012438316,0.012058303,0.011675564,0.011322043,0.011013178,0.010723608,0.010464635,0.010210393,0.00993312,0.009705776,0.009479083,0.009305898,0.009151089,0.008955667,0.008742799,0.008549094,0.00841164,0.008306585,0.008207611,0.008085885,0.007946443,0.007828004,0.007735502,0.007647712,0.007576502,0.007500648,0.007426042,0.007342875,0.007263683,0.007197528,0.014964147
7,0,200,700.00,MEAN,5,0.009404747,0.015884883,0.021106807,0.023389198,0.024505028,0.02406268,0.022247705,0.022099109,0.021539904,0.021060311,0.019873537,0.01979336,0.018734071,0.018076857,0.017607285,0.017290409,0.016724837,0.015680684,0.015138674,0.014575431,0.013952605,0.013387646,0.012915111,0.012459403,0.012029499,0.01159071,0.011141177,0.010747487,0.010367012,0.010005879,0.009711368,0.009442346,0.009160649,0.008965657,0.008696624,0.008386375,0.008128847,0.007869586,0.0076308,0.007427267,0.007235041,0.007061819,0.006894354,0.006712903,0.006570177,0.006429175,0.006325091,0.006232533,0.006112998,0.005981207,0.005858893,0.005774718,0.005712366,0.005652899,0.00557666,0.00548609,0.005410451,0.005354983,0.00530299,0.005262597,0.005219405,0.005174392,0.00512195,0.005072252,0.005031481,0.0094929
7,180,15,700.00,MEAN,5,0.795329647,1.346888066,1.335524777,1.186246561,1.124788714,1.058685572,0.958062258,0.870713702,0.82473383,0.770075662,0.71530773,0.685148091,0.644328352,0.613851483,0.598448097,0.587343114,0.580222108,0.55306286,0.52940132,0.505693693,0.479541981,0.460518205,0.448239903,0.428410205,0.406669646,0.387666514,0.374120684,0.364810481,0.354797083,0.34485005,0.337686702,0.328953635,0.318437961,0.310853509,0.301752296,0.291696754,0.283149767,0.274509801,0.266339028,0.257782038,0.250156002,0.243699181,0.236647788,0.22864182,0.220455152,0.211990465,0.204620089,0.197966997,0.190325922,0.182469582,0.175954384,0.170734253,0.166307765,0.162336727,0.158193101,0.154199436,0.150529307,0.14687859,0.143298469,0.140035701,0.13662771,0.133831208,0.131197678,0.128652103,0.126384374,0.571547032
7,180,30,700.00,MEAN,5,0.242568624,0.410498814,0.440198685,0.414839135,0.403993511,0.38458494,0.350035055,0.325780088,0.310949131,0.293941733,0.274191535,0.265388499,0.250006582,0.238994869,0.232941248,0.228653586,0.22461204,0.213153606,0.204501552,0.195756985,0.186102459,0.178678765,0.173500652,0.166239457,0.158521367,0.151547087,0.146095701,0.142049837,0.1378476,0.133731486,0.130642596,0.127199611,0.123205984,0.120354899,0.116807649,0.112841624,0.10949275,0.106111253,0.102936444,0.099779251,0.096926164,0.094472831,0.091871,0.08894709,0.086106568,0.083188118,0.080706557,0.07846602,0.075842166,0.07310875,0.070795102,0.068982988,0.06747222,0.066103081,0.064627795,0.063151438,0.061816951,0.060548122,0.059308599,0.058197322,0.057030679,0.05604333,0.05508312,0.054156824,0.053340679,0.190907294
7,180,60,700.00,MEAN,5,0.07398132,0.125110082,0.14509269,0.145072292,0.14510348,0.139706803,0.127887868,0.121891576,0.117237051,0.11219903,0.105103013,0.102796835,0.09700534,0.093049458,0.090670562,0.089015196,0.086950442,0.082150625,0.078996563,0.075778673,0.072223344,0.069326469,0.067157065,0.064507233,0.061792229,0.05924298,0.057050986,0.055311339,0.053557263,0.051860542,0.050542375,0.049185476,0.047669299,0.046598482,0.045215984,0.043652293,0.042340357,0.041017107,0.039783548,0.038621383,0.037555291,0.036623496,0.035666003,0.034602527,0.03363197,0.032644218,0.031832399,0.031100721,0.030222021,0.029291947,0.028484351,0.027871693,0.02737395,0.026916998,0.02640287,0.025863286,0.025385989,0.024959901,0.024546738,0.024186177,0.023805554,0.023468777,0.023126554,0.022797619,0.022512499,0.063766572
7,180,90,700.00,MEAN,5,0.036935976,0.062436736,0.075803931,0.078463715,0.079716278,0.07726198,0.070963604,0.068584103,0.066261378,0.063872745,0.059981047,0.0590245,0.055755141,0.05358824,0.052210797,0.05126216,0.049908317,0.047031469,0.045286313,0.043495352,0.041515896,0.039845363,0.038544699,0.037077915,0.035611818,0.034199869,0.032913913,0.031856495,0.030806615,0.029797886,0.029000137,0.028213225,0.027352959,0.02674936,0.0259527,0.025045638,0.024287396,0.023523103,0.022813535,0.022166597,0.021567568,0.021038761,0.020505922,0.019918618,0.019405351,0.018886971,0.01847232,0.018099538,0.017643306,0.017154923,0.016722992,0.016403427,0.016149402,0.015913919,0.015639985,0.015342425,0.015083364,0.014863308,0.014651452,0.014471052,0.014279922,0.014104414,0.013919835,0.013743008,0.013591781,0.033575052
7,180,120,700.00,MEAN,5,0.022563659,0.038130519,0.047823606,0.050732846,0.052117223,0.050750793,0.046724768,0.045606091,0.044201848,0.042826931,0.040288054,0.039817812,0.037639153,0.036227563,0.035292808,0.034653754,0.033659724,0.031661323,0.03051545,0.029334367,0.028028707,0.026898324,0.02599455,0.02503126,0.024086845,0.023159341,0.02227865,0.021537119,0.020808345,0.020111313,0.019553589,0.019019013,0.018443602,0.018041796,0.017503008,0.0168867,0.016372827,0.015855087,0.015375805,0.014949113,0.014551281,0.014197525,0.013846195,0.013461204,0.013136157,0.012810062,0.012555382,0.012327054,0.012043045,0.01173619,0.011460655,0.0112612,0.011105802,0.01096053,0.01078656,0.010592151,0.010425109,0.010289281,0.010159443,0.010051514,0.009936834,0.009827815,0.009709644,0.009596785,0.009501428,0.021299216
7,180,150,700.00,MEAN,5,0.015395265,0.026010668,0.033455841,0.036173869,0.037481844,0.036632537,0.033788875,0.033233446,0.032289685,0.031409672,0.029587817,0.029340969,0.027750911,0.026739502,0.026047527,0.025577134,0.024798435,0.02329295,0.022466479,0.021611631,0.020666486,0.019831557,0.019150518,0.01845567,0.017785323,0.017116237,0.016459693,0.015897078,0.015348292,0.014825191,0.014403033,0.014006986,0.013585788,0.013292779,0.012894977,0.012438316,0.012058303,0.011675564,0.011322043,0.011013178,0.010723608,0.010464635,0.010210393,0.00993312,0.009705776,0.009479083,0.009305898,0.009151089,0.008955667,0.008742799,0.008549094,0.00841164,0.008306585,0.008207611,0.008085885,0.007946443,0.007828004,0.007735502,0.007647712,0.007576502,0.007500648,0.007426042,0.007342875,0.007263683,0.007197528,0.014964147
7,180,200,700.00,MEAN,5,0.009404747,0.015884883,0.021106807,0.023389198,0.024505028,0.02406268,0.022247705,0.022099109,0.021539904,0.021060311,0.019873537,0.01979336,0.018734071,0.018076857,0.017607285,0.017290409,0.016724837,0.015680684,0.015138674,0.014575431,0.013952605,0.013387646,0.012915111,0.012459403,0.012029499,0.01159071,0.011141177,0.010747487,0.010367012,0.010005879,0.009711368,0.009442346,0.009160649,0.008965657,0.008696624,0.008386375,0.008128847,0.007869586,0.0076308,0.007427267,0.007235041,0.007061819,0.006894354,0.006712903,0.006570177,0.006429175,0.006325091,0.006232533,0.006112998,0.005981207,0.005858893,0.005774718,0.005712366,0.005652899,0.00557666,0.00548609,0.005410451,0.005354983,0.00530299,0.005262597,0.005219405,0.005174392,0.00512195,0.005072252,0.005031481,0.0094929
7,-180,15,700.00,MEAN,5,0.795329647,1.346888066,1.335524777,1.186246561,1.124788714,1.058685572,0.958062258,0.870713702,0.82473383,0.770075662,0.71530773,0.685148091,0.644328352,0.613851483,0.598448097,0.587343114,0.580222108,0.55306286,0.52940132,0.505693693,0.479541981,0.460518205,0.448239903,0.428410205,0.406669646,0.387666514,0.374120684,0.364810481,0.354797083,0.34485005,0.337686702,0.328953635,0.318437961,0.310853509,0.301752296,0.291696754,0.283149767,0.274509801,0.266339028,0.257782038,0.250156002,0.243699181,0.236647788,0.22864182,0.220455152,0.211990465,0.204620089,0.197966997,0.190325922,0.182469582,0.175954384,0.170734253,0.166307765,0.162336727,0.158193101,0.154199436,0.150529307,0.14687859,0.143298469,0.140035701,0.13662771,0.133831208,0.131197678,0.128652103,0.126384374,0.571547032
7,-180,30,700.00,MEAN,5,0.242568624,0.410498814,0.440198685,0.414839135,0.403993511,0.38458494,0.350035055,0.325780088,0.310949131,0.293941733,0.274191535,0.265388499,0.250006582,0.238994869,0.232941248,0.228653586,0.22461204,0.213153606,0.204501552,0.195756985,0.186102459,0.178678765,0.173500652,0.166239457,0.158521367,0.151547087,0.146095701,0.142049837,0.1378476,0.133731486,0.130642596,0.127199611,0.123205984,0.120354899,0.116807649,0.112841624,0.10949275,0.106111253,0.102936444,0.099779251,0.096926164,0.094472831,0.091871,0.08894709,0.086106568,0.083188118,0.080706557,0.07846602,0.075842166,0.07310875,0.070795102,0.068982988,0.06747222,0.066103081,0.064627795,0.063151438,0.061816951,0.060548122,0.059308599,0.058197322,0.057030679,0.05604333,0.05508312,0.054156824,0.053340679,0.190907294
7,-180,60,700.00,MEAN,5,0.07398132,0.125110082,0.14509269,0.145072292,0.14510348,0.139706803,0.127887868,0.121891576,0.117237051,0.11219903,0.105103013,0.102796835,0.09700534,0.093049458,0.090670562,0.089015196,0.086950442,0.082150625,0.078996563,0.075778673,0.072223344,0.069326469,0.067157065,0.064507233,0.061792229,0.05924298,0.057050986,0.055311339,0.053557263,0.051860542,0.050542375,0.049185476,0.047669299,0.046598482,0.045215984,0.043652293,0.042340357,0.041017107,0.039783548,0.038621383,0.037555291,0.036623496,0.035666003,0.034602527,0.03363197,0.032644218,0.031832399,0.031100721,0.030222021,0.029291947,0.028484351,0.027871693,0.02737395,0.026916998,0.02640287,0.025863286,0.025385989,0.024959901,0.024546738,0.024186177,0.023805554,0.023468777,0.023126554,0.022797619,0.022512499,0.063766572
7,-180,90,700.00,MEAN,5,0.036935976,0.062436736,0.075803931,0.078463715,0.079716278,0.07726198,0.070963604,0.068584103,0.066261378,0.063872745,0.059981047,0.0590245,0.055755141,0.05358824,0.052210797,0.05126216,0.049908317,0.047031469,0.045286313,0.043495352,0.041515896,0.039845363,0.038544699,0.037077915,0.035611818,0.034199869,0.032913913,0.031856495,0.030806615,0.029797886,0.029000137,0.028213225,0.027352959,0.02674936,0.0259527,0.025045638,0.024287396,0.023523103,0.022813535,0.022166597,0.021567568,0.021038761,0.020505922,0.019918618,0.019405351,0.018886971,0.01847232,0.018099538,0.017643306,0.017154923,0.016722992,0.016403427,0.016149402,0.015913919,0.015639985,0.015342425,0.015083364,0.014863308,0.014651452,0.014471052,0.014279922,0.014104414,0.013919835,0.013743008,0.013591781,0.033575052
7,-180,120,700.00,MEAN,5,0.022563659,0.038130519,0.047823606,0.050732846,0.052117223,0.050750793,0.046724768,0.045606091,0.044201848,0.042826931,0.040288054,0.039817812,0.037639153,0.036227563,0.035292808,0.034653754,0.033659724,0.031661323,0.03051545,0.029334367,0.028028707,0.026898324,0.02599455,0.02503126,0.024086845,0.023159341,0.02227865,0.021537119,0.020808345,0.020111313,0.019553589,0.019019013,0.018443602,0.018041796,0.017503008,0.0168867,0.016372827,0.015855087,0.015375805,0.014949113,0.014551281,0.014197525,0.013846195,0.013461204,0.013136157,0.012810062,0.012555382,0.012327054,0.012043045,0.01173619,0.011460655,0.0112612,0.011105802,0.01096053,0.01078656,0.010592151,0.010425109,0.010289281,0.010159443,0.010051514,0.009936834,0.009827815,0.009709644,0.009596785,0.009501428,0.021299216
7,-180,150,700.00,MEAN,5,0.015395265,0.026010668,0.033455841,0.036173869,0.037481844,0.036632537,0.033788875,0.033233446,0.032289685,0.031409672,0.029587817,0.029340969,0.027750911,0.026739502,0.026047527,0.025577134,0.024798435,0.02329295,0.022466479,0.021611631,0.020666486,0.019831557,0.019150518,0.01845567,0.017785323,0.017116237,0.016459693,0.015897078,0.015348292,0.014825191,0.014403033,0.014006986,0.013585788,0.013292779,0.012894977,0.012438316,0.012058303,0.011675564,0.011322043,0.011013178,0.010723608,0.010464635,0.010210393,0.00993312,0.009705776,0.009479083,0.009305898,0.009151089,0.008955667,0.008742799,0.008549094,0.00841164,0.008306585,0.008207611,0.008085885,0.007946443,0.007828004,0.007735502,0.007647712,0.007576502,0.007500648,0.007426042,0.007342875,0.007263683,0.007197528,0.014964147
7,-180,200,700.00,MEAN,5,0.009404747,0.015884883,0.021106807,0.023389198,0.024505028,0.02406268,0.022247705,0.022099109,0.021539904,0.021060311,0.019873537,0.01979336,0.018734071,0.018076857,0.017607285,0.017290409,0.016724837,0.015680684,0.015138674,0.014575431,0.013952605,0.013387646,0.012915111,0.012459403,0.012029499,0.01159071,0.011141177,0.010747487,0.010367012,0.010005879,0.009711368,0.009442346,0.009160649,0.008965657,0.008696624,0.008386375,0.008128847,0.007869586,0.0076308,0.007427267,0.007235041,0.007061819,0.006894354,0.006712903,0.006570177,0.006429175,0.006325091,0.006232533,0.006112998,0.005981207,0.005858893,0.005774718,0.005712366,0.005652899,0.00557666,0.00548609,0.005410451,0.005354983,0.00530299,0.005262597,0.005219405,0.005174392,0.00512195,0.005072252,0.005031481,0.0094929
7,90,15,700.00,MEAN,5,1.104910681,1.865784603,1.830045761,1.584582905,1.415470915,1.258076339,1.122389854,1.006132965,0.920839222,0.840375529,0.776216586,0.722344636,0.663417987,0.624745748,0.603526703,0.581087966,0.570143624,0.548017586,0.528305364,0.51007911,0.483366594,0.462974215,0.449221481,0.428656889,0.405099547,0.385405838,0.37060538,0.361857274,0.351827709,0.340894735,0.334953066,0.327336692,0.316289543,0.307635022,0.298119637,0.289009152,0.280670138,0.27307243,0.266161239,0.258185979,0.251600168,0.246583532,0.240266073,0.233134029,0.226329025,0.219687996,0.213790434,0.208364052,0.202459399,0.19621422,0.19065144,0.186174698,0.182718502,0.18009298,0.177319925,0.174326249,0.171648915,0.16887233,0.165986035,0.163297212,0.16009169,0.157089587,0.154101245,0.150993026,0.148078969,0.731226588
7,90,30,700.00,MEAN,5,0.336988146,0.568645893,0.6031964,0.55414028,0.50839865,0.457016914,0.410073344,0.376447603,0.347183717,0.320775544,0.297539099,0.279796385,0.257413573,0.243236406,0.234918056,0.226218447,0.22071052,0.211209129,0.204078197,0.197454605,0.18758673,0.179631685,0.173880593,0.16633518,0.157909336,0.150663341,0.14472296,0.140899918,0.136693923,0.13219763,0.129585021,0.126574372,0.122374746,0.119108779,0.115401455,0.111801937,0.108533888,0.10555564,0.102867731,0.099935603,0.097485725,0.095590984,0.093275684,0.090694665,0.088400817,0.08620874,0.084323538,0.082586988,0.080677183,0.078615713,0.076708451,0.075221502,0.07413017,0.07333338,0.072441818,0.071394251,0.070490011,0.069614655,0.068698565,0.067864555,0.066824934,0.065783038,0.064699144,0.063561361,0.06249691,0.244243222
7,90,60,700.00,MEAN,5,0.102778453,0.173309476,0.198817923,0.193786926,0.182602966,0.166018908,0.149823296,0.140848976,0.130898565,0.12244163,0.114052594,0.108377654,0.099879335,0.094700843,0.091440019,0.088067192,0.085440109,0.081401213,0.078833026,0.076435832,0.072799365,0.069696197,0.067304129,0.064544377,0.061553657,0.058897505,0.056514925,0.054863584,0.053109031,0.051265718,0.050133225,0.048943709,0.047347687,0.046116015,0.044671649,0.043250094,0.04196957,0.040802336,0.039756991,0.038681902,0.0377721,0.03705696,0.036211327,0.035282375,0.03452807,0.033829554,0.033259014,0.032734104,0.032148707,0.031498381,0.030863582,0.030392284,0.030075127,0.029861157,0.029595191,0.02923908,0.028947702,0.02869742,0.028433072,0.028203775,0.027893839,0.02754739,0.027163824,0.026756511,0.026376897,0.08158176
7,90,90,700.00,MEAN,5,0.051313256,0.086490856,0.103872774,0.104811483,0.100317573,0.09181335,0.083135337,0.079250764,0.073982749,0.06970366,0.065088467,0.062228927,0.057407009,0.054539291,0.052653873,0.050716223,0.049041407,0.046602428,0.045192562,0.043872547,0.041847008,0.040057864,0.038629107,0.037099265,0.035474325,0.034000432,0.032604648,0.031598611,0.030548788,0.029456114,0.028765376,0.028074546,0.027168415,0.026472405,0.025640267,0.024814875,0.024074703,0.023399933,0.022798307,0.022201331,0.021692079,0.021287769,0.020819452,0.020309966,0.019922393,0.019572771,0.019300184,0.01905011,0.018768085,0.018447129,0.018119824,0.01788688,0.017742976,0.01765457,0.017530985,0.017344988,0.017199594,0.017088953,0.016971127,0.016874857,0.016732307,0.016555605,0.016349862,0.016129534,0.015924887,0.042955294
7,90,120,700.00,MEAN,5,0.031346534,0.052820525,0.065531834,0.067768711,0.065586018,0.060309098,0.054739037,0.052699058,0.049352644,0.046736583,0.043718605,0.041979513,0.038754295,0.036870507,0.035592313,0.034284695,0.033075053,0.031372495,0.030452278,0.029588757,0.028252252,0.027041777,0.026051474,0.025045674,0.023993848,0.023024288,0.022069316,0.021362772,0.020634196,0.019880643,0.0193953,0.018925526,0.018319168,0.017854996,0.017292297,0.016731111,0.016229445,0.015772067,0.015365541,0.014972538,0.014635286,0.014365563,0.014057899,0.013725681,0.013486161,0.013275205,0.013118069,0.01297446,0.012810801,0.012620226,0.012417937,0.012279613,0.012201689,0.012159383,0.012090742,0.011974687,0.011887776,0.011830008,0.011767925,0.011721184,0.011643353,0.011535781,0.011404685,0.011263303,0.011132402,0.027249819
7,90,150,700.00,MEAN,5,0.021387852,0.036031431,0.045843941,0.048320895,0.047168379,0.043531837,0.03958437,0.038402136,0.036052369,0.034277047,0.032107236,0.030933884,0.028573092,0.027214058,0.026268574,0.02530474,0.024367685,0.023080462,0.02241997,0.021799048,0.020831312,0.019937321,0.019192454,0.018466297,0.017716656,0.017016424,0.016305034,0.015768388,0.015219838,0.014655151,0.014286438,0.013938136,0.013494128,0.013155149,0.012739741,0.012323714,0.011952705,0.011614429,0.011314485,0.011030435,0.010785516,0.010588491,0.010366507,0.010128279,0.009964379,0.009823276,0.009722955,0.009631697,0.0095266,0.009401356,0.00926318,0.009172351,0.009126253,0.009105353,0.009063533,0.008983649,0.008926291,0.008893823,0.008858528,0.008835045,0.008788784,0.008716606,0.008624743,0.008525049,0.008433025,0.01914485
7,90,200,700.00,MEAN,5,0.013065533,0.022004628,0.028922281,0.031243187,0.030837929,0.028594598,0.026063649,0.025536112,0.024049928,0.022982897,0.02156578,0.020867938,0.019289109,0.018397675,0.017756705,0.017106268,0.016434326,0.015537639,0.015107334,0.014701831,0.014063885,0.013459045,0.012943394,0.012466577,0.011983054,0.011523119,0.011036493,0.010660484,0.010280248,0.009891115,0.009632752,0.009395933,0.009098845,0.00887283,0.00859193,0.008309106,0.00805766,0.007828379,0.007625706,0.007438906,0.007276809,0.0071454,0.006999767,0.006844794,0.006745235,0.006662623,0.006608559,0.00655986,0.006502708,0.006431745,0.006348272,0.006296957,0.006276044,0.006271208,0.006250923,0.00620216,0.00616955,0.006156843,0.006142579,0.006136774,0.006115768,0.006073644,0.006016104,0.005953068,0.005895164,0.012145038
7,-90,15,700.00,MEAN,5,0.646795771,1.132873727,1.175227511,1.141155864,1.035120596,0.981741149,0.920711848,0.844064002,0.827225301,0.778024723,0.7295464,0.693592602,0.660628403,0.620630778,0.604583778,0.591509715,0.582336849,0.568950516,0.554734301,0.537585489,0.506601688,0.484637263,0.471379309,0.456751316,0.436869533,0.41939021,0.405332772,0.393402674,0.380644922,0.366471574,0.35423703,0.34200676,0.326298317,0.310874983,0.293548985,0.27877357,0.266898547,0.255509973,0.244222015,0.233277393,0.223542924,0.214814736,0.206130592,0.19649236,0.187003723,0.178334894,0.171766422,0.1652467,0.157676853,0.15016215,0.144092073,0.139418581,0.135707087,0.133059775,0.130357955,0.127456734,0.125014694,0.122514783,0.120171519,0.117765687,0.115185759,0.113140319,0.111156829,0.109206098,0.1073355,0.512922764
7,-90,30,700.00,MEAN,5,0.197267084,0.345272434,0.38736354,0.399070587,0.371787162,0.356633613,0.336388809,0.315809024,0.31188849,0.296975929,0.279649497,0.268659436,0.256331184,0.241634297,0.235329514,0.23027565,0.225430686,0.2192768,0.214287387,0.208102486,0.196603892,0.188036839,0.182457245,0.177236886,0.170293397,0.163948555,0.158284153,0.15318306,0.147890136,0.142116227,0.137045507,0.132246986,0.126247214,0.120363213,0.113632165,0.107842346,0.103208475,0.098766905,0.094388517,0.09029428,0.086614585,0.083275439,0.080023666,0.076440187,0.073040927,0.069981186,0.067748365,0.065497033,0.062831977,0.060164368,0.057975328,0.056330292,0.055057311,0.054181585,0.053256098,0.052199127,0.051339021,0.05050457,0.04973678,0.048942145,0.048080452,0.047378786,0.046669004,0.045970919,0.045301079,0.171325702
7,-90,60,700.00,MEAN,5,0.060164745,0.105230664,0.127677842,0.139557915,0.133535835,0.129553024,0.122902112,0.118160874,0.117591217,0.113357198,0.107195158,0.104063815,0.099459356,0.094077084,0.091600176,0.089646668,0.087267351,0.08451054,0.082776717,0.080557689,0.07629878,0.072957355,0.070623902,0.068774654,0.06638101,0.064090978,0.061810628,0.059646391,0.057459041,0.055112111,0.053019502,0.051137192,0.048845973,0.046601701,0.043986761,0.041718344,0.039910256,0.038178163,0.036479889,0.034950052,0.033559936,0.032282696,0.031066651,0.029737045,0.028528721,0.027461627,0.02672141,0.025960345,0.025037647,0.024105616,0.023326326,0.022759533,0.022337135,0.022062597,0.021757107,0.021377834,0.021083082,0.020819623,0.020585138,0.020339826,0.02006958,0.019840402,0.019593901,0.019351716,0.019119375,0.057225957
7,-90,90,700.00,MEAN,5,0.030037901,0.052515825,0.066705513,0.075481212,0.073361299,0.071646641,0.068197062,0.066484967,0.066461549,0.064532068,0.061175009,0.059751982,0.05716562,0.054180061,0.052746096,0.051625813,0.050090218,0.048382526,0.04745336,0.046238405,0.043858564,0.041932214,0.040534485,0.039530772,0.038256404,0.036998527,0.03565985,0.034353263,0.033050953,0.031666164,0.03042146,0.029332747,0.028028142,0.026751208,0.025247161,0.023936029,0.022893434,0.021894983,0.02091908,0.02005945,0.019273082,0.018545141,0.017861557,0.017117849,0.016460821,0.015888478,0.015506416,0.015108018,0.014616722,0.014117532,0.013694746,0.013394749,0.013177908,0.01304389,0.012888024,0.012681599,0.012526744,0.012397824,0.012286853,0.012169707,0.012038873,0.01192381,0.011793538,0.011665727,0.011543204,0.030131219
7,-90,120,700.00,MEAN,5,0.018349724,0.032071754,0.042083546,0.048804428,0.04796244,0.047062266,0.044903186,0.044210238,0.044335379,0.043269009,0.041090014,0.04030857,0.038591339,0.036627655,0.035654653,0.034899587,0.033782404,0.032570848,0.03197568,0.031184352,0.029610318,0.02830709,0.027336462,0.026687182,0.025875569,0.025054527,0.02413731,0.023225101,0.022324284,0.021372259,0.020511928,0.019773701,0.018898866,0.018043042,0.017027178,0.01613856,0.015433118,0.014757698,0.014098985,0.013528057,0.013003229,0.012514764,0.012060642,0.011568416,0.011142903,0.010776339,0.010539498,0.010289619,0.009977145,0.009658221,0.009385328,0.009195698,0.009062331,0.00898383,0.008888591,0.008755161,0.00865806,0.008582524,0.00851981,0.008453012,0.008377377,0.008308392,0.008226466,0.008146213,0.008069356,0.01911453
7,-90,150,700.00,MEAN,5,0.012520082,0.021877692,0.029440281,0.034798856,0.034493793,0.033970113,0.032471603,0.032216279,0.03238723,0.031733896,0.030176782,0.029702599,0.028452946,0.027034809,0.026314583,0.025758578,0.024888818,0.023962079,0.023541548,0.022974578,0.021832659,0.020870209,0.020139121,0.019676589,0.019106087,0.0185169,0.01783289,0.017143019,0.016466452,0.015754706,0.015108939,0.014562793,0.013921141,0.013293697,0.01254442,0.011887255,0.011366224,0.010867455,0.010381851,0.00996627,0.009582767,0.009224314,0.008893699,0.008536418,0.00823304,0.007974185,0.007811749,0.007638583,0.007419386,0.007194829,0.007001,0.006868797,0.006778171,0.006727393,0.006663119,0.006568297,0.006501163,0.006452359,0.006413448,0.006371604,0.006323518,0.006277943,0.006221228,0.006165764,0.006112704,0.013429257
7,-90,200,700.00,MEAN,5,0.007648339,0.013360848,0.018573448,0.022500146,0.022551488,0.022313824,0.02138037,0.021422728,0.021604975,0.021277704,0.020269133,0.020037315,0.019208001,0.018276496,0.017787806,0.017413067,0.016785795,0.016131138,0.015863092,0.015494637,0.014739926,0.014088807,0.013581826,0.013283644,0.012922827,0.012539206,0.012070662,0.011589826,0.011122274,0.010633231,0.01018733,0.009817026,0.009386772,0.008966277,0.008460202,0.008014829,0.007662296,0.007324903,0.006997132,0.006721234,0.006465334,0.006224817,0.006005284,0.005768998,0.005573232,0.00540848,0.005309538,0.00520241,0.005064356,0.004922195,0.004797948,0.004715533,0.004661289,0.004633415,0.004595409,0.004534641,0.004493383,0.004466713,0.00444714,0.004425681,0.004400287,0.004374408,0.004339557,0.004305572,0.004273128,0.008519202