rup_mag,dist_azimuth,dist_rhypo,result_type,damping,0.5,0.55,0.6,0.65,0.7,0.75,0.8,0.85,0.9,0.95,1,1.1,1.2,1.3,1.4,1.5,1.6,1.7,1.8,1.9,2,2.2,2.4,2.6,2.8,3,3.2,3.4,3.6,3.8,4,4.2,4.4,4.6,4.8,5,5.5,6,6.5,7,7.5,8,8.5,9,9.5,10,11,12,13,14,15,16,17,18,19,20,pga,pgv
6,30,300,MEAN,5,0.002215286,0.002377582,0.002441296,0.002409531,0.002416296,0.002419,0.002385541,0.002299796,0.002220724,0.002179071,0.002144949,0.00202948,0.001904867,0.001777316,0.001658837,0.001567296,0.0014895,0.001414276,0.001344561,0.001281112,0.001232561,0.001121827,0.001004204,0.000910459,0.000826031,0.000742061,0.000666061,0.00060152,0.000550071,0.000508388,0.000465969,0.000433551,0.000406541,0.0003825,0.000360204,0.000339224,0.000292092,0.000248388,0.000215316,0.000188214,0.000165306,0.000145204,0.000128939,0.000116449,0.000105959,0.0000965,8.02653E-05,6.84388E-05,5.98571E-05,5.3102E-05,4.6898E-05,4.16327E-05,3.71531E-05,3.3449E-05,3.07551E-05,2.81122E-05,0.000902898,0.23596
6,30,400,MEAN,5,0.001249816,0.001343133,0.001388949,0.001381888,0.001397184,0.00141152,0.001411541,0.001379878,0.001343612,0.001333663,0.001329286,0.001286653,0.001236143,0.001180918,0.001120347,0.001067929,0.001021296,0.000979541,0.000944408,0.000911929,0.000885408,0.000818602,0.000744694,0.000683122,0.000624918,0.000564867,0.000510959,0.000465592,0.000429704,0.000399694,0.000369143,0.000345143,0.000324204,0.000305469,0.000288224,0.000271857,0.000234388,0.000199092,0.000172582,0.000150602,0.000131714,0.000115122,0.000101959,9.22143E-05,0.000084,7.65714E-05,6.3898E-05,5.45204E-05,4.74592E-05,4.18367E-05,3.6898E-05,3.27551E-05,2.92551E-05,2.63265E-05,2.41633E-05,2.20918E-05,0.000559663,0.16195
6,30,500,MEAN,5,0.000752133,0.000809337,0.000842908,0.000845357,0.000861755,0.000878561,0.000889694,0.000879827,0.000863551,0.00086548,0.000872,0.00086102,0.000843602,0.000821867,0.000790847,0.000760551,0.000733398,0.000710684,0.000693592,0.000677214,0.000661959,0.000619786,0.000571837,0.000530204,0.000488735,0.000445224,0.00040648,0.000373959,0.000347622,0.000324816,0.000301847,0.000283367,0.000266684,0.000251694,0.000237827,0.000224582,0.00019402,0.000165163,0.000143347,0.000125071,0.000109112,9.50714E-05,8.42347E-05,7.6398E-05,6.97449E-05,6.36735E-05,5.33265E-05,4.55714E-05,3.95816E-05,3.47755E-05,3.06429E-05,2.72041E-05,2.42959E-05,2.18469E-05,2.00102E-05,1.82551E-05,0.000370031,0.11856
6,45,300,MEAN,5,0.000907827,0.00088399,0.000856408,0.00082502,0.000745184,0.000730541,0.000730449,0.000713398,0.000679102,0.000650235,0.000622041,0.000569469,0.000521939,0.000513286,0.000484378,0.000447939,0.000411398,0.000382418,0.000358724,0.000336673,0.000325888,0.000292347,0.00026652,0.000246551,0.00022451,0.000204663,0.000190357,0.000177092,0.000165347,0.000157296,0.000159459,0.000150959,0.000143755,0.000137398,0.000132633,0.00012802,0.000118878,0.00011148,9.88265E-05,9.33163E-05,8.39082E-05,7.47449E-05,6.75918E-05,6.13878E-05,5.57551E-05,5.05408E-05,4.04082E-05,3.33571E-05,2.88776E-05,2.45204E-05,2.1449E-05,1.88673E-05,1.65408E-05,0.0000145,1.19082E-05,1.04898E-05,0.000244867,0.06069
6,45,400,MEAN,5,0.000512173,0.000499378,0.000487245,0.000473163,0.000430888,0.000426286,0.000432214,0.000428041,0.000410878,0.000397969,0.00038549,0.000361031,0.000338704,0.000341051,0.000327143,0.000305214,0.000282082,0.000264867,0.000251969,0.000239653,0.000234102,0.000213327,0.000197643,0.00018499,0.000169857,0.000155786,0.000146031,0.000137071,0.000129173,0.000123663,0.000126316,0.000120184,0.000114643,0.000109724,0.000106122,0.000102602,9.5398E-05,8.93571E-05,7.92143E-05,7.46633E-05,6.68571E-05,5.92653E-05,5.3449E-05,4.86122E-05,4.42041E-05,4.01122E-05,3.21633E-05,2.65714E-05,2.2898E-05,1.93265E-05,1.68776E-05,1.48469E-05,1.30204E-05,1.14082E-05,9.35714E-06,8.23469E-06,0.000151776,0.04165
6,45,500,MEAN,5,0.000308224,0.000300908,0.000295694,0.000289449,0.000265765,0.000265327,0.000272429,0.000272918,0.000264071,0.000258255,0.000252878,0.000241602,0.000231143,0.000237357,0.000230929,0.000217367,0.000202561,0.000192173,0.000185051,0.000177969,0.00017502,0.00016152,0.000151765,0.000143582,0.000132837,0.000122796,0.000116173,0.000110092,0.0001045,0.0001005,0.000103286,9.86633E-05,9.43061E-05,9.04082E-05,8.75714E-05,8.47551E-05,7.89694E-05,7.41224E-05,6.57959E-05,6.20102E-05,5.53878E-05,4.89388E-05,4.41531E-05,4.02755E-05,3.67041E-05,3.33571E-05,2.68469E-05,2.22143E-05,1.90918E-05,1.60612E-05,1.40204E-05,1.23265E-05,1.08163E-05,9.47959E-06,7.7449E-06,6.80612E-06,0.000100347,0.03049
6,60,300,MEAN,5,0.002215286,0.002377582,0.002441296,0.002409531,0.002416296,0.002419,0.002385541,0.002299796,0.002220724,0.002179071,0.002144949,0.00202948,0.001904867,0.001777316,0.001658837,0.001567296,0.0014895,0.001414276,0.001344561,0.001281112,0.001232561,0.001121827,0.001004204,0.000910459,0.000826031,0.000742061,0.000666061,0.00060152,0.000550071,0.000508388,0.000465969,0.000433551,0.000406541,0.0003825,0.000360204,0.000339224,0.000292092,0.000248388,0.000215316,0.000188214,0.000165306,0.000145204,0.000128939,0.000116449,0.000105959,0.0000965,8.02653E-05,6.84388E-05,5.98571E-05,5.3102E-05,4.6898E-05,4.16327E-05,3.71531E-05,3.3449E-05,3.07551E-05,2.81122E-05,0.000902898,0.23596
6,60,400,MEAN,5,0.001249816,0.001343133,0.001388949,0.001381888,0.001397184,0.00141152,0.001411541,0.001379878,0.001343612,0.001333663,0.001329286,0.001286653,0.001236143,0.001180918,0.001120347,0.001067929,0.001021296,0.000979541,0.000944408,0.000911929,0.000885408,0.000818602,0.000744694,0.000683122,0.000624918,0.000564867,0.000510959,0.000465592,0.000429704,0.000399694,0.000369143,0.000345143,0.000324204,0.000305469,0.000288224,0.000271857,0.000234388,0.000199092,0.000172582,0.000150602,0.000131714,0.000115122,0.000101959,9.22143E-05,0.000084,7.65714E-05,6.3898E-05,5.45204E-05,4.74592E-05,4.18367E-05,3.6898E-05,3.27551E-05,2.92551E-05,2.63265E-05,2.41633E-05,2.20918E-05,0.000559663,0.16195
6,60,500,MEAN,5,0.000752133,0.000809337,0.000842908,0.000845357,0.000861755,0.000878561,0.000889694,0.000879827,0.000863551,0.00086548,0.000872,0.00086102,0.000843602,0.000821867,0.000790847,0.000760551,0.000733398,0.000710684,0.000693592,0.000677214,0.000661959,0.000619786,0.000571837,0.000530204,0.000488735,0.000445224,0.00040648,0.000373959,0.000347622,0.000324816,0.000301847,0.000283367,0.000266684,0.000251694,0.000237827,0.000224582,0.00019402,0.000165163,0.000143347,0.000125071,0.000109112,9.50714E-05,8.42347E-05,7.6398E-05,6.97449E-05,6.36735E-05,5.33265E-05,4.55714E-05,3.95816E-05,3.47755E-05,3.06429E-05,2.72041E-05,2.42959E-05,2.18469E-05,2.00102E-05,1.82551E-05,0.000370031,0.11856
6,90,300,MEAN,5,0.004430571,0.004755173,0.004882592,0.004819071,0.004832602,0.00483799,0.004771071,0.004599602,0.004441459,0.004358153,0.004289898,0.004058949,0.003809745,0.003554622,0.003317673,0.003134602,0.002979,0.002828551,0.002689112,0.002562224,0.002465122,0.002243663,0.002008418,0.001820908,0.001652061,0.001484112,0.001332133,0.001203041,0.001100133,0.001016776,0.000931939,0.000867092,0.000813082,0.00076501,0.000720408,0.000678449,0.000584173,0.000496776,0.000430622,0.000376439,0.000330622,0.000290398,0.000257867,0.000232898,0.000211918,0.00019299,0.000160531,0.000136888,0.000119714,0.000106194,9.37857E-05,8.32551E-05,7.43061E-05,6.68878E-05,6.15204E-05,5.62245E-05,0.001805796,0.47192
6,90,400,MEAN,5,0.002499643,0.002686265,0.002777898,0.002763776,0.002794357,0.002823051,0.002823092,0.002759765,0.002687235,0.002667327,0.002658571,0.002573306,0.002472286,0.002361827,0.002240694,0.002135857,0.002042592,0.001959082,0.001888816,0.001823867,0.001770816,0.001637194,0.001489398,0.001366235,0.001249837,0.001129735,0.001021918,0.000931173,0.000859408,0.000799388,0.000738286,0.000690286,0.000648408,0.000610939,0.000576459,0.000543714,0.000468765,0.000398184,0.000345173,0.000301204,0.000263418,0.000230245,0.000203918,0.000184429,0.000168,0.000153143,0.000127786,0.000109051,9.49184E-05,8.36837E-05,7.38061E-05,6.55204E-05,5.85102E-05,5.26429E-05,4.83367E-05,4.41735E-05,0.001119316,0.3239
6,90,500,MEAN,5,0.001504265,0.001618673,0.001685816,0.001690724,0.0017235,0.001757122,0.001779398,0.001759663,0.001727112,0.001730959,0.00174399,0.001722041,0.001687194,0.001643745,0.001581704,0.001521102,0.001466796,0.001421378,0.001387194,0.001354418,0.001323908,0.001239571,0.001143673,0.001060408,0.000977459,0.000890449,0.000812969,0.000747918,0.000695255,0.000649622,0.000603684,0.000566724,0.000533378,0.000503378,0.000475643,0.000449153,0.000388031,0.000330327,0.000286694,0.000250153,0.000218235,0.000190133,0.000168459,0.000152796,0.00013949,0.000127357,0.000106643,9.11429E-05,7.91633E-05,6.95408E-05,6.12857E-05,5.44082E-05,4.8602E-05,4.37041E-05,4.00102E-05,3.65102E-05,0.000740061,0.23712
6.5,30,300,MEAN,5,0.006721041,0.007201337,0.007375102,0.007290439,0.007308673,0.007305684,0.007194827,0.006942878,0.006707561,0.006572459,0.006455398,0.006099622,0.005722051,0.005342551,0.004996918,0.004726857,0.004495673,0.004266092,0.004052347,0.003865816,0.003727673,0.003400531,0.003057939,0.002789418,0.002534102,0.002281439,0.002058724,0.001865367,0.001713786,0.001593449,0.001469061,0.001376663,0.001298173,0.001228765,0.001164163,0.001103143,0.000956908,0.000821449,0.000719806,0.00063448,0.000563776,0.000502469,0.000451214,0.000410531,0.000375204,0.000343663,0.000290776,0.000250418,0.000219531,0.000195429,0.000173214,0.000154286,0.000138163,0.000124673,0.000114745,0.000104765,0.002717327,0.73814
6.5,30,400,MEAN,5,0.003791878,0.004068133,0.00419599,0.004181133,0.004226102,0.00426299,0.004257245,0.004165724,0.004058306,0.004022551,0.004000582,0.003867061,0.003713245,0.003549796,0.003374837,0.003220796,0.00308252,0.002954735,0.002846347,0.002751796,0.002677755,0.002481357,0.002267694,0.002092918,0.001917122,0.001736684,0.001579316,0.001443837,0.001338786,0.001252755,0.001163796,0.001095949,0.001035265,0.000981306,0.000931541,0.000884071,0.000767867,0.000658429,0.000576969,0.000507663,0.000449184,0.000398388,0.000356806,0.000325092,0.000297439,0.000272704,0.000231469,0.0001995,0.000174061,0.000154,0.000136306,0.000121408,0.000108796,9.81224E-05,9.01531E-05,8.23265E-05,0.001684327,0.50662
6.5,30,500,MEAN,5,0.002281918,0.002451357,0.002546408,0.002557776,0.002606571,0.002653357,0.002683347,0.002656122,0.002608306,0.002610429,0.002624337,0.002587806,0.002534082,0.00247052,0.002382286,0.002293765,0.002213582,0.002143755,0.002090418,0.00204352,0.002001969,0.001878714,0.001741327,0.001624418,0.001499327,0.001368847,0.001256388,0.001159684,0.001083061,0.001018061,0.000951622,0.000899786,0.000851592,0.000808541,0.000768633,0.000730316,0.000635622,0.000546214,0.000479224,0.000421622,0.000372133,0.00032898,0.000294776,0.000269337,0.000246969,0.000226786,0.000193173,0.000166724,0.000145163,0.00012798,0.000113184,0.000100816,9.03673E-05,8.14592E-05,7.46327E-05,6.80306E-05,0.001113622,0.37089
6.5,45,300,MEAN,5,0.002754286,0.002677459,0.002587184,0.002496245,0.002254,0.002206316,0.002203051,0.002153684,0.002051173,0.001961224,0.001872061,0.001711551,0.001567847,0.001542929,0.001459102,0.001350939,0.001241704,0.001153551,0.001081163,0.001015939,0.000985592,0.000886173,0.000811582,0.000755378,0.000688765,0.000629224,0.000588388,0.000549163,0.000515163,0.00049301,0.000502714,0.000479357,0.000459031,0.000441378,0.000428643,0.000416327,0.000389459,0.000368663,0.000330388,0.000314571,0.000286173,0.000258673,0.000236531,0.000216429,0.000197429,0.00018001,0.000146378,0.000122051,0.000105898,9.02551E-05,7.92245E-05,6.99184E-05,6.15102E-05,5.40612E-05,4.44286E-05,3.90816E-05,0.000736939,0.18985
6.5,45,400,MEAN,5,0.001553908,0.001512531,0.001471949,0.001431622,0.001303327,0.001287418,0.001303571,0.001292204,0.001241031,0.001200327,0.001160173,0.001085092,0.001017429,0.001025184,0.000985449,0.0009205,0.000851398,0.000798959,0.000759408,0.000723173,0.000708,0.000646643,0.000601847,0.000566765,0.000521071,0.00047898,0.000451367,0.000425061,0.000402439,0.000387602,0.000398255,0.000381612,0.000366071,0.00035249,0.00034299,0.000333653,0.00031252,0.0002955,0.000264827,0.000251704,0.00022801,0.000205092,0.000187041,0.000171388,0.00015651,0.000142837,0.00011652,9.72347E-05,8.39694E-05,7.11122E-05,6.23469E-05,5.50204E-05,4.84388E-05,4.25408E-05,3.49082E-05,3.07041E-05,0.000456786,0.1303
6.5,45,500,MEAN,5,0.000935133,0.000911418,0.000893286,0.000875786,0.000803867,0.000801316,0.000821643,0.000823929,0.000797622,0.000778949,0.000761061,0.000726143,0.000694337,0.00071349,0.000695622,0.000655561,0.000611388,0.000579673,0.000557724,0.000537041,0.000529316,0.000489592,0.000462143,0.000439898,0.00040752,0.000377531,0.000359071,0.000341408,0.000325571,0.00031499,0.000325643,0.000313306,0.000301122,0.000290429,0.00028301,0.000275622,0.000258694,0.000245143,0.000219959,0.000209041,0.000188898,0.000169357,0.00015452,0.000142,0.000129949,0.000118786,9.72449E-05,8.12653E-05,7.00204E-05,5.9102E-05,5.17653E-05,4.56837E-05,4.02347E-05,3.53163E-05,2.8898E-05,2.53776E-05,0.00030202,0.09539
6.5,60,300,MEAN,5,0.006721041,0.007201337,0.007375102,0.007290439,0.007308673,0.007305684,0.007194827,0.006942878,0.006707561,0.006572459,0.006455398,0.006099622,0.005722051,0.005342551,0.004996918,0.004726857,0.004495673,0.004266092,0.004052347,0.003865816,0.003727673,0.003400531,0.003057939,0.002789418,0.002534102,0.002281439,0.002058724,0.001865367,0.001713786,0.001593449,0.001469061,0.001376663,0.001298173,0.001228765,0.001164163,0.001103143,0.000956908,0.000821449,0.000719806,0.00063448,0.000563776,0.000502469,0.000451214,0.000410531,0.000375204,0.000343663,0.000290776,0.000250418,0.000219531,0.000195429,0.000173214,0.000154286,0.000138163,0.000124673,0.000114745,0.000104765,0.002717327,0.73814
6.5,60,400,MEAN,5,0.003791878,0.004068133,0.00419599,0.004181133,0.004226102,0.00426299,0.004257245,0.004165724,0.004058306,0.004022551,0.004000582,0.003867061,0.003713245,0.003549796,0.003374837,0.003220796,0.00308252,0.002954735,0.002846347,0.002751796,0.002677755,0.002481357,0.002267694,0.002092918,0.001917122,0.001736684,0.001579316,0.001443837,0.001338786,0.001252755,0.001163796,0.001095949,0.001035265,0.000981306,0.000931541,0.000884071,0.000767867,0.000658429,0.000576969,0.000507663,0.000449184,0.000398388,0.000356806,0.000325092,0.000297439,0.000272704,0.000231469,0.0001995,0.000174061,0.000154,0.000136306,0.000121408,0.000108796,9.81224E-05,9.01531E-05,8.23265E-05,0.001684327,0.50662
6.5,60,500,MEAN,5,0.002281918,0.002451357,0.002546408,0.002557776,0.002606571,0.002653357,0.002683347,0.002656122,0.002608306,0.002610429,0.002624337,0.002587806,0.002534082,0.00247052,0.002382286,0.002293765,0.002213582,0.002143755,0.002090418,0.00204352,0.002001969,0.001878714,0.001741327,0.001624418,0.001499327,0.001368847,0.001256388,0.001159684,0.001083061,0.001018061,0.000951622,0.000899786,0.000851592,0.000808541,0.000768633,0.000730316,0.000635622,0.000546214,0.000479224,0.000421622,0.000372133,0.00032898,0.000294776,0.000269337,0.000246969,0.000226786,0.000193173,0.000166724,0.000145163,0.00012798,0.000113184,0.000100816,9.03673E-05,8.14592E-05,7.46327E-05,6.80306E-05,0.001113622,0.37089
6.5,90,300,MEAN,5,0.013442092,0.014402663,0.014750214,0.014580888,0.014617347,0.014611378,0.014389653,0.013885745,0.013415122,0.013144918,0.012910796,0.012199255,0.011444102,0.010685102,0.009993847,0.009453724,0.008991347,0.008532173,0.008104684,0.007731643,0.007455337,0.006801061,0.006115888,0.005578847,0.005068194,0.004562888,0.004117459,0.003730735,0.003427571,0.003186898,0.002938133,0.002753337,0.002596347,0.002457541,0.002328327,0.002206286,0.001913827,0.001642898,0.001439612,0.001268959,0.001127551,0.001004939,0.000902429,0.000821061,0.000750398,0.000687327,0.000581551,0.000500837,0.000439061,0.000390867,0.000346418,0.000308561,0.000276327,0.000249357,0.00022949,0.000209531,0.005434643,1.47629
6.5,90,400,MEAN,5,0.007583755,0.008136265,0.008391969,0.008362265,0.008452204,0.00852598,0.00851448,0.008331449,0.008116602,0.008045112,0.008001163,0.007734112,0.00742649,0.007099592,0.006749663,0.006441582,0.006165051,0.00590948,0.005692694,0.005503592,0.00535551,0.004962714,0.004535398,0.004185837,0.003834245,0.003473357,0.003158643,0.002887663,0.002677582,0.00250552,0.002327602,0.002191908,0.00207052,0.001962622,0.001863071,0.001768143,0.001535735,0.001316847,0.001153929,0.001015337,0.000898367,0.000796776,0.000713612,0.000650194,0.000594888,0.000545398,0.000462949,0.00039899,0.000348133,0.000308,0.000272602,0.000242806,0.000217592,0.000196245,0.000180316,0.000164643,0.003368653,1.01324
6.5,90,500,MEAN,5,0.004563847,0.004902704,0.005092816,0.005115551,0.005213143,0.005306724,0.005366684,0.005312245,0.005216622,0.005220857,0.005248673,0.005175612,0.005068163,0.004941041,0.004764571,0.004587541,0.004427163,0.00428751,0.004180847,0.004087031,0.004003939,0.003757439,0.003482643,0.003248847,0.002998663,0.002737684,0.002512776,0.002319378,0.002166112,0.002036112,0.001903245,0.001799561,0.001703194,0.001617082,0.001537255,0.001460643,0.001271235,0.001092418,0.000958439,0.000843245,0.000744265,0.000657969,0.000589551,0.000538684,0.000493929,0.000453561,0.000386347,0.000333449,0.000290316,0.000255959,0.000226367,0.000201622,0.000180735,0.000162908,0.000149265,0.000136051,0.002227255,0.74179
7,30,300,MEAN,5,0.020157878,0.021600276,0.022091704,0.021947163,0.022055214,0.022027531,0.021661806,0.020928194,0.020250816,0.019782051,0.019350704,0.018225061,0.017001551,0.015816204,0.014828643,0.014012357,0.013223194,0.012474633,0.011815418,0.011261092,0.010828286,0.009820163,0.008830592,0.008059939,0.007281622,0.006534061,0.00590598,0.005345714,0.004913582,0.004580837,0.004232051,0.00398098,0.003759163,0.003568816,0.003395388,0.003231388,0.002802959,0.002421173,0.002140592,0.001891469,0.001695735,0.001533622,0.001389949,0.001271133,0.001163592,0.001071357,0.00092752,0.000808898,0.000709745,0.000634561,0.000565459,0.000506653,0.000456878,0.000414459,0.000382429,0.000349061,0.007992214,2.16449
7,30,400,MEAN,5,0.011372673,0.012202296,0.012568827,0.012586888,0.01275301,0.012853429,0.01281748,0.012556918,0.012252439,0.012107235,0.011992153,0.011554378,0.011032929,0.010508888,0.01001501,0.009547755,0.009066673,0.008640061,0.008299092,0.008015949,0.007778459,0.007165745,0.006548551,0.006047408,0.005508765,0.004973857,0.004530673,0.004137694,0.003838439,0.003601429,0.003352643,0.003169235,0.002997847,0.002850102,0.002716908,0.002589673,0.002249224,0.001940673,0.001715806,0.001513429,0.001351071,0.001215949,0.001099133,0.001006592,0.000922449,0.000850133,0.000738347,0.000644408,0.000562745,0.000500031,0.000444969,0.000398684,0.000359755,0.000326173,0.00030048,0.000274286,0.004953949,1.48557
7,30,500,MEAN,5,0.00684398,0.007352796,0.007627622,0.007699939,0.007865796,0.008000204,0.008078867,0.008006459,0.007874755,0.007856969,0.007866714,0.007732102,0.007529357,0.007313776,0.007069561,0.006799684,0.006510837,0.006268633,0.006095041,0.005952745,0.005815398,0.005425429,0.00502851,0.004693714,0.004308255,0.003920378,0.003604265,0.003323398,0.003105235,0.002926714,0.002741418,0.002601949,0.00246599,0.002348316,0.002241776,0.002139296,0.001861837,0.001609929,0.001425133,0.001256908,0.001119316,0.001004112,0.000908041,0.000833959,0.000765898,0.00070699,0.000616184,0.000538551,0.000469296,0.000415551,0.00036949,0.000331061,0.000298816,0.000270776,0.000248745,0.000226653,0.003275408,1.08758
7,45,300,MEAN,5,0.008260694,0.00803098,0.007749765,0.007514714,0.006801827,0.006652316,0.006632847,0.006491929,0.006192704,0.005902959,0.005611704,0.005113949,0.004658429,0.004567724,0.004329959,0.004004735,0.003652245,0.003373143,0.003152357,0.002959418,0.002863,0.002559133,0.002343643,0.002182633,0.001979143,0.001802092,0.001687929,0.001573776,0.00147702,0.001417316,0.001448204,0.001386173,0.001329235,0.001281918,0.001250184,0.001219531,0.001140806,0.001086622,0.000982531,0.000937786,0.000860755,0.00078951,0.000728612,0.000670143,0.000612286,0.000561184,0.000466918,0.000394255,0.000342378,0.000293041,0.000258643,0.000229612,0.000203398,0.000179704,0.000148071,0.000130204,0.00216749,0.55671
7,45,400,MEAN,5,0.00466052,0.004536816,0.004409143,0.004309755,0.003933031,0.003881735,0.003924714,0.003895153,0.003746796,0.003612796,0.003477724,0.003242153,0.00302302,0.003034969,0.002924378,0.002728745,0.002504214,0.002336276,0.002214194,0.002106592,0.002056622,0.001867398,0.00173799,0.001637643,0.001497286,0.001371786,0.001294867,0.001218133,0.001153837,0.001114286,0.001147276,0.001103531,0.001060041,0.001023755,0.001000367,0.000977347,0.000915439,0.000870969,0.000787551,0.000750357,0.000685806,0.000625969,0.000576163,0.000530673,0.000485388,0.000445306,0.000371684,0.000314082,0.000271469,0.000230918,0.000203531,0.000180684,0.000160163,0.000141429,0.000116347,0.000102306,0.00134351,0.38209
7,45,500,MEAN,5,0.002804663,0.002733765,0.002675776,0.002636459,0.002425806,0.002416061,0.002473755,0.002483602,0.002408102,0.00234452,0.002281347,0.002169633,0.002063041,0.002112214,0.002064316,0.001943347,0.001798296,0.001695041,0.001626153,0.001564378,0.001537592,0.001413867,0.001334571,0.001271061,0.00117098,0.001081235,0.001030102,0.000978408,0.000933429,0.00090552,0.000938112,0.000906,0.00087198,0.00084351,0.000825418,0.000807367,0.000757765,0.000722531,0.000654133,0.000623173,0.000568163,0.000516918,0.00047599,0.000439663,0.00040302,0.000370316,0.000310184,0.00026249,0.000226388,0.000191898,0.000169,0.000150041,0.000133031,0.000117408,9.63163E-05,8.45408E-05,0.000888286,0.27973
7,60,300,MEAN,5,0.020157878,0.021600276,0.022091704,0.021947163,0.022055214,0.022027531,0.021661806,0.020928194,0.020250816,0.019782051,0.019350704,0.018225061,0.017001551,0.015816204,0.014828643,0.014012357,0.013223194,0.012474633,0.011815418,0.011261092,0.010828286,0.009820163,0.008830592,0.008059939,0.007281622,0.006534061,0.00590598,0.005345714,0.004913582,0.004580837,0.004232051,0.00398098,0.003759163,0.003568816,0.003395388,0.003231388,0.002802959,0.002421173,0.002140592,0.001891469,0.001695735,0.001533622,0.001389949,0.001271133,0.001163592,0.001071357,0.00092752,0.000808898,0.000709745,0.000634561,0.000565459,0.000506653,0.000456878,0.000414459,0.000382429,0.000349061,0.007992214,2.16449
7,60,400,MEAN,5,0.011372673,0.012202296,0.012568827,0.012586888,0.01275301,0.012853429,0.01281748,0.012556918,0.012252439,0.012107235,0.011992153,0.011554378,0.011032929,0.010508888,0.01001501,0.009547755,0.009066673,0.008640061,0.008299092,0.008015949,0.007778459,0.007165745,0.006548551,0.006047408,0.005508765,0.004973857,0.004530673,0.004137694,0.003838439,0.003601429,0.003352643,0.003169235,0.002997847,0.002850102,0.002716908,0.002589673,0.002249224,0.001940673,0.001715806,0.001513429,0.001351071,0.001215949,0.001099133,0.001006592,0.000922449,0.000850133,0.000738347,0.000644408,0.000562745,0.000500031,0.000444969,0.000398684,0.000359755,0.000326173,0.00030048,0.000274286,0.004953949,1.48557
7,60,500,MEAN,5,0.00684398,0.007352796,0.007627622,0.007699939,0.007865796,0.008000204,0.008078867,0.008006459,0.007874755,0.007856969,0.007866714,0.007732102,0.007529357,0.007313776,0.007069561,0.006799684,0.006510837,0.006268633,0.006095041,0.005952745,0.005815398,0.005425429,0.00502851,0.004693714,0.004308255,0.003920378,0.003604265,0.003323398,0.003105235,0.002926714,0.002741418,0.002601949,0.00246599,0.002348316,0.002241776,0.002139296,0.001861837,0.001609929,0.001425133,0.001256908,0.001119316,0.001004112,0.000908041,0.000833959,0.000765898,0.00070699,0.000616184,0.000538551,0.000469296,0.000415551,0.00036949,0.000331061,0.000298816,0.000270776,0.000248745,0.000226653,0.003275408,1.08758
7,90,300,MEAN,5,0.040315755,0.043200551,0.044183408,0.043894337,0.044110429,0.044055061,0.043323602,0.041856378,0.040501633,0.039564102,0.038701408,0.036450122,0.034003112,0.031632408,0.029657286,0.028024724,0.026446378,0.024949265,0.023630837,0.022522173,0.021656571,0.019640316,0.017661173,0.016119867,0.014563245,0.013068122,0.011811949,0.010691439,0.009827163,0.009161684,0.008464092,0.007961969,0.007518316,0.007137633,0.006790776,0.006462786,0.005605918,0.004842357,0.004281184,0.003782939,0.003391459,0.003067245,0.002779908,0.002542265,0.002327184,0.002142724,0.001855041,0.001617796,0.00141948,0.001269122,0.001130918,0.001013296,0.000913745,0.000828908,0.000764857,0.000698122,0.015984429,4.32897
7,90,400,MEAN,5,0.022745337,0.024404592,0.025137663,0.025173786,0.02550601,0.025706867,0.025634959,0.025113837,0.024504867,0.02421448,0.023984296,0.023108745,0.022065847,0.021017786,0.02003002,0.01909552,0.018133347,0.017280122,0.016598173,0.016031908,0.015556908,0.01433149,0.013097112,0.012094816,0.011017541,0.009947714,0.009061347,0.008275388,0.007676878,0.007202857,0.006705286,0.006338469,0.005995684,0.005700204,0.005433827,0.005179347,0.004498449,0.003881347,0.003431612,0.003026847,0.002702133,0.002431888,0.002198265,0.002013194,0.001844888,0.001700276,0.001476704,0.001288806,0.0011255,0.001000061,0.000889929,0.000797378,0.00071951,0.000652347,0.000600969,0.000548561,0.009907908,2.97115
7,90,500,MEAN,5,0.013687959,0.014705592,0.015255245,0.015399878,0.015731592,0.016000418,0.016157745,0.016012908,0.01574951,0.015713939,0.015733429,0.015464214,0.015058714,0.014627561,0.014139122,0.013599357,0.013021673,0.012537265,0.012190082,0.01190548,0.011630796,0.010850847,0.010057031,0.009387429,0.00861652,0.007840745,0.007208541,0.006646796,0.006210469,0.005853429,0.005482837,0.005203898,0.00493199,0.004696622,0.004483551,0.004278592,0.003723673,0.003219857,0.002850265,0.002513816,0.002238633,0.002008235,0.001816071,0.001667918,0.001531806,0.00141398,0.001232367,0.001077112,0.000938592,0.000831102,0.00073898,0.000662122,0.000597643,0.000541561,0.0004975,0.000453296,0.006550816,2.17517
7.5,30,300,MEAN,5,0.059765918,0.064161561,0.065615,0.0657365,0.066400061,0.06630551,0.065104255,0.062989357,0.061112418,0.059415816,0.057774806,0.054135367,0.049966224,0.046113184,0.043351092,0.040828939,0.037902276,0.035361204,0.033327857,0.031666776,0.030211765,0.027017398,0.024182673,0.02196399,0.019597888,0.017432429,0.015725163,0.014157051,0.012964112,0.012078673,0.01114,0.010483878,0.009871378,0.009371255,0.008936714,0.008526286,0.007340898,0.006360153,0.005662714,0.004986643,0.004498388,0.00412852,0.003768908,0.003456735,0.003160551,0.002923673,0.00260501,0.002306806,0.002022745,0.001817684,0.001631531,0.001474296,0.001343367,0.001228622,0.001138724,0.001039704,0.022972939,5.94947
7.5,30,400,MEAN,5,0.033718735,0.036245755,0.037330929,0.037700459,0.038394571,0.038690378,0.038522755,0.037793633,0.036975102,0.036364347,0.035804592,0.034320878,0.032424898,0.030639367,0.029278571,0.027820071,0.025988245,0.024491551,0.023409316,0.022541286,0.0217025,0.019714531,0.017933296,0.016479694,0.014826398,0.013269908,0.012063306,0.010957847,0.010127429,0.009496184,0.008825153,0.008346143,0.007872194,0.00748399,0.007150959,0.006833061,0.005890673,0.005097918,0.00453899,0.003989969,0.003584071,0.003273327,0.002980337,0.002737347,0.002505541,0.002319969,0.002073704,0.001837704,0.001603816,0.001432327,0.001283867,0.001160143,0.001057806,0.000966918,0.000894724,0.000816969,0.014239714,4.08336
7.5,30,500,MEAN,5,0.020291663,0.021840776,0.022654959,0.02306298,0.02368099,0.024081582,0.024280939,0.024097714,0.023764245,0.023598571,0.023487408,0.022967296,0.022128184,0.021323806,0.020667653,0.019812765,0.018662327,0.017769367,0.017192337,0.016739418,0.016225418,0.014926531,0.013770653,0.012790755,0.011595327,0.010459286,0.009596663,0.008801357,0.008192929,0.007717102,0.007216224,0.006852204,0.006475582,0.006166367,0.005900398,0.005644704,0.004876122,0.004229092,0.003770041,0.003313694,0.002969286,0.002703082,0.002462173,0.002267878,0.002080347,0.001929327,0.001730592,0.001535837,0.00133748,0.001190337,0.001066092,0.000963347,0.000878643,0.000802704,0.000740673,0.000675092,0.009414878,2.98941
7.5,45,300,MEAN,5,0.024492071,0.023855265,0.023017745,0.022508173,0.020477776,0.020024265,0.019934929,0.019539296,0.018688173,0.017729684,0.016754694,0.015190388,0.013690745,0.01331749,0.01265852,0.011668908,0.010468612,0.009561673,0.008891867,0.008322031,0.00798799,0.007040735,0.006418082,0.005947847,0.005326704,0.004807867,0.004494255,0.004167837,0.00389701,0.003737143,0.003812112,0.00365049,0.00349052,0.003366153,0.0032905,0.003217827,0.002987745,0.002854439,0.002599184,0.002472378,0.002283378,0.002125357,0.001975663,0.001822388,0.001663082,0.001531418,0.001311357,0.001124337,0.000975776,0.000839408,0.000746265,0.000668153,0.000598071,0.000532724,0.000440918,0.000387806,0.006230255,1.5302
7.5,45,400,MEAN,5,0.013817939,0.013476173,0.013095694,0.012908633,0.011840888,0.01168449,0.011795673,0.011723582,0.01130699,0.010851122,0.010383327,0.009630439,0.008884418,0.008848653,0.008549347,0.00795098,0.007177959,0.00662251,0.006245602,0.005923847,0.005738143,0.005137602,0.0047595,0.004462704,0.004029816,0.003659837,0.003447694,0.00322599,0.003044306,0.002938122,0.003019969,0.002906122,0.002783612,0.002688245,0.00263298,0.002578796,0.0023975,0.002287949,0.002083398,0.001978224,0.001819276,0.001685112,0.001562296,0.001443133,0.001318418,0.001215194,0.001043908,0.000895694,0.000773684,0.000661449,0.000587245,0.000525776,0.000470939,0.000419255,0.000346439,0.000304724,0.003861806,1.05024
7.5,45,500,MEAN,5,0.00831552,0.008120398,0.007947357,0.007896765,0.007303214,0.007272643,0.007434827,0.007475112,0.007267112,0.007041816,0.006811347,0.006444622,0.006063122,0.006158316,0.006034949,0.00566249,0.005154531,0.004804837,0.004586918,0.004399122,0.00429,0.003889857,0.003654735,0.003463735,0.003151612,0.002884673,0.002742724,0.002591122,0.002462796,0.002387673,0.002469388,0.002385939,0.002289765,0.002214959,0.00217252,0.002130306,0.001984582,0.00189801,0.001730449,0.001642929,0.001507204,0.001391551,0.001290673,0.001195622,0.001094673,0.001010582,0.000871184,0.000748571,0.000645204,0.000549694,0.000487633,0.000436592,0.000391173,0.000348051,0.000286786,0.000251806,0.002553316,0.76888
7.5,60,300,MEAN,5,0.059765918,0.064161561,0.065615,0.0657365,0.066400061,0.06630551,0.065104255,0.062989357,0.061112418,0.059415816,0.057774806,0.054135367,0.049966224,0.046113184,0.043351092,0.040828939,0.037902276,0.035361204,0.033327857,0.031666776,0.030211765,0.027017398,0.024182673,0.02196399,0.019597888,0.017432429,0.015725163,0.014157051,0.012964112,0.012078673,0.01114,0.010483878,0.009871378,0.009371255,0.008936714,0.008526286,0.007340898,0.006360153,0.005662714,0.004986643,0.004498388,0.00412852,0.003768908,0.003456735,0.003160551,0.002923673,0.00260501,0.002306806,0.002022745,0.001817684,0.001631531,0.001474296,0.001343367,0.001228622,0.001138724,0.001039704,0.022972939,5.94947
7.5,60,400,MEAN,5,0.033718735,0.036245755,0.037330929,0.037700459,0.038394571,0.038690378,0.038522755,0.037793633,0.036975102,0.036364347,0.035804592,0.034320878,0.032424898,0.030639367,0.029278571,0.027820071,0.025988245,0.024491551,0.023409316,0.022541286,0.0217025,0.019714531,0.017933296,0.016479694,0.014826398,0.013269908,0.012063306,0.010957847,0.010127429,0.009496184,0.008825153,0.008346143,0.007872194,0.00748399,0.007150959,0.006833061,0.005890673,0.005097918,0.00453899,0.003989969,0.003584071,0.003273327,0.002980337,0.002737347,0.002505541,0.002319969,0.002073704,0.001837704,0.001603816,0.001432327,0.001283867,0.001160143,0.001057806,0.000966918,0.000894724,0.000816969,0.014239714,4.08336
7.5,60,500,MEAN,5,0.020291663,0.021840776,0.022654959,0.02306298,0.02368099,0.024081582,0.024280939,0.024097714,0.023764245,0.023598571,0.023487408,0.022967296,0.022128184,0.021323806,0.020667653,0.019812765,0.018662327,0.017769367,0.017192337,0.016739418,0.016225418,0.014926531,0.013770653,0.012790755,0.011595327,0.010459286,0.009596663,0.008801357,0.008192929,0.007717102,0.007216224,0.006852204,0.006475582,0.006166367,0.005900398,0.005644704,0.004876122,0.004229092,0.003770041,0.003313694,0.002969286,0.002703082,0.002462173,0.002267878,0.002080347,0.001929327,0.001730592,0.001535837,0.00133748,0.001190337,0.001066092,0.000963347,0.000878643,0.000802704,0.000740673,0.000675092,0.009414878,2.98941
7.5,90,300,MEAN,5,0.119531837,0.128323122,0.13123,0.131473,0.132800133,0.132611031,0.13020852,0.125978714,0.122224837,0.118831633,0.115549612,0.108270735,0.099932459,0.092226378,0.086702184,0.081657878,0.075804551,0.070722408,0.066655704,0.063333551,0.06042352,0.054034796,0.048365347,0.04392798,0.039195786,0.034864847,0.031450316,0.028314102,0.025928235,0.024157357,0.02228,0.020967755,0.019742765,0.01874251,0.017873429,0.017052582,0.014681796,0.012720306,0.011325439,0.009973276,0.008996776,0.008257041,0.007537816,0.006913459,0.006321092,0.005847347,0.00521001,0.004613602,0.00404548,0.003635367,0.003263061,0.002948592,0.002686735,0.002457235,0.002277459,0.002079408,0.045945867,11.89893
7.5,90,400,MEAN,5,0.067437459,0.07249151,0.074661857,0.075400918,0.076789133,0.077380755,0.07704552,0.075587255,0.073950204,0.072728704,0.071609184,0.068641765,0.064849796,0.061278735,0.058557153,0.055640143,0.0519765,0.048983092,0.046818622,0.045082571,0.04340499,0.039429051,0.035866602,0.032959378,0.029652806,0.026539816,0.024126612,0.021915694,0.020254867,0.018992357,0.017650296,0.016692276,0.015744398,0.01496798,0.014301918,0.013666122,0.011781347,0.010195837,0.00907798,0.007979939,0.007168143,0.006546653,0.005960673,0.005474694,0.005011092,0.004639929,0.004147418,0.003675408,0.003207633,0.002864653,0.002567735,0.002320276,0.002115602,0.001933847,0.001789459,0.001633939,0.028479429,8.16671
7.5,90,500,MEAN,5,0.040583316,0.043681551,0.045309918,0.046125959,0.047361969,0.048163173,0.048561878,0.048195429,0.0475285,0.047197143,0.046974806,0.045934592,0.044256378,0.042647612,0.041335296,0.039625541,0.037324653,0.035538745,0.034384684,0.033478837,0.032450837,0.029853051,0.027541296,0.02558152,0.023190653,0.020918582,0.019193337,0.017602704,0.016385847,0.015434214,0.014432439,0.013704408,0.012951173,0.012332724,0.011800786,0.011289408,0.009752235,0.008458173,0.007540082,0.006627378,0.005938561,0.005406163,0.004924347,0.004535745,0.004160694,0.003858653,0.003461184,0.003071673,0.002674959,0.002380684,0.002132184,0.001926704,0.001757286,0.001605408,0.001481357,0.001350184,0.018829755,5.97882
8,30,300,MEAN,5,0.175171418,0.188738235,0.193236929,0.195901714,0.199439122,0.19925652,0.195328051,0.189297918,0.184342439,0.178082143,0.171809929,0.159859888,0.145249776,0.132408908,0.124852827,0.116934612,0.105872143,0.097169031,0.09094548,0.085963112,0.080962959,0.070814398,0.06280198,0.056448602,0.049404592,0.04332451,0.038860551,0.03464698,0.031476735,0.029211939,0.02679448,0.025143357,0.023506816,0.022247939,0.021226551,0.020264857,0.017189704,0.014890286,0.013325612,0.011626347,0.010524541,0.00980251,0.008995592,0.00825602,0.007518796,0.006984092,0.006441939,0.005807888,0.005081776,0.004593367,0.004160643,0.003801378,0.003512367,0.003247918,0.003029276,0.00276851,0.064534051,15.32888
8,30,400,MEAN,5,0.098828204,0.106620837,0.10994002,0.112351347,0.115321857,0.11626952,0.115577316,0.113578786,0.111533469,0.108991888,0.106475204,0.101348388,0.094257847,0.087977551,0.084323429,0.079677041,0.072592776,0.067300306,0.063879643,0.061190918,0.058159418,0.051673082,0.046572469,0.042353663,0.037376082,0.032979469,0.029811255,0.02681748,0.024589296,0.022966245,0.021226684,0.020016449,0.018746143,0.017767469,0.01698501,0.016240469,0.013793816,0.011935173,0.010681245,0.009302612,0.008385388,0.00777199,0.007113449,0.006537847,0.005960571,0.005541949,0.005128092,0.004626827,0.004029306,0.003619541,0.003274051,0.002991357,0.002765724,0.002556112,0.002380173,0.002175408,0.040001265,10.52082
8,30,500,MEAN,5,0.05947401,0.064247031,0.066719112,0.068730112,0.071128163,0.072368235,0.07284852,0.072419327,0.071683622,0.070730061,0.06984652,0.067821633,0.064325735,0.061228939,0.059523633,0.056744031,0.052129327,0.048828439,0.046914684,0.045441082,0.043481673,0.039123418,0.035762133,0.032872918,0.029230816,0.025994296,0.023715612,0.021539816,0.019892337,0.018663602,0.017356806,0.016433561,0.015420378,0.014639337,0.014014663,0.013416041,0.011418092,0.009901071,0.008871735,0.007725867,0.00694701,0.006418031,0.005876704,0.005416571,0.004949051,0.004608796,0.004279592,0.003866816,0.003360184,0.003008041,0.002718694,0.002483939,0.002297286,0.002122,0.001970367,0.001797622,0.026447653,7.70225
8,45,300,MEAN,5,0.071785245,0.070172878,0.06778751,0.067076745,0.061507031,0.060175469,0.059809449,0.058720214,0.056371918,0.053139714,0.049824878,0.044856684,0.039798439,0.038239694,0.036457031,0.033419908,0.029241888,0.02627451,0.024264255,0.022591102,0.021406612,0.018454235,0.016667643,0.015286286,0.013428173,0.011948898,0.011106347,0.010200071,0.009461908,0.009038173,0.009169071,0.008754918,0.00831201,0.007991459,0.007815612,0.007647959,0.006996214,0.006682755,0.006116459,0.005764347,0.005342255,0.005046327,0.00471549,0.004352571,0.003956388,0.003658265,0.003242878,0.002830765,0.002451449,0.002121214,0.001903071,0.001722786,0.001563704,0.001408296,0.001172939,0.001032653,0.017501633,3.94259
8,45,400,MEAN,5,0.040499796,0.039641633,0.038566959,0.038469102,0.035565265,0.035113398,0.035389776,0.035232143,0.034106939,0.032523184,0.030877806,0.028438357,0.025826653,0.025407918,0.024622439,0.022771694,0.020050122,0.018198,0.017043092,0.016080969,0.015377347,0.013466,0.012360337,0.011469367,0.010158816,0.009095735,0.008520051,0.007895061,0.007391541,0.007105755,0.007263776,0.006969724,0.006628633,0.006382071,0.006253878,0.006129153,0.005614082,0.0053565,0.004902694,0.004612235,0.004256418,0.00400102,0.003728867,0.003446755,0.003136449,0.002902878,0.00258148,0.002255112,0.001943735,0.00167151,0.001497551,0.001355684,0.001231306,0.001108327,0.000921602,0.000811429,0.010848347,2.70596
8,45,500,MEAN,5,0.024372449,0.023887041,0.023405061,0.023533194,0.021935929,0.021855204,0.022306214,0.02246448,0.021920857,0.021105847,0.02025549,0.019030755,0.017625255,0.017682918,0.017380898,0.016217439,0.014398122,0.013203214,0.012516837,0.011941918,0.011496551,0.010195561,0.009491276,0.00890199,0.007944939,0.007169224,0.006777918,0.006341327,0.005979633,0.00577452,0.0059395,0.005722163,0.005452643,0.005258449,0.005160194,0.005063214,0.004647163,0.004443602,0.004072122,0.00383049,0.003526306,0.003304,0.003080561,0.002855612,0.002604184,0.002414082,0.002154347,0.001884684,0.001620949,0.001389112,0.001243531,0.001125724,0.001022755,0.000920102,0.000762929,0.00067051,0.007172602,1.98102
8,60,300,MEAN,5,0.175171418,0.188738235,0.193236929,0.195901714,0.199439122,0.19925652,0.195328051,0.189297918,0.184342439,0.178082143,0.171809929,0.159859888,0.145249776,0.132408908,0.124852827,0.116934612,0.105872143,0.097169031,0.09094548,0.085963112,0.080962959,0.070814398,0.06280198,0.056448602,0.049404592,0.04332451,0.038860551,0.03464698,0.031476735,0.029211939,0.02679448,0.025143357,0.023506816,0.022247939,0.021226551,0.020264857,0.017189704,0.014890286,0.013325612,0.011626347,0.010524541,0.00980251,0.008995592,0.00825602,0.007518796,0.006984092,0.006441939,0.005807888,0.005081776,0.004593367,0.004160643,0.003801378,0.003512367,0.003247918,0.003029276,0.00276851,0.064534051,15.32888
8,60,400,MEAN,5,0.098828204,0.106620837,0.10994002,0.112351347,0.115321857,0.11626952,0.115577316,0.113578786,0.111533469,0.108991888,0.106475204,0.101348388,0.094257847,0.087977551,0.084323429,0.079677041,0.072592776,0.067300306,0.063879643,0.061190918,0.058159418,0.051673082,0.046572469,0.042353663,0.037376082,0.032979469,0.029811255,0.02681748,0.024589296,0.022966245,0.021226684,0.020016449,0.018746143,0.017767469,0.01698501,0.016240469,0.013793816,0.011935173,0.010681245,0.009302612,0.008385388,0.00777199,0.007113449,0.006537847,0.005960571,0.005541949,0.005128092,0.004626827,0.004029306,0.003619541,0.003274051,0.002991357,0.002765724,0.002556112,0.002380173,0.002175408,0.040001265,10.52082
8,60,500,MEAN,5,0.05947401,0.064247031,0.066719112,0.068730112,0.071128163,0.072368235,0.07284852,0.072419327,0.071683622,0.070730061,0.06984652,0.067821633,0.064325735,0.061228939,0.059523633,0.056744031,0.052129327,0.048828439,0.046914684,0.045441082,0.043481673,0.039123418,0.035762133,0.032872918,0.029230816,0.025994296,0.023715612,0.021539816,0.019892337,0.018663602,0.017356806,0.016433561,0.015420378,0.014639337,0.014014663,0.013416041,0.011418092,0.009901071,0.008871735,0.007725867,0.00694701,0.006418031,0.005876704,0.005416571,0.004949051,0.004608796,0.004279592,0.003866816,0.003360184,0.003008041,0.002718694,0.002483939,0.002297286,0.002122,0.001970367,0.001797622,0.026447653,7.70225
8,90,300,MEAN,5,0.350342847,0.377476469,0.386473857,0.391803418,0.398878255,0.398513041,0.390656112,0.378595837,0.368684888,0.356164286,0.343619857,0.319719765,0.290499541,0.264817827,0.249705653,0.233869224,0.211744276,0.194338061,0.181890959,0.171926214,0.161925929,0.141628796,0.125603959,0.112897204,0.098809194,0.08664902,0.077721102,0.069293969,0.062953459,0.058423878,0.053588959,0.050286714,0.047013633,0.044495888,0.042453092,0.040529714,0.034379408,0.029780571,0.026651235,0.023252694,0.021049071,0.01960502,0.017991194,0.016512051,0.015037592,0.013968173,0.012883878,0.011615786,0.010163561,0.009186735,0.008321276,0.007602765,0.007024724,0.006495837,0.006058541,0.00553702,0.129068112,30.65775
8,90,400,MEAN,5,0.197656398,0.213241673,0.219880051,0.224702694,0.230643714,0.232539051,0.231154643,0.227157582,0.223066939,0.217983776,0.212950408,0.202696776,0.188515684,0.175955102,0.168646857,0.159354082,0.145185561,0.134600612,0.127759276,0.122381837,0.116318837,0.103346163,0.093144929,0.084707327,0.074752163,0.065958939,0.0596225,0.053634949,0.049178592,0.04593248,0.042453367,0.040032898,0.037492286,0.035534929,0.03397001,0.032480939,0.027587633,0.023870337,0.02136248,0.018605224,0.016770776,0.01554398,0.014226888,0.013075694,0.011921143,0.011083908,0.010256173,0.009253653,0.008058612,0.007239092,0.006548112,0.005982704,0.005531449,0.005112214,0.004760347,0.004350816,0.08000252,21.04164
8,90,500,MEAN,5,0.11894802,0.128494051,0.133438224,0.137460224,0.142256337,0.144736469,0.145697041,0.144838653,0.143367255,0.141460122,0.139693051,0.135643265,0.128651469,0.122457888,0.119047255,0.113488061,0.104258663,0.097656888,0.093829378,0.090882163,0.086963357,0.078246827,0.071524276,0.065745837,0.058461643,0.051988582,0.047431235,0.043079633,0.039784663,0.037327194,0.034713612,0.032867122,0.030840755,0.029278673,0.028029316,0.026832082,0.022836184,0.019802153,0.017743469,0.015451735,0.01389402,0.012836061,0.011753398,0.010833143,0.009898092,0.009217592,0.008559194,0.007733633,0.006720367,0.006016082,0.005437388,0.004967888,0.004594582,0.00424399,0.003940724,0.003595245,0.052895306,15.4045