<?xml version="1.0" encoding="UTF-8"?>
<nrml xmlns:gml="http://www.opengis.net/gml" xmlns="http://openquake.org/xmlns/nrml/0.4">
  <logicTree logicTreeID='lt1'>
    
    <logicTreeBranchSet uncertaintyType="gmpeModel" branchSetID="bs11" applyToTectonicRegionType="Active Shallow Crust">
      
      <logicTreeBranch branchID="b1"> <uncertaintyModel>AkkarBommer2010</uncertaintyModel>
      <uncertaintyWeight>0.35</uncertaintyWeight>
      </logicTreeBranch>
      
      <logicTreeBranch branchID="b2"> <uncertaintyModel>CauzziFaccioli2008</uncertaintyModel>
      <uncertaintyWeight>0.35</uncertaintyWeight>
      </logicTreeBranch>
      
      <logicTreeBranch branchID="b3"> <uncertaintyModel>ChiouYoungs2008</uncertaintyModel>
      <uncertaintyWeight>0.20</uncertaintyWeight>
      </logicTreeBranch>
      
      <logicTreeBranch branchID="b4"> <uncertaintyModel>ZhaoEtAl2006Asc</uncertaintyModel>
      <uncertaintyWeight>0.10</uncertaintyWeight>
      </logicTreeBranch>
      
    </logicTreeBranchSet>
    
    <logicTreeBranchSet uncertaintyType="gmpeModel" branchSetID="bs21" applyToTectonicRegionType="Stable Shallow Crust">
      
      <logicTreeBranch branchID="b21"> <uncertaintyModel>AkkarBommer2010</uncertaintyModel>
      <uncertaintyWeight>0.20</uncertaintyWeight>
      </logicTreeBranch>
      
      <logicTreeBranch branchID="b22"> <uncertaintyModel>CauzziFaccioli2008</uncertaintyModel>
      <uncertaintyWeight>0.20</uncertaintyWeight>
      </logicTreeBranch>
      
      <logicTreeBranch branchID="b23"> <uncertaintyModel>ChiouYoungs2008</uncertaintyModel>
      <uncertaintyWeight>0.20</uncertaintyWeight>
      </logicTreeBranch>
      
      <logicTreeBranch branchID="b24"> <uncertaintyModel>ToroEtAl2002SHARE</uncertaintyModel>
      <uncertaintyWeight>0.20</uncertaintyWeight>
      </logicTreeBranch>
      
      <logicTreeBranch branchID="b25"> <uncertaintyModel>Campbell2003SHARE</uncertaintyModel>
      <uncertaintyWeight>0.20</uncertaintyWeight>
      </logicTreeBranch>
      
    </logicTreeBranchSet>
    
    <logicTreeBranchSet uncertaintyType="gmpeModel" branchSetID="bs41" applyToTectonicRegionType="Subduction Interface">
      
      <logicTreeBranch branchID="b41"> <uncertaintyModel>AtkinsonBoore2003SInter</uncertaintyModel>
      <uncertaintyWeight>0.2</uncertaintyWeight>
      </logicTreeBranch>
      
      <logicTreeBranch branchID="b42"> <uncertaintyModel>LinLee2008SInter</uncertaintyModel>
      <uncertaintyWeight>0.2</uncertaintyWeight>
      </logicTreeBranch>
      
      <logicTreeBranch branchID="b43"> <uncertaintyModel>YoungsEtAl1997SInter</uncertaintyModel>
      <uncertaintyWeight>0.2</uncertaintyWeight>
      </logicTreeBranch>
      
      <logicTreeBranch branchID="b44"> <uncertaintyModel>ZhaoEtAl2006SInter</uncertaintyModel>
      <uncertaintyWeight>0.4</uncertaintyWeight>
      
      </logicTreeBranch>
    </logicTreeBranchSet>
    
  </logicTree>
</nrml>
