rup_mag,dist_rjb,site_vs30,result_type,damping,pgv,pga,0.010,0.020,0.050,0.100,0.150,0.200,0.210,0.220,0.230,0.240,0.250,0.300,0.400,0.500,0.600,0.700,0.800,0.900,1.000,1.500,2.000,2.500,3.000,3.500,4.000,4.500,5.000,5.500,6.000,6.500,7.000,7.500,8.000,8.500,9.000,9.500,10.000
3.0,0.0,200.0,MEAN,5.0,2.6349900e-01,1.4849300e-02,1.5287200e-02,1.5032200e-02,2.2884100e-02,3.1928100e-02,2.4140000e-02,1.7600000e-02,1.6571100e-02,1.5646100e-02,1.4425600e-02,1.3346400e-02,1.2507800e-02,8.9115200e-03,4.9886900e-03,3.2122800e-03,2.1578400e-03,1.5075000e-03,1.0998300e-03,8.3544900e-04,6.5165700e-04,2.3135400e-04,1.1877200e-04,7.8094000e-05,5.8365700e-05,4.4708600e-05,3.4519800e-05,2.6481400e-05,1.9492900e-05,1.4306600e-05,1.0329300e-05,7.4654200e-06,5.4891300e-06,4.0846700e-06,3.1921200e-06,2.6154100e-06,2.2128900e-06,1.9200100e-06,1.6900700e-06
3.0,100.0,200.0,MEAN,5.0,2.6212600e-03,8.5841500e-05,8.8384700e-05,8.6470600e-05,1.1028300e-04,1.8362400e-04,1.9222100e-04,1.7191700e-04,1.6674800e-04,1.6196300e-04,1.5359400e-04,1.4598700e-04,1.4017400e-04,1.1150200e-04,7.2165800e-05,5.0376600e-05,3.5939400e-05,2.6363500e-05,2.0035500e-05,1.5763600e-05,1.2693500e-05,5.2595100e-06,2.9120300e-06,1.9798300e-06,1.5255200e-06,1.2028100e-06,9.5374000e-07,7.5141000e-07,5.8086000e-07,4.4466200e-07,3.3754400e-07,2.5206900e-07,1.8490200e-07,1.3583500e-07,1.0167300e-07,7.9334300e-08,6.3953900e-08,5.2776200e-08,4.4503800e-08
3.0,100.0,600.0,MEAN,5.0,1.0418100e-03,4.4411700e-05,4.5540800e-05,4.6039800e-05,6.6695500e-05,1.0753500e-04,1.0170700e-04,8.0787100e-05,7.6757600e-05,7.3102900e-05,6.8085900e-05,6.3605300e-05,6.0053800e-05,4.4239600e-05,2.6534400e-05,1.7371900e-05,1.1966400e-05,8.6772600e-06,6.5273600e-06,5.0516100e-06,4.0056200e-06,1.6680000e-06,9.2978500e-07,6.3897400e-07,5.0229100e-07,4.0492200e-07,3.2879000e-07,2.6594200e-07,2.1151400e-07,1.6693700e-07,1.3081000e-07,1.0088200e-07,7.6394700e-08,5.7870300e-08,4.4587000e-08,3.5755100e-08,2.9587800e-08,2.5044400e-08,2.1653300e-08
3.0,0.0,250.0,MEAN,5.0,2.2039800e-01,1.3106600e-02,1.3480500e-02,1.3352300e-02,2.0867200e-02,2.8923800e-02,2.1446800e-02,1.5272100e-02,1.4320700e-02,1.3468800e-02,1.2374100e-02,1.1409500e-02,1.0657000e-02,7.4755700e-03,4.1210700e-03,2.6184000e-03,1.7459600e-03,1.2166700e-03,8.8544700e-04,6.6982900e-04,5.2035000e-04,1.8404800e-04,9.4294100e-05,6.2084100e-05,4.6580900e-05,3.5840500e-05,2.7805800e-05,2.1444800e-05,1.5876900e-05,1.1725100e-05,8.5202000e-06,6.1983200e-06,4.5870400e-06,3.4347300e-06,2.7000100e-06,2.2245200e-06,1.8922000e-06,1.6502500e-06,1.4600100e-06
3.0,75.0,600.0,MEAN,5.0,1.7281400e-03,8.1716900e-05,8.3791000e-05,8.4738500e-05,1.2724500e-04,2.0281800e-04,1.8395800e-04,1.4132600e-04,1.3348800e-04,1.2642000e-04,1.1708400e-04,1.0879200e-04,1.0218400e-04,7.3535700e-05,4.2762300e-05,2.7528800e-05,1.8730800e-05,1.3439700e-05,1.0024500e-05,7.7039800e-06,6.0713900e-06,2.4778200e-06,1.3720700e-06,9.4380500e-07,7.4185200e-07,5.9884100e-07,4.8680000e-07,3.9378500e-07,3.1306600e-07,2.4724600e-07,1.9406500e-07,1.5020100e-07,1.1436600e-07,8.7185400e-08,6.7628100e-08,5.4601100e-08,4.5481000e-08,3.8731900e-08,3.3662300e-08
3.0,50.0,600.0,MEAN,5.0,3.3964600e-03,1.7734800e-04,1.8183800e-04,1.8401000e-04,2.8557900e-04,4.4618500e-04,3.8625400e-04,2.8675400e-04,2.6929800e-04,2.5364600e-04,2.3363600e-04,2.1595800e-04,2.0183300e-04,1.4203000e-04,8.0215400e-05,5.0853100e-05,3.4214700e-05,2.4304400e-05,1.7981500e-05,1.3724500e-05,1.0749500e-05,4.2997300e-06,2.3668000e-06,1.6298100e-06,1.2807000e-06,1.0350700e-06,8.4251100e-07,6.8161800e-07,5.4159600e-07,4.2796900e-07,3.3653600e-07,2.6163100e-07,2.0065200e-07,1.5426100e-07,1.2077200e-07,9.8424100e-08,8.2732300e-08,7.1054000e-08,6.2202900e-08
3.0,20.0,250.0,MEAN,5.0,2.8795700e-02,1.3591900e-03,1.3979900e-03,1.3805600e-03,1.9967600e-03,3.0324000e-03,2.6411000e-03,2.0588900e-03,1.9526600e-03,1.8564800e-03,1.7240800e-03,1.6061700e-03,1.5130800e-03,1.1047300e-03,6.4301500e-04,4.2288400e-04,2.8948700e-04,2.0532000e-04,1.5177300e-04,1.1643000e-04,9.1607700e-05,3.5518700e-05,1.9296900e-05,1.3170500e-05,1.0159400e-05,8.0595000e-06,6.4370800e-06,5.0918000e-06,3.9376100e-06,3.0278200e-06,2.3166000e-06,1.7607100e-06,1.3304400e-06,1.0114300e-06,7.8785400e-07,6.4015800e-07,5.3675900e-07,4.5985400e-07,4.0068100e-07
3.0,20.0,600.0,MEAN,5.0,1.3825300e-02,8.0546900e-04,8.2575300e-04,8.3709500e-04,1.3405000e-03,1.9848700e-03,1.5947600e-03,1.1310600e-03,1.0552100e-03,9.8763200e-04,9.0410400e-04,8.3075900e-04,7.7218600e-04,5.3027600e-04,2.9044900e-04,1.8146500e-04,1.2078400e-04,8.4872100e-05,6.2220100e-05,4.7099600e-05,3.6599400e-05,1.4236100e-05,7.7718100e-06,5.3489300e-06,4.1920000e-06,3.3847800e-06,2.7550200e-06,2.2253900e-06,1.7604100e-06,1.3869900e-06,1.0883900e-06,8.4871800e-07,6.5779200e-07,5.1244400e-07,4.0847200e-07,3.3920900e-07,2.9041500e-07,2.5389100e-07,2.2567000e-07
3.0,50.0,250.0,MEAN,5.0,7.0834200e-03,2.9974600e-04,3.0834000e-04,3.0397300e-04,4.2619600e-04,6.8313200e-04,6.4116000e-04,5.2319600e-04,4.9949300e-04,4.7789400e-04,4.4656800e-04,4.1850200e-04,3.9640600e-04,2.9655600e-04,1.7796600e-04,1.1874400e-04,8.2157900e-05,5.8901400e-05,4.3935600e-05,3.3978700e-05,2.6942800e-05,1.0735500e-05,5.8782000e-06,4.0134200e-06,3.1039400e-06,2.4646700e-06,1.9685400e-06,1.5595800e-06,1.2114200e-06,9.3426300e-07,7.1630900e-07,5.4276700e-07,4.0583500e-07,3.0447200e-07,2.3294200e-07,1.8574700e-07,1.5291000e-07,1.2869500e-07,1.1044200e-07
3.0,0.0,600.0,MEAN,5.0,1.0733700e-01,7.9052200e-03,8.1025500e-03,8.2427900e-03,1.4304100e-02,1.9383700e-02,1.3282500e-02,8.6060800e-03,7.9384800e-03,7.3502300e-03,6.6565500e-03,6.0538200e-03,5.5790700e-03,3.6777600e-03,1.9055700e-03,1.1484100e-03,7.4360400e-04,5.1284700e-04,3.6969500e-04,2.7552900e-04,2.1103500e-04,7.4362600e-05,3.8089400e-05,2.5240900e-05,1.9229400e-05,1.5055400e-05,1.1901700e-05,9.3728000e-06,7.0982100e-06,5.3710300e-06,4.0029300e-06,2.9877700e-06,2.2679100e-06,1.7402100e-06,1.3998500e-06,1.1787400e-06,1.0237900e-06,9.1112300e-07,8.2230500e-07
3.0,75.0,250.0,MEAN,5.0,3.6048200e-03,1.3814900e-04,1.4211800e-04,1.4001800e-04,1.8995600e-04,3.1062700e-04,3.0546800e-04,2.5794800e-04,2.4768100e-04,2.3827300e-04,2.2387200e-04,2.1090000e-04,2.0076500e-04,1.5359500e-04,9.4903600e-05,6.4300300e-05,4.4990200e-05,3.2579800e-05,2.4500000e-05,1.9077700e-05,1.5220600e-05,6.1873000e-06,3.4078200e-06,2.3241600e-06,1.7979800e-06,1.4259300e-06,1.1374200e-06,9.0100200e-07,7.0025400e-07,5.3974300e-07,4.1306400e-07,3.1160100e-07,2.3131500e-07,1.7208200e-07,1.3044000e-07,1.0304400e-07,8.4060100e-08,7.0152300e-08,5.9767900e-08
3.0,100.0,400.0,MEAN,5.0,1.4645300e-03,5.6641800e-05,5.8169700e-05,5.8099700e-05,8.0300700e-05,1.3101600e-04,1.2864500e-04,1.0675900e-04,1.0220900e-04,9.8052000e-05,9.1932900e-05,8.6432500e-05,8.2114600e-05,6.2229800e-05,3.8388000e-05,2.5734500e-05,1.7957800e-05,1.3077400e-05,9.8744700e-06,7.6886400e-06,6.1313300e-06,2.5484500e-06,1.4170100e-06,9.6995300e-07,7.5686500e-07,6.0517000e-07,4.8710000e-07,3.9018500e-07,3.0708800e-07,2.3965400e-07,1.8560200e-07,1.4144700e-07,1.0586200e-07,7.9289900e-08,6.0441500e-08,4.7982400e-08,3.9324300e-08,3.2975300e-08,2.8248600e-08
3.0,75.0,400.0,MEAN,5.0,2.4292800e-03,1.0421700e-04,1.0702400e-04,1.0693300e-04,1.5319700e-04,2.4709500e-04,2.3267000e-04,1.8675200e-04,1.7774300e-04,1.6955800e-04,1.5808600e-04,1.4782900e-04,1.3971600e-04,1.0343500e-04,6.1863200e-05,4.0779400e-05,2.8108100e-05,2.0254200e-05,1.5164600e-05,1.1725300e-05,9.2931900e-06,3.7856900e-06,2.0910500e-06,1.4326800e-06,1.1178400e-06,8.9498800e-07,7.2119000e-07,5.7775300e-07,4.5452700e-07,3.5494500e-07,2.7535300e-07,2.1059800e-07,1.5848000e-07,1.1945500e-07,9.1675700e-08,7.3273200e-08,6.0447400e-08,5.0997200e-08,4.3915300e-08
3.0,100.0,250.0,MEAN,5.0,2.1733400e-03,7.5088600e-05,7.7249100e-05,7.6081300e-05,9.9576200e-05,1.6471600e-04,1.6891100e-04,1.4747300e-04,1.4244000e-04,1.3780100e-04,1.3020300e-04,1.2332100e-04,1.1800600e-04,9.2416000e-05,5.8895900e-05,4.0581100e-05,2.8745800e-05,2.1037200e-05,1.5954400e-05,1.2510700e-05,1.0042700e-05,4.1653000e-06,2.3093500e-06,1.5735100e-06,1.2173700e-06,9.6418400e-07,7.6822300e-07,6.0849100e-07,4.7310600e-07,3.6442600e-07,2.7842600e-07,2.0928600e-07,1.5451500e-07,1.1422100e-07,8.5998700e-08,6.7477500e-08,5.4685700e-08,4.5361200e-08,3.8445800e-08
3.0,50.0,400.0,MEAN,5.0,4.7742300e-03,2.2616400e-04,2.3224000e-04,2.3218800e-04,3.4379200e-04,5.4353100e-04,4.8847800e-04,3.7888000e-04,3.5853700e-04,3.4015900e-04,3.1541800e-04,2.9341800e-04,2.7593400e-04,1.9975800e-04,1.1603500e-04,7.5324400e-05,5.1339800e-05,3.6625300e-05,2.7199700e-05,2.0887200e-05,1.6453000e-05,6.5690600e-06,3.6069800e-06,2.4740000e-06,1.9297900e-06,1.5469500e-06,1.2481700e-06,1.0000600e-06,7.8631800e-07,6.1438900e-07,4.7750000e-07,3.6683400e-07,2.7804800e-07,2.1135700e-07,1.6371600e-07,1.3208300e-07,1.0995700e-07,9.3555000e-08,8.1148900e-08
3.0,0.0,400.0,MEAN,5.0,1.5031000e-01,1.0025500e-02,1.0291900e-02,1.0344200e-02,1.7100000e-02,2.3408000e-02,1.6645600e-02,1.1270800e-02,1.0476600e-02,9.7714500e-03,8.9089000e-03,8.1545000e-03,7.5623600e-03,5.1312300e-03,2.7365500e-03,1.6899700e-03,1.1091900e-03,7.6862500e-04,5.5644400e-04,4.1745900e-04,3.2172500e-04,1.1334600e-04,5.7978600e-05,3.8294800e-05,2.8967900e-05,2.2498000e-05,1.7631400e-05,1.3751400e-05,1.0305500e-05,7.7106200e-06,5.6796600e-06,4.1891800e-06,3.1427000e-06,2.3843100e-06,1.8976200e-06,1.5818400e-06,1.3606800e-06,1.1996500e-06,1.0727700e-06
3.0,0.0,760.0,MEAN,5.0,8.8063500e-02,6.8684500e-03,7.0336200e-03,7.2055500e-03,1.2858800e-02,1.7319000e-02,1.1611400e-02,7.3321600e-03,6.7331500e-03,6.2076400e-03,5.5997800e-03,5.0736500e-03,4.6586800e-03,3.0200200e-03,1.5388700e-03,9.1447900e-04,5.8757500e-04,4.0417300e-04,2.9067900e-04,2.1584800e-04,1.6476100e-04,5.8107300e-05,2.9805400e-05,1.9794200e-05,1.5143200e-05,1.1912100e-05,9.4646800e-06,7.4957200e-06,5.7114700e-06,4.3501800e-06,3.2643300e-06,2.4534200e-06,1.8751100e-06,1.4483400e-06,1.1723400e-06,9.9298700e-07,8.6732300e-07,7.7610500e-07,7.0422600e-07
3.0,75.0,200.0,MEAN,5.0,4.3475700e-03,1.5792500e-04,1.6259700e-04,1.5913100e-04,2.1037100e-04,3.4626800e-04,3.4760400e-04,3.0068800e-04,2.8993200e-04,2.8003600e-04,2.6407600e-04,2.4964900e-04,2.3846500e-04,1.8530400e-04,1.1627900e-04,7.9816500e-05,5.6245900e-05,4.0826200e-05,3.0765200e-05,2.4036900e-05,1.9237300e-05,7.8125000e-06,4.2971500e-06,2.9243100e-06,2.2530900e-06,1.7788400e-06,1.4120900e-06,1.1126200e-06,8.5974200e-07,6.5857800e-07,5.0076800e-07,3.7530000e-07,2.7680500e-07,2.0464500e-07,1.5421500e-07,1.2115000e-07,9.8306700e-08,8.1619800e-08,6.9185700e-08
3.0,20.0,400.0,MEAN,5.0,1.9427500e-02,1.0267000e-03,1.0541600e-03,1.0557800e-03,1.6128100e-03,2.4161500e-03,2.0152900e-03,1.4933400e-03,1.4038500e-03,1.3235300e-03,1.2196900e-03,1.1279200e-03,1.0549300e-03,7.4530700e-04,4.1989100e-04,2.6864300e-04,1.8114800e-04,1.2783900e-04,9.4078100e-05,7.1653900e-05,5.5999600e-05,2.1745500e-05,1.1843000e-05,8.1191500e-06,6.3164500e-06,5.0586000e-06,4.0815100e-06,3.2650500e-06,2.5558500e-06,1.9911500e-06,1.5442800e-06,1.1899900e-06,9.1152000e-07,7.0211400e-07,5.5371800e-07,4.5520800e-07,3.8598100e-07,3.3429100e-07,2.9440600e-07
3.0,75.0,760.0,MEAN,5.0,1.4169200e-03,7.0912100e-05,7.2648000e-05,7.3989500e-05,1.1419200e-04,1.8075800e-04,1.6040800e-04,1.2012700e-04,1.1296200e-04,1.0652900e-04,9.8279100e-05,9.0979900e-05,8.5145600e-05,6.0270100e-05,3.4478800e-05,2.1891800e-05,1.4783500e-05,1.0581100e-05,7.8749900e-06,6.0306000e-06,4.7369200e-06,1.9353000e-06,1.0732300e-06,7.3995100e-07,5.8412500e-07,4.7377600e-07,3.8710800e-07,3.1491800e-07,2.5190300e-07,2.0025300e-07,1.5825700e-07,1.2333900e-07,9.4557900e-08,7.2562300e-08,5.6636600e-08,4.5996700e-08,3.8530200e-08,3.2992300e-08,2.8828600e-08
3.0,50.0,200.0,MEAN,5.0,8.5419900e-03,3.4261700e-04,3.5273300e-04,3.4542500e-04,4.7194300e-04,7.6141900e-04,7.2950100e-04,6.0979700e-04,5.8461400e-04,5.6157300e-04,5.2668800e-04,4.9532000e-04,4.7077300e-04,3.5772600e-04,2.1801700e-04,1.4737600e-04,1.0269700e-04,7.3799700e-05,5.5163500e-05,4.2805800e-05,3.4049000e-05,1.3554600e-05,7.4121200e-06,5.0497600e-06,3.8896200e-06,3.0746500e-06,2.4439200e-06,1.9258800e-06,1.4873300e-06,1.1399600e-06,8.6840100e-07,6.5372200e-07,4.8564700e-07,3.6208600e-07,2.7539900e-07,2.1838600e-07,1.7882500e-07,1.4973200e-07,1.2784500e-07
3.0,100.0,760.0,MEAN,5.0,8.5419200e-04,3.8539200e-05,3.9484400e-05,4.0199400e-05,5.9853100e-05,9.5837300e-05,8.8685400e-05,6.8668100e-05,6.4954100e-05,6.1600000e-05,5.7150100e-05,5.3191100e-05,5.0039600e-05,3.6258600e-05,2.1394200e-05,1.3814600e-05,9.4445700e-06,6.8315900e-06,5.1276900e-06,3.9543400e-06,3.1251800e-06,1.3027900e-06,7.2727200e-07,5.0096000e-07,3.9549700e-07,3.2035600e-07,2.6145700e-07,2.1268000e-07,1.7019100e-07,1.3520800e-07,1.0667400e-07,8.2840000e-08,6.3163300e-08,4.8164100e-08,3.7340300e-08,3.0120500e-08,2.5066000e-08,2.1333100e-08,1.8544000e-08
3.0,50.0,760.0,MEAN,5.0,2.7848100e-03,1.5390100e-04,1.5765900e-04,1.6067100e-04,2.5628900e-04,3.9766700e-04,3.3681600e-04,2.4374700e-04,2.2789600e-04,2.1374200e-04,1.9611700e-04,1.8060600e-04,1.6818300e-04,1.1641100e-04,6.4678000e-05,4.0440800e-05,2.7004700e-05,1.9135200e-05,1.4125900e-05,1.0743500e-05,8.3868800e-06,3.3583200e-06,1.8513100e-06,1.2777900e-06,1.0084100e-06,8.1890500e-07,6.6997300e-07,5.4510500e-07,4.3578600e-07,3.4662600e-07,2.7444000e-07,2.1484000e-07,1.6589900e-07,1.2838800e-07,1.0114300e-07,8.2913700e-08,7.0088400e-08,6.0524700e-08,5.3270900e-08
3.0,20.0,760.0,MEAN,5.0,1.1336200e-02,6.9905000e-04,7.1602400e-04,7.3099100e-04,1.2031900e-03,1.7694000e-03,1.3909300e-03,9.6161300e-04,8.9314900e-04,8.3241400e-04,7.5905700e-04,6.9488800e-04,6.4355900e-04,4.3469400e-04,2.3422100e-04,1.4432600e-04,9.5340000e-05,6.6826400e-05,4.8882500e-05,3.6871800e-05,2.8556800e-05,1.1119600e-05,6.0793100e-06,4.1937100e-06,3.3007800e-06,2.6779000e-06,2.1908200e-06,1.7797000e-06,1.4164800e-06,1.1233700e-06,8.8756300e-07,6.9692900e-07,5.4386300e-07,4.2649500e-07,3.4208300e-07,2.8575400e-07,2.4603100e-07,2.1626700e-07,1.9326500e-07
3.0,20.0,200.0,MEAN,5.0,3.4700100e-02,1.5524300e-03,1.5981000e-03,1.5676000e-03,2.2092900e-03,3.3771800e-03,3.0022900e-03,2.3974100e-03,2.2832400e-03,2.1794500e-03,2.0314200e-03,1.8991300e-03,1.7951600e-03,1.3312700e-03,7.8694100e-04,5.2434300e-04,3.6151500e-04,2.5701300e-04,1.9038800e-04,1.4655500e-04,1.1568200e-04,4.4829100e-05,2.4330200e-05,1.6571000e-05,1.2730900e-05,1.0054100e-05,7.9915400e-06,6.2877300e-06,4.8344200e-06,3.6944500e-06,2.8084800e-06,2.1206500e-06,1.5920900e-06,1.2028300e-06,9.3145200e-07,7.5264300e-07,6.2772900e-07,5.3502400e-07,4.6381700e-07
4.0,75.0,760.0,MEAN,5.0,1.8068500e-02,5.5464500e-04,5.6505300e-04,5.6821200e-04,7.9148100e-04,1.2666300e-03,1.3607200e-03,1.1955200e-03,1.1578600e-03,1.1230600e-03,1.0692000e-03,1.0200500e-03,9.8173400e-04,7.8702600e-04,5.2812600e-04,3.7009200e-04,2.6513200e-04,1.9606500e-04,1.4901900e-04,1.1604200e-04,9.2169000e-05,3.7764500e-05,2.0268600e-05,1.3024300e-05,9.4929900e-06,7.3714500e-06,5.9041800e-06,4.8242700e-06,3.9707400e-06,3.2813300e-06,2.7222300e-06,2.2732000e-06,1.9068400e-06,1.6113000e-06,1.3764000e-06,1.1945900e-06,1.0475800e-06,9.2538900e-07,8.2635500e-07
4.0,50.0,250.0,MEAN,5.0,8.4872300e-02,2.1635700e-03,2.2133500e-03,2.1559800e-03,2.7294000e-03,4.4473700e-03,5.0887000e-03,4.8898000e-03,4.8103100e-03,4.7357200e-03,4.5688900e-03,4.4146600e-03,4.3022300e-03,3.6537600e-03,2.5817800e-03,1.9056300e-03,1.4010200e-03,1.0397300e-03,7.9340900e-04,6.2493900e-04,5.0183200e-04,2.0126300e-04,1.0675100e-04,6.7961600e-05,4.8506400e-05,3.6842700e-05,2.8822400e-05,2.2927200e-05,1.8323000e-05,1.4684000e-05,1.1805800e-05,9.5674100e-06,7.8085000e-06,6.4345400e-06,5.3741600e-06,4.5689100e-06,3.9289500e-06,3.4048200e-06,2.9813200e-06
4.0,0.0,600.0,MEAN,5.0,9.2032200e-01,3.5904400e-02,3.6607400e-02,3.6982900e-02,5.7489800e-02,8.1814300e-02,7.2184400e-02,5.6744500e-02,5.4150200e-02,5.1787100e-02,4.8612600e-02,4.5755700e-02,4.3539800e-02,3.3150300e-02,2.0772400e-02,1.4069800e-02,9.7882300e-03,7.0663100e-03,5.2629500e-03,4.0281800e-03,3.1478200e-03,1.1386100e-03,5.6772200e-04,3.5217200e-04,2.4745400e-04,1.8498100e-04,1.4303000e-04,1.1315300e-04,8.8442400e-05,6.9662000e-05,5.4435000e-05,4.3309600e-05,3.5632500e-05,2.9805200e-05,2.5925200e-05,2.3059900e-05,2.0742200e-05,1.8853700e-05,1.7246200e-05
4.0,20.0,200.0,MEAN,5.0,3.6032200e-01,9.3186900e-03,9.5422200e-03,9.2600500e-03,1.1785300e-02,1.8534600e-02,2.0394900e-02,1.9336100e-02,1.8995100e-02,1.8675600e-02,1.7990600e-02,1.7358400e-02,1.6898600e-02,1.4303800e-02,1.0042600e-02,7.4435700e-03,5.4750800e-03,4.0469200e-03,3.0798700e-03,2.4244400e-03,1.9457200e-03,7.6758900e-04,4.0535500e-04,2.5789000e-04,1.8270700e-04,1.3779600e-04,1.0711400e-04,8.4572100e-05,6.6907800e-05,5.3105900e-05,4.2256000e-05,3.4009700e-05,2.7739600e-05,2.2905900e-05,1.9264900e-05,1.6516600e-05,1.4325300e-05,1.2521000e-05,1.1038400e-05
4.0,100.0,400.0,MEAN,5.0,1.9486100e-02,4.6794000e-04,4.7787100e-04,4.7099500e-04,5.8705800e-04,9.6407700e-04,1.1400200e-03,1.1070300e-03,1.0912200e-03,1.0763600e-03,1.0410900e-03,1.0084000e-03,9.8491000e-04,8.4405900e-04,6.0924500e-04,4.5014200e-04,3.3291000e-04,2.5019000e-04,1.9271900e-04,1.5245000e-04,1.2283000e-04,5.1114900e-05,2.7507100e-05,1.7547700e-05,1.2648200e-05,9.6885900e-06,7.6492300e-06,6.1559200e-06,4.9857300e-06,4.0458500e-06,3.2918900e-06,2.6916400e-06,2.2080100e-06,1.8244100e-06,1.5247700e-06,1.2957800e-06,1.1134800e-06,9.6458000e-07,8.4542100e-07
4.0,75.0,250.0,MEAN,5.0,4.5913200e-02,1.0789000e-03,1.1037300e-03,1.0736300e-03,1.3142200e-03,2.1721100e-03,2.5854500e-03,2.5613900e-03,2.5330700e-03,2.5063600e-03,2.4301300e-03,2.3593200e-03,2.3096900e-03,2.0014100e-03,1.4507500e-03,1.0850000e-03,8.0545700e-04,6.0269500e-04,4.6289800e-04,3.6658000e-04,2.9578200e-04,1.2065300e-04,6.4341400e-05,4.0904700e-05,2.9218700e-05,2.2185500e-05,1.7347700e-05,1.3802500e-05,1.1038100e-05,8.8441900e-06,7.1052100e-06,5.7429800e-06,4.6646700e-06,3.8212100e-06,3.1699900e-06,2.6761700e-06,2.2854700e-06,1.9676800e-06,1.7132100e-06
4.0,100.0,760.0,MEAN,5.0,1.1367500e-02,3.1848000e-04,3.2446200e-04,3.2597600e-04,4.3773400e-04,7.0555400e-04,7.8629800e-04,7.1239200e-04,6.9380100e-04,6.7652800e-04,6.4749500e-04,6.2086500e-04,6.0046800e-04,4.9200600e-04,3.3967000e-04,2.4172500e-04,1.7514200e-04,1.3073500e-04,1.0010200e-04,7.8424200e-05,6.2619800e-05,2.6133500e-05,1.4118800e-05,9.0633600e-06,6.6093900e-06,5.1288500e-06,4.1058400e-06,3.3554300e-06,2.7631500e-06,2.2825900e-06,1.8919900e-06,1.5763800e-06,1.3174200e-06,1.1082200e-06,9.4199200e-07,8.1341300e-07,7.0975200e-07,6.2402700e-07,5.5498400e-07
4.0,100.0,250.0,MEAN,5.0,2.8902400e-02,6.1997100e-04,6.3424000e-04,6.1639100e-04,7.2748100e-04,1.2111700e-03,1.4956500e-03,1.5279600e-03,1.5194900e-03,1.5114600e-03,1.4732600e-03,1.4375900e-03,1.4142300e-03,1.2524800e-03,9.3398500e-04,7.0930800e-04,5.3252600e-04,4.0219800e-04,3.1118000e-04,2.4791500e-04,2.0107900e-04,8.3521200e-05,4.4825300e-05,2.8466200e-05,2.0343700e-05,1.5436200e-05,1.2063900e-05,9.6000900e-06,7.6811400e-06,6.1522700e-06,4.9382400e-06,3.9825400e-06,3.2227700e-06,2.6281600e-06,2.1695100e-06,1.8222500e-06,1.5484400e-06,1.3268800e-06,1.1506000e-06
4.0,50.0,400.0,MEAN,5.0,5.7303300e-02,1.6357400e-03,1.6704100e-03,1.6502600e-03,2.2067800e-03,3.5473900e-03,3.8875000e-03,3.5508900e-03,3.4625100e-03,3.3802900e-03,3.2361700e-03,3.1039400e-03,3.0032200e-03,2.4679700e-03,1.6878600e-03,1.2119000e-03,8.7761400e-04,6.4802100e-04,4.9226900e-04,3.8493700e-04,3.0701000e-04,1.2326900e-04,6.5524200e-05,4.1897600e-05,3.0158700e-05,2.3124800e-05,1.8275300e-05,1.4701700e-05,1.1893300e-05,9.6564400e-06,7.8698900e-06,6.4662200e-06,5.3498100e-06,4.4667100e-06,3.7770500e-06,3.2489000e-06,2.8253000e-06,2.4751300e-06,2.1905700e-06
4.0,20.0,400.0,MEAN,5.0,2.0395200e-01,6.2377800e-03,6.3699300e-03,6.3155700e-03,8.7216300e-03,1.3451300e-02,1.3907000e-02,1.2241000e-02,1.1871000e-02,1.1528600e-02,1.0981300e-02,1.0481700e-02,1.0097100e-02,8.1406000e-03,5.4458900e-03,3.8732000e-03,2.7846900e-03,2.0423000e-03,1.5430300e-03,1.2005500e-03,9.5279400e-04,3.7451200e-04,1.9764000e-04,1.2641800e-04,9.0668200e-05,6.9336700e-05,5.4708400e-05,4.3916500e-05,3.5372800e-05,2.8621700e-05,2.3234900e-05,1.9084400e-05,1.5881800e-05,1.3370600e-05,1.1452400e-05,9.9894400e-06,8.8084100e-06,7.8233100e-06,7.0065700e-06
4.0,0.0,200.0,MEAN,5.0,2.0923000e+00,6.1693400e-02,6.3241700e-02,6.1525700e-02,8.2972000e-02,1.2044000e-01,1.1611600e-01,1.0250900e-01,9.9809200e-02,9.7301000e-02,9.2950600e-02,8.8967800e-02,8.6079600e-02,7.1041700e-02,4.8282400e-02,3.5167800e-02,2.5515900e-02,1.8736700e-02,1.4202100e-02,1.1167500e-02,8.9658600e-03,3.3972200e-03,1.7462800e-03,1.0846600e-03,7.4962000e-04,5.4881300e-04,4.1468400e-04,3.1965800e-04,2.4287100e-04,1.8555700e-04,1.4046800e-04,1.0821800e-04,8.6243700e-05,6.9959100e-05,5.9117100e-05,5.1164900e-05,4.4833300e-05,3.9730100e-05,3.5445800e-05
4.0,75.0,400.0,MEAN,5.0,3.0968000e-02,8.1473500e-04,8.3201500e-04,8.2079800e-04,1.0611400e-03,1.7300400e-03,1.9720200e-03,1.8570300e-03,1.8203700e-03,1.7860900e-03,1.7184600e-03,1.6561100e-03,1.6096500e-03,1.3496900e-03,9.4696400e-04,6.8899300e-04,5.0383500e-04,3.7512500e-04,2.8683600e-04,2.2553300e-04,1.8076100e-04,7.3856700e-05,3.9486100e-05,2.5215900e-05,1.8166200e-05,1.3924800e-05,1.0999500e-05,8.8506400e-06,7.1646700e-06,5.8161000e-06,4.7364200e-06,3.8814400e-06,3.1958900e-06,2.6525900e-06,2.2279200e-06,1.9029900e-06,1.6434800e-06,1.4304000e-06,1.2588100e-06
4.0,20.0,600.0,MEAN,5.0,1.4543400e-01,4.9082200e-03,5.0044500e-03,5.0221000e-03,7.2762400e-03,1.1101900e-02,1.1058900e-02,9.3154700e-03,8.9650300e-03,8.6431900e-03,8.1779600e-03,7.7560200e-03,7.4248500e-03,5.8169100e-03,3.7817400e-03,2.6254800e-03,1.8626500e-03,1.3598500e-03,1.0232300e-03,7.9103700e-04,6.2404000e-04,2.4548700e-04,1.2978200e-04,8.3307800e-05,6.0181300e-05,4.6397100e-05,3.6929100e-05,2.9932900e-05,2.4363900e-05,1.9937200e-05,1.6375600e-05,1.3611200e-05,1.1461000e-05,9.7586900e-06,8.4483100e-06,7.4438600e-06,6.6275100e-06,5.9417300e-06,5.3707400e-06
4.0,75.0,200.0,MEAN,5.0,5.5337900e-02,1.2325400e-03,1.2619600e-03,1.2193300e-03,1.4544200e-03,2.4195900e-03,2.9397300e-03,2.9832800e-03,2.9626600e-03,2.9431400e-03,2.8640700e-03,2.7903700e-03,2.7410000e-03,2.4124700e-03,1.7759400e-03,1.3456500e-03,1.0061200e-03,7.5462000e-04,5.8080800e-04,4.6152800e-04,3.7358600e-04,1.5229500e-04,8.1125900e-05,5.1466200e-05,3.6614400e-05,2.7676100e-05,2.1537000e-05,1.7044300e-05,1.3552100e-05,1.0791400e-05,8.6138400e-06,6.9169800e-06,5.5820300e-06,4.5442800e-06,3.7477600e-06,3.1464100e-06,2.6728200e-06,2.2893200e-06,1.9831700e-06
4.0,20.0,250.0,MEAN,5.0,3.0039600e-01,8.1974100e-03,8.3865500e-03,8.1960900e-03,1.0707000e-02,1.6728900e-02,1.8045300e-02,1.6706500e-02,1.6344400e-02,1.6006500e-02,1.5364100e-02,1.4773200e-02,1.4333600e-02,1.1945200e-02,8.2584400e-03,6.0407000e-03,4.4109600e-03,3.2523600e-03,2.4694000e-03,1.9364400e-03,1.5483200e-03,6.0961200e-04,3.2168300e-04,2.0499900e-04,1.4581000e-04,1.1046200e-04,8.6279900e-05,6.8486700e-05,5.4496000e-05,4.3523400e-05,3.4855300e-05,2.8237300e-05,2.3180800e-05,1.9261200e-05,1.6294900e-05,1.4048100e-05,1.2249300e-05,1.0761800e-05,9.5358000e-06
4.0,0.0,760.0,MEAN,5.0,7.5658800e-01,3.1316700e-02,3.1899900e-02,3.2446800e-02,5.1960900e-02,7.3681400e-02,6.3603400e-02,4.8698200e-02,4.6258100e-02,4.4045400e-02,4.1178500e-02,3.8608700e-02,3.6599800e-02,2.7384000e-02,1.6858500e-02,1.1251100e-02,7.7624300e-03,5.5865700e-03,4.1495500e-03,3.1632900e-03,2.4628100e-03,8.9098500e-04,4.4481000e-04,2.7640200e-04,1.9496000e-04,1.4639400e-04,1.1375400e-04,9.0495100e-05,7.1164400e-05,5.6421500e-05,4.4390600e-05,3.5563700e-05,2.9460900e-05,2.4806200e-05,2.1711600e-05,1.9426100e-05,1.7572300e-05,1.6059800e-05,1.4769700e-05
4.0,20.0,760.0,MEAN,5.0,1.1929100e-01,4.2625300e-03,4.3422400e-03,4.3882300e-03,6.5368400e-03,9.9100300e-03,9.6583500e-03,7.9296200e-03,7.5973200e-03,7.2934600e-03,6.8739700e-03,6.4949600e-03,6.1950100e-03,4.7732000e-03,3.0521900e-03,2.0896200e-03,1.4711800e-03,1.0712900e-03,8.0426500e-04,6.1951500e-04,4.8708300e-04,1.9179200e-04,1.0154000e-04,6.5324600e-05,4.7390300e-05,3.6709100e-05,2.9366900e-05,2.3938100e-05,1.9604100e-05,1.6147800e-05,1.3354100e-05,1.1176900e-05,9.4759600e-06,8.1219200e-06,7.0752100e-06,6.2708000e-06,5.6146400e-06,5.0612400e-06,4.5995300e-06
4.0,100.0,200.0,MEAN,5.0,3.4846200e-02,7.0848300e-04,7.2539400e-04,7.0028000e-04,8.0537000e-04,1.3496400e-03,1.7012600e-03,1.7803700e-03,1.7779300e-03,1.7756000e-03,1.7370700e-03,1.7009600e-03,1.6790400e-03,1.5103700e-03,1.1438300e-03,8.8008100e-04,6.6546600e-04,5.0378700e-04,3.9059600e-04,3.1224100e-04,2.5405600e-04,1.0544200e-04,5.6520900e-05,3.5816400e-05,2.5493100e-05,1.9256500e-05,1.4977100e-05,1.1854900e-05,9.4305700e-06,7.5068200e-06,5.9867600e-06,4.7966700e-06,3.8565600e-06,3.1254800e-06,2.5649300e-06,2.1424500e-06,1.8108800e-06,1.5437800e-06,1.3319100e-06
4.0,100.0,600.0,MEAN,5.0,1.3864000e-02,3.6699000e-04,3.7421200e-04,3.7331700e-04,4.8774000e-04,7.9158600e-04,9.0165300e-04,8.3803700e-04,8.1980100e-04,8.0278300e-04,7.7132100e-04,7.4235500e-04,7.2057100e-04,6.0025600e-04,4.2125100e-04,3.0395100e-04,2.2189700e-04,1.6604800e-04,1.2742100e-04,1.0018300e-04,8.0258800e-05,3.3458800e-05,1.8049900e-05,1.1560200e-05,8.3940300e-06,6.4827100e-06,5.1632100e-06,4.1957500e-06,3.4340500e-06,2.8182400e-06,2.3200800e-06,1.9197100e-06,1.5933900e-06,1.3315600e-06,1.1248100e-06,9.6557700e-07,8.3779100e-07,7.3258800e-07,6.4803900e-07
4.0,75.0,600.0,MEAN,5.0,2.2036200e-02,6.3909700e-04,6.5166500e-04,6.5070400e-04,8.8184400e-04,1.4209500e-03,1.5602000e-03,1.4062500e-03,1.3680300e-03,1.3325500e-03,1.2735700e-03,1.2195600e-03,1.1780100e-03,9.6012000e-04,6.5493300e-04,4.6534100e-04,3.3589600e-04,2.4901600e-04,1.8968300e-04,1.4823300e-04,1.1812900e-04,4.8349300e-05,2.5911600e-05,1.6612200e-05,1.2056200e-05,9.3172600e-06,7.4246700e-06,6.0324200e-06,4.9348500e-06,4.0513600e-06,3.3381600e-06,2.7682900e-06,2.3062900e-06,1.9360200e-06,1.6435200e-06,1.4180500e-06,1.2365600e-06,1.0863800e-06,9.6491200e-07
4.0,50.0,200.0,MEAN,5.0,1.0221900e-01,2.4698000e-03,2.5287700e-03,2.4466200e-03,3.0180600e-03,4.9499900e-03,5.7806700e-03,5.6897100e-03,5.6206300e-03,5.5555300e-03,5.3793900e-03,5.2159900e-03,5.1004800e-03,4.3997500e-03,3.1572700e-03,2.3610900e-03,1.7483600e-03,1.3005800e-03,9.9459200e-04,7.8613200e-04,6.3334700e-04,2.5394800e-04,1.3458700e-04,8.5507100e-05,6.0783600e-05,4.5960500e-05,3.5782500e-05,2.8312100e-05,2.2496300e-05,1.7916900e-05,1.4312500e-05,1.1523200e-05,9.3441200e-06,7.6521300e-06,6.3536700e-06,5.3717400e-06,4.5948400e-06,3.9613900e-06,3.4511000e-06
4.0,0.0,250.0,MEAN,5.0,1.7986100e+00,5.6001700e-02,5.7335900e-02,5.6294200e-02,7.8024500e-02,1.1250900e-01,1.0675600e-01,9.2198700e-02,8.9435100e-02,8.6877200e-02,8.2726800e-02,7.8938900e-02,7.6142200e-02,6.1874000e-02,4.1424200e-02,2.9741500e-02,2.1402600e-02,1.5667400e-02,1.1830900e-02,9.2422500e-03,7.3684200e-03,2.7407600e-03,1.3911200e-03,8.6305000e-04,5.9845900e-04,4.4002000e-04,3.3404900e-04,2.5886500e-04,1.9781800e-04,1.5207500e-04,1.1586600e-04,8.9849900e-05,7.2070200e-05,5.8827400e-05,5.0003400e-05,4.3518200e-05,3.8336200e-05,3.4148100e-05,3.0620800e-05
4.0,0.0,400.0,MEAN,5.0,1.2734300e+00,4.4739800e-02,4.5696400e-02,4.5612200e-02,6.7220600e-02,9.6106400e-02,8.7883200e-02,7.2255400e-02,6.9495200e-02,6.6961700e-02,6.3291700e-02,5.9966500e-02,5.7435000e-02,4.5087500e-02,2.9151300e-02,2.0280100e-02,1.4328100e-02,1.0408800e-02,7.7973700e-03,6.0173000e-03,4.7387800e-03,1.7227700e-03,8.6090300e-04,5.3341500e-04,3.7247700e-04,2.7631800e-04,2.1185200e-04,1.6600500e-04,1.2840300e-04,1.0000700e-04,7.7236900e-05,6.0725200e-05,4.9377100e-05,4.0836800e-05,3.5143500e-05,3.0945500e-05,2.7567600e-05,2.4824100e-05,2.2499100e-05
4.0,50.0,600.0,MEAN,5.0,4.0789000e-02,1.2837200e-03,1.3089400e-03,1.3088900e-03,1.8350000e-03,2.9157900e-03,3.0780800e-03,2.6909800e-03,2.6040700e-03,2.5238200e-03,2.4001500e-03,2.2874300e-03,2.1994800e-03,1.7568200e-03,1.1680800e-03,8.1896800e-04,5.8538400e-04,4.3037000e-04,3.2567300e-04,2.5309900e-04,2.0070200e-04,8.0712400e-05,4.3002800e-05,2.7603200e-05,2.0015500e-05,1.5473200e-05,1.2335800e-05,1.0020400e-05,8.1917900e-06,6.7264500e-06,5.5465900e-06,4.6117900e-06,3.8606500e-06,3.2600700e-06,2.7862900e-06,2.4209900e-06,2.1257700e-06,1.8798400e-06,1.6791300e-06
4.0,50.0,760.0,MEAN,5.0,3.3446700e-02,1.1142000e-03,1.1350900e-03,1.1430700e-03,1.6472100e-03,2.5996800e-03,2.6850900e-03,2.2881600e-03,2.2044400e-03,2.1274700e-03,2.0153700e-03,1.9135800e-03,1.8333400e-03,1.4403300e-03,9.4204100e-04,6.5141000e-04,4.6210400e-04,3.3888500e-04,2.5587500e-04,1.9814800e-04,1.5660500e-04,6.3044900e-05,3.3638700e-05,2.1642000e-05,1.5760300e-05,1.2241800e-05,9.8096100e-06,8.0135700e-06,6.5913900e-06,5.4479800e-06,4.5231700e-06,3.7870000e-06,3.1919900e-06,2.7132700e-06,2.3334400e-06,2.0394700e-06,1.8009000e-06,1.6012700e-06,1.4380200e-06
5.0,50.0,600.0,MEAN,5.0,3.6005500e-01,1.0267800e-02,1.0386600e-02,1.0347600e-02,1.3468300e-02,2.1226900e-02,2.2494100e-02,2.0180700e-02,1.9674900e-02,1.9204500e-02,1.8475600e-02,1.7803700e-02,1.7294700e-02,1.4659100e-02,1.0805300e-02,8.2287100e-03,6.2992200e-03,4.8891700e-03,3.8685400e-03,3.1256600e-03,2.5617700e-03,1.1293400e-03,6.2381200e-04,4.0122700e-04,2.8681100e-04,2.2001100e-04,1.7540000e-04,1.4392700e-04,1.2027600e-04,1.0167700e-04,8.6717500e-05,7.5116800e-05,6.5995000e-05,5.8521400e-05,5.2229000e-05,4.6737000e-05,4.1774100e-05,3.7315400e-05,3.3514700e-05
5.0,75.0,600.0,MEAN,5.0,2.0659600e-01,5.5260400e-03,5.5897900e-03,5.5562200e-03,6.9860400e-03,1.1102300e-02,1.2147800e-02,1.1193400e-02,1.0965200e-02,1.0751900e-02,1.0390300e-02,1.0055500e-02,9.8078400e-03,8.4632600e-03,6.3764700e-03,4.9104700e-03,3.7904200e-03,2.9613400e-03,2.3548800e-03,1.9106200e-03,1.5717200e-03,7.0336300e-04,3.9076200e-04,2.5097300e-04,1.7965500e-04,1.3789100e-04,1.0997100e-04,9.0289300e-05,7.5510300e-05,6.3845800e-05,5.4469300e-05,4.7145100e-05,4.1320300e-05,3.6516800e-05,3.2452000e-05,2.8904300e-05,2.5712900e-05,2.2862700e-05,2.0450700e-05
5.0,20.0,600.0,MEAN,5.0,1.1232900e+00,3.2979900e-02,3.3364000e-02,3.3421000e-02,4.4982700e-02,6.8880500e-02,7.0025200e-02,6.1071600e-02,5.9282800e-02,5.7625900e-02,5.5222100e-02,5.3014600e-02,5.1328200e-02,4.2905800e-02,3.1196200e-02,2.3645600e-02,1.8031200e-02,1.3954400e-02,1.1019900e-02,8.8851600e-03,7.2657300e-03,3.1529300e-03,1.7291500e-03,1.1130700e-03,7.9196200e-04,6.0485700e-04,4.8068300e-04,3.9336300e-04,3.2732200e-04,2.7562400e-04,2.3372100e-04,2.0170600e-04,1.7741400e-04,1.5785400e-04,1.4197100e-04,1.2820500e-04,1.1567200e-04,1.0433100e-04,9.4508400e-05
5.0,75.0,400.0,MEAN,5.0,2.8963800e-01,7.0198700e-03,7.1119000e-03,6.9842200e-03,8.3691600e-03,1.3442500e-02,1.5265400e-02,1.4698400e-02,1.4509300e-02,1.4331300e-02,1.3942400e-02,1.3580000e-02,1.3328700e-02,1.1836600e-02,9.1771500e-03,7.2403600e-03,5.6640700e-03,4.4455900e-03,3.5497400e-03,2.8987200e-03,2.3989700e-03,1.0728400e-03,5.9502000e-04,3.8083000e-04,2.7066000e-04,2.0606400e-04,1.6291500e-04,1.3246900e-04,1.0963000e-04,9.1656600e-05,7.7284900e-05,6.6102500e-05,5.7258700e-05,5.0032700e-05,4.3991400e-05,3.8788700e-05,3.4174100e-05,3.0102700e-05,2.6679600e-05
5.0,20.0,760.0,MEAN,5.0,9.2326800e-01,2.8755200e-02,2.9063000e-02,2.9311600e-02,4.0635700e-02,6.1986300e-02,6.1654200e-02,5.2375200e-02,5.0607900e-02,4.8978500e-02,4.6746400e-02,4.4704700e-02,4.3119300e-02,3.5422500e-02,2.5306200e-02,1.8900800e-02,1.4294500e-02,1.1028900e-02,8.6862700e-03,6.9758100e-03,5.6834600e-03,2.4668900e-03,1.3546200e-03,8.7352500e-04,6.2393000e-04,4.7867400e-04,3.8229000e-04,3.1459300e-04,2.6337700e-04,2.2323700e-04,1.9059500e-04,1.6563100e-04,1.4668600e-04,1.3137800e-04,1.1889700e-04,1.0800200e-04,9.7994500e-05,8.8870800e-05,8.0937500e-05
5.0,100.0,600.0,MEAN,5.0,1.3566700e-01,3.3536300e-03,3.3922600e-03,3.3668200e-03,4.0787500e-03,6.5019000e-03,7.3419700e-03,6.9575500e-03,6.8513200e-03,6.7515300e-03,6.5567800e-03,6.3755800e-03,6.2469600e-03,5.5007100e-03,4.2527100e-03,3.3208500e-03,2.5898600e-03,2.0398700e-03,1.6323000e-03,1.3311400e-03,1.0998400e-03,5.0042100e-04,2.7983700e-04,1.7952500e-04,1.2862800e-04,9.8723100e-05,7.8740600e-05,6.4676200e-05,5.4121500e-05,4.5757700e-05,3.9034500e-05,3.3755400e-05,2.9526600e-05,2.6024500e-05,2.3055200e-05,2.0465100e-05,1.8142900e-05,1.6078500e-05,1.4340200e-05
5.0,0.0,600.0,MEAN,5.0,5.7772700e+00,1.7883000e-01,1.8095300e-01,1.8310800e-01,2.6114800e-01,3.7875500e-01,3.5419800e-01,2.9475600e-01,2.8458300e-01,2.7521000e-01,2.6243500e-01,2.5076000e-01,2.4199100e-01,1.9923000e-01,1.4245400e-01,1.0666200e-01,8.0463400e-02,6.2078000e-02,4.8872700e-02,3.9250500e-02,3.1965900e-02,1.2958900e-02,6.7393100e-03,4.2103500e-03,2.9170400e-03,2.1608100e-03,1.6688900e-03,1.3345900e-03,1.0697000e-03,8.6895200e-04,7.0220800e-04,5.8011200e-04,4.9739400e-04,4.3360900e-04,3.9010300e-04,3.5405700e-04,3.2140000e-04,2.9271900e-04,2.6744200e-04
5.0,100.0,760.0,MEAN,5.0,1.1126500e-01,2.9117400e-03,2.9426700e-03,2.9412000e-03,3.6630200e-03,5.8009500e-03,6.4089400e-03,5.9197700e-03,5.8034500e-03,5.6946700e-03,5.5088700e-03,5.3366700e-03,5.2100300e-03,4.5120400e-03,3.4312200e-03,2.6423700e-03,2.0450800e-03,1.6066800e-03,1.2827700e-03,1.0423500e-03,8.5834800e-04,3.9093000e-04,2.1892500e-04,1.4076500e-04,1.0128600e-04,7.8107800e-05,6.2616100e-05,5.1723300e-05,4.3548000e-05,3.7060700e-05,3.1832100e-05,2.7718500e-05,2.4412600e-05,2.1659600e-05,1.9308100e-05,1.7240100e-05,1.5370100e-05,1.3695800e-05,1.2281000e-05
5.0,20.0,400.0,MEAN,5.0,1.5560500e+00,4.1164900e-02,4.1717200e-02,4.1287800e-02,5.2708200e-02,8.1127300e-02,8.5490400e-02,7.7974400e-02,7.6285600e-02,7.4709400e-02,7.2086800e-02,6.9662200e-02,6.7885100e-02,5.8498300e-02,4.3876100e-02,3.4150100e-02,2.6441800e-02,2.0589100e-02,1.6351300e-02,1.3290700e-02,1.0951100e-02,4.7738700e-03,2.6230600e-03,1.6861700e-03,1.1921800e-03,9.0354700e-04,7.1198500e-04,5.7709600e-04,4.7521700e-04,3.9568600e-04,3.3162300e-04,2.8281600e-04,2.4584800e-04,2.1627900e-04,1.9245200e-04,1.7204700e-04,1.5373500e-04,1.3737000e-04,1.2329400e-04
5.0,50.0,760.0,MEAN,5.0,2.9545800e-01,8.9243800e-03,9.0195000e-03,9.0485100e-03,1.2113500e-02,1.8979900e-02,1.9678400e-02,1.7205000e-02,1.6698700e-02,1.6229700e-02,1.5552500e-02,1.4930500e-02,1.4450500e-02,1.2044000e-02,8.7299500e-03,6.5551000e-03,4.9791300e-03,3.8542600e-03,3.0424800e-03,2.4491700e-03,2.0004400e-03,8.8258400e-04,4.8819700e-04,3.1467100e-04,2.2587400e-04,1.7408000e-04,1.3948500e-04,1.1510300e-04,9.6778200e-05,8.2351300e-05,7.0716800e-05,6.1682500e-05,5.4564600e-05,4.8706000e-05,4.3740300e-05,3.9371900e-05,3.5389900e-05,3.1785700e-05,2.8702200e-05
5.0,0.0,760.0,MEAN,5.0,4.7808900e+00,1.5797300e-01,1.5967600e-01,1.6257300e-01,2.4024700e-01,3.5007800e-01,3.2028800e-01,2.5906900e-01,2.4887300e-01,2.3952600e-01,2.2739300e-01,2.1635300e-01,2.0790800e-01,1.6781400e-01,1.1750700e-01,8.6478200e-02,6.4572200e-02,4.9589700e-02,3.8884400e-02,3.1068200e-02,2.5183900e-02,1.0188000e-02,5.3021300e-03,3.3133200e-03,2.3016800e-03,1.7114000e-03,1.3277200e-03,1.0674600e-03,8.6074400e-04,7.0378700e-04,5.7262700e-04,4.7635200e-04,4.1124200e-04,3.6088500e-04,3.2670500e-04,2.9826700e-04,2.7228400e-04,2.4934300e-04,2.2903900e-04
5.0,100.0,400.0,MEAN,5.0,1.9040000e-01,4.2668300e-03,4.3226100e-03,4.2386300e-03,4.8958300e-03,7.8916300e-03,9.2497400e-03,9.1588400e-03,9.0881600e-03,9.0212700e-03,8.8198000e-03,8.6311200e-03,8.5099300e-03,7.7105300e-03,6.1330500e-03,4.9054700e-03,3.8765000e-03,3.0669500e-03,2.4639500e-03,2.0220800e-03,1.6806000e-03,7.6379200e-04,4.2625600e-04,2.7245400e-04,1.9379900e-04,1.4753700e-04,1.1665100e-04,9.4891100e-05,7.8576300e-05,6.5689400e-05,5.5384900e-05,4.7328700e-05,4.0915800e-05,3.5656900e-05,3.1253300e-05,2.7463600e-05,2.4113100e-05,2.1170100e-05,1.8708000e-05
5.0,75.0,760.0,MEAN,5.0,1.6946700e-01,4.7995400e-03,4.8505900e-03,4.8553700e-03,6.2769800e-03,9.9123100e-03,1.0611500e-02,9.5299400e-03,9.2939800e-03,9.0744400e-03,8.7350300e-03,8.4219600e-03,8.1846500e-03,6.9457600e-03,5.1469900e-03,3.9086600e-03,2.9940500e-03,2.3331200e-03,1.8510700e-03,1.4964300e-03,1.2268400e-03,5.4953700e-04,3.0573900e-04,1.9680100e-04,1.4147300e-04,1.0909900e-04,8.7451900e-05,7.2206900e-05,6.0758200e-05,5.1710900e-05,4.4418900e-05,3.8713500e-05,3.4163700e-05,3.0392100e-05,2.7177600e-05,2.4349400e-05,2.1783200e-05,1.9474800e-05,1.7514100e-05
5.0,50.0,400.0,MEAN,5.0,5.0364700e-01,1.3000500e-02,1.3171800e-02,1.2964700e-02,1.6067900e-02,2.5568400e-02,2.8114200e-02,2.6360700e-02,2.5898400e-02,2.5465200e-02,2.4664200e-02,2.3920900e-02,2.3383900e-02,2.0404300e-02,1.5484200e-02,1.2086000e-02,9.3798300e-03,7.3158700e-03,5.8142100e-03,4.7295400e-03,3.9008900e-03,1.7202000e-03,9.4921700e-04,6.0863700e-04,4.3203100e-04,3.2876000e-04,2.5983600e-04,2.1116200e-04,1.7462200e-04,1.4596600e-04,1.2304100e-04,1.0532200e-04,9.1451200e-05,8.0181800e-05,7.0800600e-05,6.2719700e-05,5.5520600e-05,4.9132100e-05,4.3722800e-05
5.0,0.0,250.0,MEAN,5.0,9.6024500e+00,2.2833000e-01,2.3252000e-01,2.2730300e-01,2.7972200e-01,3.9855600e-01,3.9283800e-01,3.5871700e-01,3.5198300e-01,3.4567900e-01,3.3432200e-01,3.2379900e-01,3.1687500e-01,2.8116900e-01,2.1777300e-01,1.7593700e-01,1.3930900e-01,1.1026600e-01,8.9252500e-02,7.4499800e-02,6.3102700e-02,2.8475000e-02,1.5968100e-02,1.0194700e-02,7.0174500e-03,5.1269600e-03,3.8936000e-03,3.0521400e-03,2.3923900e-03,1.8970000e-03,1.4947500e-03,1.2035500e-03,1.0060400e-03,8.5581400e-04,7.5238800e-04,6.6814300e-04,5.9399900e-04,5.3016700e-04,4.7484700e-04
5.0,0.0,400.0,MEAN,5.0,7.6860500e+00,2.1034500e-01,2.1335600e-01,2.1333600e-01,2.8395500e-01,4.0638200e-01,3.9224500e-01,3.4230300e-01,3.3328500e-01,3.2490900e-01,3.1215000e-01,3.0040300e-01,2.9200800e-01,2.4925400e-01,1.8537200e-01,1.4364500e-01,1.1073100e-01,8.6396400e-02,6.8754900e-02,5.5971900e-02,4.6174300e-02,1.9139000e-02,1.0093500e-02,6.3424200e-03,4.3793900e-03,3.2236100e-03,2.4705900e-03,1.9576000e-03,1.5529600e-03,1.2474800e-03,9.9638200e-04,8.1340600e-04,6.8926000e-04,5.9409300e-04,5.2880400e-04,4.7512100e-04,4.2715200e-04,3.8541000e-04,3.4890000e-04
5.0,0.0,200.0,MEAN,5.0,1.0211900e+01,2.2944400e-01,2.3418400e-01,2.2543000e-01,2.6891200e-01,3.8579500e-01,3.8190200e-01,3.5459800e-01,3.4885400e-01,3.4346400e-01,3.3287500e-01,3.2304300e-01,3.1683400e-01,2.8545600e-01,2.2420900e-01,1.8438100e-01,1.4759200e-01,1.1741000e-01,9.5796600e-02,8.1128700e-02,6.9867800e-02,3.3709000e-02,1.9821900e-02,1.2776000e-02,8.7805200e-03,6.3914500e-03,4.8324900e-03,3.7686600e-03,2.9372100e-03,2.3146700e-03,1.8121600e-03,1.4496100e-03,1.2039000e-03,1.0177500e-03,8.8951300e-04,7.8553800e-04,6.9466400e-04,6.1682800e-04,5.4967000e-04
5.0,50.0,250.0,MEAN,5.0,7.3593800e-01,1.6927800e-02,1.7184200e-02,1.6665600e-02,1.9517100e-02,3.1435900e-02,3.6026700e-02,3.5521200e-02,3.5204300e-02,3.4904700e-02,3.4065500e-02,3.3281000e-02,3.2767400e-02,2.9562500e-02,2.3193400e-02,1.8630800e-02,1.4693300e-02,1.1526600e-02,9.2112700e-03,7.5581200e-03,6.2862600e-03,2.7879300e-03,1.5428500e-03,9.8654800e-04,6.9466200e-04,5.2371300e-04,4.0977000e-04,3.2929800e-04,2.6902500e-04,2.2196200e-04,1.8457800e-04,1.5583500e-04,1.3348100e-04,1.1550600e-04,1.0073800e-04,8.8202200e-05,7.7208600e-05,6.7586600e-05,5.9505800e-05
5.0,75.0,250.0,MEAN,5.0,4.2620300e-01,9.2152100e-03,9.3533800e-03,9.0537000e-03,1.0261500e-02,1.6695400e-02,1.9778800e-02,2.0030400e-02,1.9947000e-02,1.9867800e-02,1.9477400e-02,1.9110900e-02,1.8892300e-02,1.7342600e-02,1.3896600e-02,1.1276700e-02,8.9601800e-03,7.0707000e-03,5.6741400e-03,4.6704200e-03,3.8945700e-03,1.7454300e-03,9.6831000e-04,6.1752400e-04,4.3526100e-04,3.2828200e-04,2.5693000e-04,2.0658200e-04,1.6889800e-04,1.3937700e-04,1.1593700e-04,9.7805500e-05,8.3574000e-05,7.2074800e-05,6.2592900e-05,5.4548300e-05,4.7523600e-05,4.1409600e-05,3.6310500e-05
5.0,50.0,200.0,MEAN,5.0,8.7763500e-01,1.9128900e-02,1.9437400e-02,1.8711000e-02,2.1342700e-02,3.4602800e-02,4.0422500e-02,4.0800100e-02,4.0600200e-02,4.0410400e-02,3.9578100e-02,3.8797200e-02,3.8325100e-02,3.5118900e-02,2.7978100e-02,2.2778800e-02,1.8099100e-02,1.4235200e-02,1.1405400e-02,9.3993000e-03,7.8516100e-03,3.4999700e-03,1.9427500e-03,1.2408500e-03,8.7038200e-04,6.5328700e-04,5.0871200e-04,4.0663800e-04,3.3029700e-04,2.7083200e-04,2.2376900e-04,1.8769200e-04,1.5973100e-04,1.3736300e-04,1.1909900e-04,1.0370100e-04,9.0293900e-05,7.8634700e-05,6.8882300e-05
5.0,100.0,200.0,MEAN,5.0,3.3776200e-01,6.4031900e-03,6.5043600e-03,6.2441500e-03,6.6495500e-03,1.0932400e-02,1.3645100e-02,1.4555600e-02,1.4631300e-02,1.4703900e-02,1.4539000e-02,1.4382800e-02,1.4331400e-02,1.3631900e-02,1.1378600e-02,9.4823400e-03,7.6644700e-03,6.1103900e-03,4.9435400e-03,4.1030000e-03,3.4468300e-03,1.5688700e-03,8.7479000e-04,5.5590300e-04,3.9055600e-04,2.9321700e-04,2.2839500e-04,1.8273700e-04,1.4862800e-04,1.2188300e-04,1.0072500e-04,8.4342900e-05,7.1464600e-05,6.1085500e-05,5.2573600e-05,4.5408400e-05,3.9215600e-05,3.3882200e-05,2.9473200e-05
5.0,100.0,250.0,MEAN,5.0,2.8110100e-01,5.6227300e-03,5.7065900e-03,5.5163500e-03,6.0294100e-03,9.8481400e-03,1.2047000e-02,1.2547700e-02,1.2560800e-02,1.2573400e-02,1.2387400e-02,1.2212000e-02,1.2127300e-02,1.1357000e-02,9.3347200e-03,7.6773100e-03,6.1607700e-03,4.8996900e-03,3.9551200e-03,3.2705600e-03,2.7378300e-03,1.2448700e-03,6.9406700e-04,4.4186800e-04,3.1167900e-04,2.3505100e-04,1.8397100e-04,1.4798100e-04,1.2105600e-04,9.9889900e-05,8.3084200e-05,7.0027700e-05,5.9720100e-05,5.1365700e-05,4.4468600e-05,3.8621900e-05,3.3532500e-05,2.9121800e-05,2.5461200e-05
5.0,75.0,200.0,MEAN,5.0,5.1087700e-01,1.0468400e-02,1.0634900e-02,1.0221400e-02,1.1286300e-02,1.8483400e-02,2.2335000e-02,2.3162400e-02,2.3161000e-02,2.3159700e-02,2.2786200e-02,2.2434300e-02,2.2252300e-02,2.0747600e-02,1.6882800e-02,1.3882800e-02,1.1111800e-02,8.7903300e-03,7.0708300e-03,5.8427900e-03,4.8906800e-03,2.1969800e-03,1.2200700e-03,7.7683200e-04,5.4539700e-04,4.0951600e-04,3.1897100e-04,2.5510200e-04,2.0736500e-04,1.7006300e-04,1.4055400e-04,1.1779900e-04,1.0001000e-04,8.5713300e-05,7.4001300e-05,6.4133400e-05,5.5577900e-05,4.8178600e-05,4.2032000e-05
5.0,20.0,200.0,MEAN,5.0,2.5725500e+00,5.7153200e-02,5.8126300e-02,5.6090600e-02,6.5563900e-02,1.0249500e-01,1.1396500e-01,1.1164200e-01,1.1057700e-01,1.0957100e-01,1.0686000e-01,1.0432800e-01,1.0270500e-01,9.3034200e-02,7.3340300e-02,5.9741800e-02,4.7488000e-02,3.7367500e-02,3.0015900e-02,2.4844600e-02,2.0855300e-02,9.4449600e-03,5.3257100e-03,3.4296700e-03,2.3995700e-03,1.7946800e-03,1.3936900e-03,1.1112600e-03,8.9886000e-04,7.3417500e-04,6.0311200e-04,5.0400300e-04,4.2940700e-04,3.7051600e-04,3.2373600e-04,2.8446000e-04,2.5002100e-04,2.1985600e-04,1.9424200e-04
5.0,20.0,250.0,MEAN,5.0,2.2056800e+00,5.1741400e-02,5.2558600e-02,5.1175900e-02,6.1473100e-02,9.5465400e-02,1.0443600e-01,1.0006900e-01,9.8741600e-02,9.7491900e-02,9.4771700e-02,9.2238500e-02,9.0523300e-02,8.0738100e-02,6.2695300e-02,5.0346100e-02,3.9695800e-02,3.1140600e-02,2.4922900e-02,2.0499200e-02,1.7092400e-02,7.6096600e-03,4.2411800e-03,2.7287000e-03,1.9156300e-03,1.4389000e-03,1.1226800e-03,8.9992000e-04,7.3211900e-04,6.0169800e-04,4.9748100e-04,4.1845800e-04,3.5883700e-04,3.1156100e-04,2.7382800e-04,2.4194700e-04,2.1378800e-04,1.8896600e-04,1.6780100e-04
6.0,100.0,400.0,MEAN,5.0,1.3619600e+00,1.8988200e-02,1.9142400e-02,1.8698600e-02,2.0675900e-02,3.3326900e-02,4.6675500e-02,5.4123500e-02,5.4679000e-02,5.5214000e-02,5.4479100e-02,5.3784600e-02,5.2568600e-02,4.7106800e-02,3.8916400e-02,3.3119800e-02,2.8210400e-02,2.3979700e-02,2.0551300e-02,1.7875200e-02,1.5653300e-02,8.4860400e-03,5.2669700e-03,3.6284800e-03,2.7218500e-03,2.1366800e-03,1.7274400e-03,1.4290900e-03,1.2021200e-03,1.0257500e-03,8.8394100e-04,7.6899100e-04,6.7361900e-04,5.9194600e-04,5.2048700e-04,4.5683800e-04,3.9936600e-04,3.4861200e-04,3.0609700e-04
6.0,0.0,600.0,MEAN,5.0,2.6682000e+01,4.3808100e-01,4.4126300e-01,4.4777900e-01,6.0675500e-01,9.1647400e-01,1.0955500e+00,1.1077900e+00,1.0943000e+00,1.0816000e+00,1.0460000e+00,1.0130200e+00,9.7344900e-01,8.0992100e-01,6.2202500e-01,5.0546700e-01,4.1671200e-01,3.5039000e-01,2.9803500e-01,2.5640300e-01,2.2213400e-01,1.1000900e-01,6.3910400e-02,4.3216800e-02,3.1535000e-02,2.4010900e-02,1.8911000e-02,1.5379600e-02,1.2559100e-02,1.0424600e-02,8.5928600e-03,7.1800200e-03,6.1685900e-03,5.3582400e-03,4.7693600e-03,4.2664500e-03,3.8087600e-03,3.4098900e-03,3.0665200e-03
6.0,0.0,760.0,MEAN,5.0,2.2219900e+01,3.9171000e-01,3.9407700e-01,4.0211200e-01,5.6770900e-01,8.6835900e-01,1.0155000e+00,9.9611400e-01,9.7866600e-01,9.6231500e-01,9.2615300e-01,8.9280400e-01,8.5396200e-01,6.9502800e-01,5.2112300e-01,4.1524900e-01,3.3822500e-01,2.8268800e-01,2.3918800e-01,2.0449400e-01,1.7617000e-01,8.6872900e-02,5.0480500e-02,3.4096200e-02,2.4918200e-02,1.9031100e-02,1.5049800e-02,1.2302500e-02,1.0106100e-02,8.4430600e-03,7.0070700e-03,5.8957100e-03,5.1001300e-03,4.4595900e-03,3.9943000e-03,3.5942200e-03,3.2267500e-03,2.9046200e-03,2.6261800e-03
6.0,75.0,200.0,MEAN,5.0,3.3418700e+00,4.1822700e-02,4.2306500e-02,4.0428200e-02,4.2521200e-02,6.9632700e-02,1.0046500e-01,1.2214000e-01,1.2434700e-01,1.2648900e-01,1.2560000e-01,1.2475400e-01,1.2268500e-01,1.1345800e-01,9.6295600e-02,8.4666300e-02,7.3322200e-02,6.2532000e-02,5.3885200e-02,4.7458000e-02,4.2113000e-02,2.3155100e-02,1.4552600e-02,1.0040400e-02,7.4413400e-03,5.7608500e-03,4.5867200e-03,3.7301800e-03,3.0800400e-03,2.5775400e-03,2.1755900e-03,1.8537900e-03,1.5919300e-03,1.3732400e-03,1.1872100e-03,1.0259600e-03,8.8385300e-04,7.6073800e-04,6.5868800e-04
6.0,20.0,600.0,MEAN,5.0,6.3683700e+00,1.0851000e-01,1.0925200e-01,1.0939500e-01,1.4136100e-01,2.2135100e-01,2.7697600e-01,2.8728000e-01,2.8448900e-01,2.8185300e-01,2.7313700e-01,2.6504400e-01,2.5486400e-01,2.1261900e-01,1.6292500e-01,1.3248200e-01,1.0951100e-01,9.1670200e-02,7.7690500e-02,6.6722300e-02,5.7748800e-02,3.0155100e-02,1.8378100e-02,1.2756300e-02,9.5525900e-03,7.4989300e-03,6.0755800e-03,5.0505500e-03,4.2687200e-03,3.6646500e-03,3.1643500e-03,2.7620400e-03,2.4399800e-03,2.1688800e-03,1.9384300e-03,1.7329800e-03,1.5440300e-03,1.3745200e-03,1.2296600e-03
6.0,50.0,250.0,MEAN,5.0,4.5309600e+00,6.2268300e-02,6.2948000e-02,6.0787500e-02,6.7630400e-02,1.0909600e-01,1.5039200e-01,1.7468500e-01,1.7639400e-01,1.7803900e-01,1.7549300e-01,1.7308900e-01,1.6908400e-01,1.5185300e-01,1.2497300e-01,1.0772900e-01,9.2177400e-02,7.8175100e-02,6.7086100e-02,5.8780100e-02,5.1907900e-02,2.8227500e-02,1.7670200e-02,1.2256300e-02,9.1096700e-03,7.0765700e-03,5.6559800e-03,4.6206300e-03,3.8342100e-03,3.2268600e-03,2.7374900e-03,2.3454600e-03,2.0272300e-03,1.7612000e-03,1.5342500e-03,1.3363500e-03,1.1603700e-03,1.0066100e-03,8.7818900e-04
6.0,100.0,600.0,MEAN,5.0,9.7578500e-01,1.5045000e-02,1.5142500e-02,1.4971200e-02,1.7400800e-02,2.7807500e-02,3.7542000e-02,4.1647300e-02,4.1751100e-02,4.1850400e-02,4.1015000e-02,4.0230700e-02,3.9072500e-02,3.4000400e-02,2.7271000e-02,2.2634700e-02,1.9010400e-02,1.6076100e-02,1.3713400e-02,1.1843800e-02,1.0303300e-02,5.5786800e-03,3.4637700e-03,2.3927000e-03,1.8072000e-03,1.4299900e-03,1.1661300e-03,9.7407000e-04,8.2799700e-04,7.1451500e-04,6.2298700e-04,5.4845200e-04,4.8611200e-04,4.3203800e-04,3.8395900e-04,3.4042400e-04,3.0048600e-04,2.6476800e-04,2.3463200e-04
6.0,0.0,250.0,MEAN,5.0,3.7991500e+01,4.6199400e-01,4.6932900e-01,4.5746700e-01,5.1838300e-01,7.4683000e-01,9.2300700e-01,1.0229400e+00,1.0267700e+00,1.0304400e+00,1.0105300e+00,9.9182700e-01,9.6687800e-01,8.7514700e-01,7.3767300e-01,6.5785300e-01,5.7725700e-01,5.0357100e-01,4.4629700e-01,4.0602900e-01,3.7263400e-01,2.2156200e-01,1.4664600e-01,1.0344800e-01,7.5479700e-02,5.6832800e-02,4.4075900e-02,3.5160800e-02,2.8086400e-02,2.2758200e-02,1.8292100e-02,1.4897000e-02,1.2477000e-02,1.0575400e-02,9.1983100e-03,8.0509600e-03,7.0390000e-03,6.1758200e-03,5.4446300e-03
6.0,50.0,600.0,MEAN,5.0,2.3344300e+00,4.0263000e-02,4.0529800e-02,4.0282200e-02,5.0334800e-02,8.0238900e-02,1.0293900e-01,1.0884000e-01,1.0812100e-01,1.0744100e-01,1.0440100e-01,1.0157100e-01,9.7881500e-02,8.2330100e-02,6.3380100e-02,5.1503200e-02,4.2576300e-02,3.5592100e-02,3.0107600e-02,2.5826100e-02,2.2336400e-02,1.1772300e-02,7.2215900e-03,5.0037700e-03,3.7675600e-03,2.9752600e-03,2.4218300e-03,2.0197700e-03,1.7142400e-03,1.4781500e-03,1.2860900e-03,1.1305600e-03,1.0022900e-03,8.9231900e-04,7.9546100e-04,7.0812200e-04,6.2783300e-04,5.5576500e-04,4.9461200e-04
6.0,0.0,400.0,MEAN,5.0,3.4190600e+01,4.8765700e-01,4.9268700e-01,4.9408900e-01,6.1551600e-01,9.0179500e-01,1.1082300e+00,1.1781400e+00,1.1743000e+00,1.1706400e+00,1.1412300e+00,1.1137600e+00,1.0788100e+00,9.3556100e-01,7.5308100e-01,6.3795000e-01,5.4061900e-01,4.6191800e-01,3.9905200e-01,3.4976900e-01,3.0845100e-01,1.5876400e-01,9.4590200e-02,6.4762300e-02,4.7226000e-02,3.5777000e-02,2.7981200e-02,2.2555300e-02,1.8232200e-02,1.4965800e-02,1.2193000e-02,1.0067700e-02,8.5481500e-03,7.3413400e-03,6.4650000e-03,5.7252000e-03,5.0619100e-03,4.4896100e-03,4.0005200e-03
6.0,100.0,200.0,MEAN,5.0,2.3454700e+00,2.7577900e-02,2.7886900e-02,2.6622900e-02,2.7062300e-02,4.4412500e-02,6.5981800e-02,8.2320600e-02,8.4226300e-02,8.6084500e-02,8.5881700e-02,8.5688000e-02,8.4625900e-02,7.9654500e-02,6.9100800e-02,6.1387800e-02,5.3565400e-02,4.5936900e-02,3.9719100e-02,3.5040200e-02,3.1118000e-02,1.7157900e-02,1.0760500e-02,7.3936800e-03,5.4823600e-03,4.2454300e-03,3.3818700e-03,2.7519900e-03,2.2738100e-03,1.9032300e-03,1.6075800e-03,1.3704000e-03,1.1765600e-03,1.0140900e-03,8.7554700e-04,7.5533400e-04,6.4949300e-04,5.5794300e-04,4.8223700e-04
6.0,20.0,250.0,MEAN,5.0,1.1314900e+01,1.5044800e-01,1.5230800e-01,1.4769400e-01,1.6691600e-01,2.6005800e-01,3.4583700e-01,3.9380000e-01,3.9636300e-01,3.9882200e-01,3.9201700e-01,3.8560900e-01,3.7595500e-01,3.3667200e-01,2.7787500e-01,2.4202400e-01,2.0872900e-01,1.7839600e-01,1.5455300e-01,1.3692800e-01,1.2228600e-01,6.8795700e-02,4.4151600e-02,3.1040900e-02,2.3030700e-02,1.7811300e-02,1.4180800e-02,1.1552000e-02,9.5473400e-03,8.0001800e-03,6.7356300e-03,5.7302800e-03,4.9351500e-03,4.2807400e-03,3.7386800e-03,3.2703700e-03,2.8536500e-03,2.4895200e-03,2.1832800e-03
6.0,50.0,200.0,MEAN,5.0,5.2507500e+00,6.8329600e-02,6.9164400e-02,6.6163100e-02,7.1611400e-02,1.1628700e-01,1.6279900e-01,1.9325300e-01,1.9586500e-01,1.9838900e-01,1.9617200e-01,1.9407200e-01,1.9015700e-01,1.7344400e-01,1.4489800e-01,1.2673300e-01,1.0934300e-01,9.3030100e-02,8.0149800e-02,7.0711700e-02,6.2908600e-02,3.4920200e-02,2.2170900e-02,1.5401500e-02,1.1410100e-02,8.8260500e-03,7.0211900e-03,5.7057300e-03,4.7074500e-03,3.9373200e-03,3.3187500e-03,2.8249400e-03,2.4259100e-03,2.0944600e-03,1.8138800e-03,1.5711700e-03,1.3570300e-03,1.1711500e-03,1.0165700e-03
6.0,75.0,600.0,MEAN,5.0,1.4232400e+00,2.3444500e-02,2.3597800e-02,2.3380200e-02,2.8212800e-02,4.5117500e-02,5.9329200e-02,6.4173800e-02,6.4022400e-02,6.3878300e-02,6.2317200e-02,6.0858300e-02,5.8858100e-02,5.0277200e-02,3.9407000e-02,3.2307200e-02,2.6886700e-02,2.2582300e-02,1.9165800e-02,1.6485200e-02,1.4291400e-02,7.6252500e-03,4.7039900e-03,3.2537200e-03,2.4544200e-03,1.9409800e-03,1.5817600e-03,1.3203500e-03,1.1215900e-03,9.6766500e-04,8.4310400e-04,7.4190600e-04,6.5772600e-04,5.8505200e-04,5.2063400e-04,4.6239300e-04,4.0891300e-04,3.6100300e-04,3.2048500e-04
6.0,50.0,400.0,MEAN,5.0,3.2247100e+00,5.0048200e-02,5.0470400e-02,4.9561400e-02,5.8673200e-02,9.3893800e-02,1.2482300e-01,1.3804900e-01,1.3822200e-01,1.3838700e-01,1.3540500e-01,1.3260900e-01,1.2863100e-01,1.1158000e-01,8.8660500e-02,7.4022300e-02,6.2160300e-02,5.2301500e-02,4.4508200e-02,3.8503100e-02,3.3566600e-02,1.7793600e-02,1.0945200e-02,7.5771800e-03,5.6704500e-03,4.4441000e-03,3.5870600e-03,2.9631300e-03,2.4887800e-03,2.1220300e-03,1.8248200e-03,1.5851800e-03,1.3889000e-03,1.2225900e-03,1.0783100e-03,9.5027200e-04,8.3442800e-04,7.3175700e-04,6.4526300e-04
6.0,20.0,760.0,MEAN,5.0,5.2557500e+00,9.5354400e-02,9.5908800e-02,9.6651800e-02,1.2910300e-01,2.0241600e-01,2.4779900e-01,2.5002900e-01,2.4640100e-01,2.4299100e-01,2.3447000e-01,2.2659200e-01,2.1700900e-01,1.7766100e-01,1.3349700e-01,1.0680300e-01,8.7454600e-02,7.2917100e-02,6.1582200e-02,5.2641100e-02,4.5366800e-02,2.3661700e-02,1.4434300e-02,1.0027500e-02,7.5327800e-03,5.9373700e-03,4.8329100e-03,4.0394600e-03,3.4348400e-03,2.9681100e-03,2.5804400e-03,2.2680300e-03,2.0173700e-03,1.8051100e-03,1.6233900e-03,1.4599000e-03,1.3080700e-03,1.1708400e-03,1.0530900e-03
6.0,100.0,760.0,MEAN,5.0,8.0101300e-01,1.3085700e-02,1.3158700e-02,1.3100400e-02,1.5665900e-02,2.4899700e-02,3.2889900e-02,3.5553400e-02,3.5481500e-02,3.5413100e-02,3.4569100e-02,3.3779900e-02,3.2686300e-02,2.7965300e-02,2.2053100e-02,1.8044900e-02,1.5036400e-02,1.2680500e-02,1.0790500e-02,9.2845600e-03,8.0488000e-03,4.3609100e-03,2.7113800e-03,1.8768100e-03,1.4233600e-03,1.1315100e-03,9.2736800e-04,7.7900000e-04,6.6623700e-04,5.7871000e-04,5.0803500e-04,4.5036300e-04,4.0191700e-04,3.5957500e-04,3.2155500e-04,2.8677800e-04,2.5456400e-04,2.2553300e-04,2.0094000e-04
6.0,0.0,200.0,MEAN,5.0,3.7084800e+01,4.2521800e-01,4.3337200e-01,4.1349100e-01,4.5256100e-01,6.5664400e-01,8.0605900e-01,9.0378300e-01,9.0858000e-01,9.1317700e-01,8.9644200e-01,8.8070700e-01,8.5974400e-01,7.8996600e-01,6.7458200e-01,6.1434000e-01,5.4636800e-01,4.7990300e-01,4.3045000e-01,4.0034900e-01,3.7701300e-01,2.5101600e-01,1.8010400e-01,1.2928700e-01,9.4346300e-02,7.0816900e-02,5.4693600e-02,4.3412500e-02,3.4482100e-02,2.7769100e-02,2.2176600e-02,1.7942700e-02,1.4930800e-02,1.2576500e-02,1.0874700e-02,9.4654700e-03,8.2318600e-03,7.1853000e-03,6.3025700e-03
6.0,20.0,400.0,MEAN,5.0,8.6105700e+00,1.3070100e-01,1.3187700e-01,1.3047700e-01,1.5837300e-01,2.4652400e-01,3.1893100e-01,3.4651600e-01,3.4597100e-01,3.4545200e-01,3.3719800e-01,3.2948100e-01,3.1903400e-01,2.7531500e-01,2.1870700e-01,1.8347700e-01,1.5458500e-01,1.3059800e-01,1.1165100e-01,9.6984200e-02,8.4848500e-02,4.4981600e-02,2.7666000e-02,1.9259200e-02,1.4356900e-02,1.1193200e-02,8.9961500e-03,7.4087800e-03,6.1973000e-03,5.2610100e-03,4.4899200e-03,3.8727700e-03,3.3811800e-03,2.9716100e-03,2.6276600e-03,2.3255600e-03,2.0520800e-03,1.8097800e-03,1.6042000e-03
6.0,75.0,400.0,MEAN,5.0,1.9792600e+00,2.9430800e-02,2.9673300e-02,2.9047000e-02,3.3297200e-02,5.3619000e-02,7.3116000e-02,8.2687000e-02,8.3135700e-02,8.3565800e-02,8.2081300e-02,8.0684700e-02,7.8534800e-02,6.9118800e-02,5.5841000e-02,4.6975100e-02,3.9670100e-02,3.3507200e-02,2.8584500e-02,2.4772900e-02,2.1628900e-02,1.1573100e-02,7.1445900e-03,4.9316900e-03,3.6957300e-03,2.8998400e-03,2.3430200e-03,1.9371000e-03,1.6283700e-03,1.3891800e-03,1.1962600e-03,1.0402400e-03,9.1143100e-04,8.0159400e-04,7.0576000e-04,6.2051500e-04,5.4347200e-04,4.7532200e-04,4.1809900e-04
6.0,75.0,250.0,MEAN,5.0,2.8399100e+00,3.7518900e-02,3.7910700e-02,3.6532300e-02,3.9471300e-02,6.4212800e-02,9.1045700e-02,1.0821000e-01,1.0973800e-01,1.1121600e-01,1.1006400e-01,1.0897200e-01,1.0682500e-01,9.7268800e-02,8.1312100e-02,7.0501600e-02,6.0577600e-02,5.1514900e-02,4.4248300e-02,3.8755700e-02,3.4193000e-02,1.8570800e-02,1.1576300e-02,7.9860600e-03,5.9399700e-03,4.6185600e-03,3.6947400e-03,3.0207500e-03,2.5086800e-03,2.1124400e-03,1.7945500e-03,1.5391400e-03,1.3303100e-03,1.1547400e-03,1.0041800e-03,8.7262300e-04,7.5576700e-04,6.5385600e-04,5.6902500e-04
6.0,50.0,760.0,MEAN,5.0,1.9196500e+00,3.5137300e-02,3.5336800e-02,3.5359300e-02,4.5528200e-02,7.2342400e-02,9.0802200e-02,9.3500900e-02,9.2455100e-02,9.1468800e-02,8.8520200e-02,8.5786300e-02,8.2356100e-02,6.8065600e-02,5.1473500e-02,4.1209200e-02,3.3781600e-02,2.8151300e-02,2.3747300e-02,2.0287800e-02,1.7480800e-02,9.2138200e-03,5.6591000e-03,3.9276600e-03,2.9685100e-03,2.3547100e-03,1.9261400e-03,1.6153300e-03,1.3793500e-03,1.1972000e-03,1.0487800e-03,9.2835900e-04,8.2869200e-04,7.4265800e-04,6.6617800e-04,5.9653400e-04,5.3188500e-04,4.7340800e-04,4.2358800e-04
6.0,20.0,200.0,MEAN,5.0,1.2485900e+01,1.5701400e-01,1.5924900e-01,1.5245400e-01,1.6727200e-01,2.6238400e-01,3.5211800e-01,4.0858500e-01,4.1251400e-01,4.1629500e-01,4.1023600e-01,4.0451700e-01,3.9540100e-01,3.5956700e-01,3.0108300e-01,2.6656500e-01,2.3215300e-01,1.9925800e-01,1.7370800e-01,1.5563500e-01,1.4076100e-01,8.2997800e-02,5.5060200e-02,3.8946100e-02,2.8829700e-02,2.2208700e-02,1.7601800e-02,1.4264300e-02,1.1721600e-02,9.7616200e-03,8.1658700e-03,6.9017500e-03,5.9057200e-03,5.0907600e-03,4.4200800e-03,3.8449900e-03,3.3372700e-03,2.8964600e-03,2.5273000e-03
6.0,100.0,250.0,MEAN,5.0,1.9766100e+00,2.4529400e-02,2.4779000e-02,2.3841000e-02,2.4886600e-02,4.0574100e-02,5.9174300e-02,7.2138800e-02,7.3515200e-02,7.4851900e-02,7.4417600e-02,7.4004200e-02,7.2849000e-02,6.7511500e-02,5.7679300e-02,5.0546900e-02,4.3771800e-02,3.7437100e-02,3.2278000e-02,2.8339500e-02,2.5045000e-02,1.3702300e-02,8.5508100e-03,5.8793200e-03,4.3758000e-03,3.4034800e-03,2.7241500e-03,2.2285900e-03,1.8520000e-03,1.5598100e-03,1.3260300e-03,1.1378000e-03,9.8320500e-04,8.5273000e-04,7.4056900e-04,6.4244700e-04,5.5536900e-04,4.7955400e-04,4.1659200e-04
6.0,75.0,760.0,MEAN,5.0,1.1690400e+00,2.0415500e-02,2.0530200e-02,2.0481200e-02,2.5441700e-02,4.0497400e-02,5.2102700e-02,5.4905600e-02,5.4527100e-02,5.4168600e-02,5.2634200e-02,5.1205800e-02,4.9338100e-02,4.1428000e-02,3.1915200e-02,2.5789100e-02,2.1289700e-02,1.7829700e-02,1.5093600e-02,1.2932500e-02,1.1171500e-02,5.9633200e-03,3.6836200e-03,2.5528100e-03,1.9333700e-03,1.5359400e-03,1.2579400e-03,1.0559500e-03,9.0247700e-04,7.8374400e-04,6.8753600e-04,6.0921800e-04,5.4380800e-04,4.8692500e-04,4.3601700e-04,3.8952700e-04,3.4642100e-04,3.0750700e-04,2.7446500e-04
7.0,0.0,200.0,MEAN,5.0,6.8358700e+01,4.5956700e-01,4.6868200e-01,4.4522800e-01,4.6908200e-01,6.4888300e-01,7.9276500e-01,9.0390500e-01,9.1333000e-01,9.2240700e-01,9.2711300e-01,9.3164200e-01,9.3541200e-01,9.7452600e-01,9.3842500e-01,9.0363100e-01,8.4129900e-01,7.7028600e-01,7.1915000e-01,6.9491400e-01,6.8032200e-01,5.5002600e-01,4.5178100e-01,3.5978900e-01,2.8846700e-01,2.3370000e-01,1.9185200e-01,1.6056700e-01,1.3400900e-01,1.1246400e-01,9.3355100e-02,7.8134700e-02,6.6772700e-02,5.7386800e-02,5.0315900e-02,4.4347900e-02,3.9091100e-02,3.4541100e-02,3.0574400e-02
7.0,75.0,760.0,MEAN,5.0,3.3212300e+00,3.9571200e-02,3.9788200e-02,3.9366700e-02,4.7637600e-02,6.9815400e-02,8.4443000e-02,8.7612900e-02,8.7085900e-02,8.6586400e-02,8.5783700e-02,8.5022200e-02,8.3929400e-02,7.8273000e-02,6.5864900e-02,5.5113100e-02,4.6924200e-02,4.0363500e-02,3.5068500e-02,3.0799100e-02,2.7301800e-02,1.6976500e-02,1.1776900e-02,8.9778300e-03,7.4706100e-03,6.4206600e-03,5.6009300e-03,4.9560700e-03,4.4371700e-03,4.0101300e-03,3.6609700e-03,3.3730800e-03,3.1214500e-03,2.8806600e-03,2.6472900e-03,2.4228200e-03,2.2076300e-03,2.0037300e-03,1.8197500e-03
7.0,50.0,200.0,MEAN,5.0,1.3076500e+01,1.1263200e-01,1.1410500e-01,1.0799400e-01,1.1264300e-01,1.6761300e-01,2.2026700e-01,2.5807700e-01,2.6185500e-01,2.6550900e-01,2.6775100e-01,2.6991500e-01,2.7107400e-01,2.7612200e-01,2.5398900e-01,2.3202200e-01,2.0786000e-01,1.8271700e-01,1.6268800e-01,1.4843300e-01,1.3680500e-01,9.1940500e-02,6.7276200e-02,5.1866200e-02,4.2306700e-02,3.5411700e-02,2.9997600e-02,2.5695600e-02,2.2207900e-02,1.9323800e-02,1.6932500e-02,1.4959400e-02,1.3285800e-02,1.1792500e-02,1.0454900e-02,9.2554700e-03,8.1726500e-03,7.1980500e-03,6.3473400e-03
7.0,75.0,200.0,MEAN,5.0,8.9729700e+00,7.5838800e-02,7.6762900e-02,7.2567500e-02,7.3667100e-02,1.1013000e-01,1.4834500e-01,1.7739500e-01,1.8072500e-01,1.8395900e-01,1.8621100e-01,1.8839400e-01,1.8981000e-01,1.9546900e-01,1.8184500e-01,1.6642000e-01,1.4926700e-01,1.3118500e-01,1.1651400e-01,1.0581100e-01,9.6983200e-02,6.3905800e-02,4.6031000e-02,3.5175200e-02,2.8704100e-02,2.4061900e-02,2.0415100e-02,1.7505600e-02,1.5143100e-02,1.3188500e-02,1.1584700e-02,1.0264100e-02,9.1377300e-03,8.1241000e-03,7.2080800e-03,6.3812700e-03,5.6324500e-03,4.9569800e-03,4.3672200e-03
7.0,75.0,600.0,MEAN,5.0,4.0375700e+00,4.5316200e-02,4.5608000e-02,4.4821900e-02,5.2622300e-02,7.7340100e-02,9.5611600e-02,1.0186900e-01,1.0172800e-01,1.0159400e-01,1.0106400e-01,1.0055900e-01,9.9647300e-02,9.4588500e-02,8.1037500e-02,6.8834800e-02,5.9106900e-02,5.1006900e-02,4.4441700e-02,3.9192000e-02,3.4873600e-02,2.1685600e-02,1.5025500e-02,1.1436100e-02,9.4808300e-03,8.1124500e-03,7.0422100e-03,6.1969200e-03,5.5144600e-03,4.9512000e-03,4.4893400e-03,4.1077600e-03,3.7753500e-03,3.4611700e-03,3.1610400e-03,2.8760300e-03,2.6058700e-03,2.3523100e-03,2.1248700e-03
7.0,50.0,760.0,MEAN,5.0,5.1365300e+00,6.3040100e-02,6.3392300e-02,6.2960900e-02,7.9049200e-02,1.1635000e-01,1.3830000e-01,1.4073500e-01,1.3934900e-01,1.3804100e-01,1.3627600e-01,1.3460700e-01,1.3245200e-01,1.2185000e-01,1.0101100e-01,8.3911000e-02,7.1043400e-02,6.0910700e-02,5.2815000e-02,4.6310500e-02,4.0997500e-02,2.5234400e-02,1.7407300e-02,1.3291500e-02,1.1030800e-02,9.4574800e-03,8.2329200e-03,7.2756200e-03,6.5074500e-03,5.8756400e-03,5.3508300e-03,4.9160200e-03,4.5384200e-03,4.1814100e-03,3.8397800e-03,3.5141400e-03,3.2032900e-03,2.9096500e-03,2.6448400e-03
7.0,20.0,200.0,MEAN,5.0,2.6881500e+01,2.1456800e-01,2.1786400e-01,2.0659500e-01,2.1835600e-01,3.1745800e-01,4.0590800e-01,4.6872700e-01,4.7424900e-01,4.7957400e-01,4.8247400e-01,4.8526700e-01,4.8667100e-01,4.9702500e-01,4.6234600e-01,4.3005100e-01,3.9053600e-01,3.4791300e-01,3.1485200e-01,2.9300300e-01,2.7570600e-01,1.9930400e-01,1.5319300e-01,1.2051200e-01,9.8158600e-02,8.1692700e-02,6.8842000e-02,5.8774000e-02,5.0598700e-02,4.3816000e-02,3.8033700e-02,3.3252100e-02,2.9288900e-02,2.5827800e-02,2.2839300e-02,2.0207400e-02,1.7850600e-02,1.5747200e-02,1.3912300e-02
7.0,0.0,760.0,MEAN,5.0,4.2530100e+01,4.4259400e-01,4.4533500e-01,4.5319500e-01,6.1972700e-01,9.0887800e-01,1.0627600e+00,1.0607900e+00,1.0476500e+00,1.0352700e+00,1.0202800e+00,1.0061400e+00,9.8981900e-01,9.1184100e-01,7.6917900e-01,6.4583300e-01,5.4913900e-01,4.7737500e-01,4.1923600e-01,3.7091200e-01,3.3074900e-01,1.9433400e-01,1.2753400e-01,9.5128000e-02,7.6275900e-02,6.2838700e-02,5.2803200e-02,4.5505900e-02,3.9276200e-02,3.4194100e-02,2.9496700e-02,2.5673600e-02,2.2808400e-02,2.0349300e-02,1.8481300e-02,1.6839900e-02,1.5323200e-02,1.3963100e-02,1.2739900e-02
7.0,20.0,760.0,MEAN,5.0,1.2321500e+01,1.4408700e-01,1.4492400e-01,1.4521800e-01,1.8948200e-01,2.7891100e-01,3.2874300e-01,3.3058400e-01,3.2658200e-01,3.2281100e-01,3.1809700e-01,3.1364800e-01,3.0820000e-01,2.8225800e-01,2.3438300e-01,1.9547800e-01,1.6585000e-01,1.4281200e-01,1.2440400e-01,1.0946700e-01,9.7190400e-02,5.9540400e-02,4.0813500e-02,3.1208500e-02,2.5714100e-02,2.1867500e-02,1.8911800e-02,1.6646800e-02,1.4827700e-02,1.3322500e-02,1.2018400e-02,1.0927000e-02,1.0004900e-02,9.1582600e-03,8.3885100e-03,7.6726800e-03,6.9967800e-03,6.3655500e-03,5.7970200e-03
7.0,100.0,600.0,MEAN,5.0,2.8898100e+00,3.0744000e-02,3.0939200e-02,3.0323600e-02,3.4275900e-02,5.0144000e-02,6.3314700e-02,6.8997300e-02,6.9212400e-02,6.9418000e-02,6.9348000e-02,6.9281100e-02,6.8919400e-02,6.6533200e-02,5.8175200e-02,4.9949600e-02,4.3238100e-02,3.7520100e-02,3.2819200e-02,2.9032500e-02,2.5899600e-02,1.6313100e-02,1.1375500e-02,8.6452700e-03,7.1789000e-03,6.1502100e-03,5.3455800e-03,4.7083400e-03,4.1930200e-03,3.7666200e-03,3.4204400e-03,3.1352900e-03,2.8859500e-03,2.6484400e-03,2.4199500e-03,2.2017100e-03,1.9942600e-03,1.7992300e-03,1.6242300e-03
7.0,0.0,400.0,MEAN,5.0,6.5006500e+01,5.4537900e-01,5.5114900e-01,5.5129500e-01,6.6312000e-01,9.2796500e-01,1.1395800e+00,1.2335900e+00,1.2361700e+00,1.2386300e+00,1.2366700e+00,1.2347900e+00,1.2303700e+00,1.2091000e+00,1.0967700e+00,9.8044300e-01,8.6837300e-01,7.7244400e-01,6.9325900e-01,6.2940400e-01,5.7504000e-01,3.5366300e-01,2.3839700e-01,1.8047200e-01,1.4447400e-01,1.1809700e-01,9.8161900e-02,8.3427000e-02,7.0857100e-02,6.0611100e-02,5.1327400e-02,4.3841500e-02,3.8228500e-02,3.3498800e-02,2.9912900e-02,2.6823900e-02,2.4037900e-02,2.1582500e-02,1.9407000e-02
7.0,50.0,600.0,MEAN,5.0,6.2349300e+00,7.1981700e-02,7.2455000e-02,7.1489600e-02,8.6965800e-02,1.2812200e-01,1.5566000e-01,1.6273900e-01,1.6190300e-01,1.6111000e-01,1.5971500e-01,1.5839100e-01,1.5646900e-01,1.4659000e-01,1.2381500e-01,1.0447100e-01,8.9243900e-02,7.6788900e-02,6.6792000e-02,5.8822900e-02,5.2284200e-02,3.2199500e-02,2.2187900e-02,1.6920600e-02,1.3994200e-02,1.1947300e-02,1.0350700e-02,9.0969900e-03,8.0873300e-03,7.2545000e-03,6.5616100e-03,5.9867600e-03,5.4891600e-03,5.0240500e-03,4.5849300e-03,4.1714800e-03,3.7811300e-03,3.4158200e-03,3.0883000e-03
7.0,100.0,760.0,MEAN,5.0,2.3748700e+00,2.6798000e-02,2.6943100e-02,2.6587900e-02,3.0951200e-02,4.5098600e-02,5.5713200e-02,5.9140300e-02,5.9053200e-02,5.8970200e-02,5.8674100e-02,5.8392000e-02,5.7868500e-02,5.4904700e-02,4.7174000e-02,3.9914200e-02,3.4268300e-02,2.9647100e-02,2.5863900e-02,2.2789600e-02,2.0256200e-02,1.2762200e-02,8.9107600e-03,6.7843100e-03,5.6555500e-03,4.8670900e-03,4.2513400e-03,3.7655100e-03,3.3738800e-03,3.0507100e-03,2.7893000e-03,2.5745500e-03,2.3861100e-03,2.2042300e-03,2.0266400e-03,1.8547500e-03,1.6894900e-03,1.5326100e-03,1.3909900e-03
7.0,100.0,200.0,MEAN,5.0,6.6561100e+00,5.3632700e-02,5.4256200e-02,5.1240900e-02,5.0342400e-02,7.5240800e-02,1.0398300e-01,1.2730000e-01,1.3029900e-01,1.3322400e-01,1.3545100e-01,1.3761800e-01,1.3919900e-01,1.4559000e-01,1.3798100e-01,1.2726000e-01,1.1478600e-01,1.0124500e-01,9.0043100e-02,8.1723200e-02,7.4789100e-02,4.9019900e-02,3.5071600e-02,2.6647400e-02,2.1754500e-02,1.8249700e-02,1.5499400e-02,1.3301300e-02,1.1514500e-02,1.0033100e-02,8.8263400e-03,7.8341200e-03,6.9850600e-03,6.2164600e-03,5.5182000e-03,4.8851200e-03,4.3105200e-03,3.7914900e-03,3.3382500e-03
7.0,50.0,250.0,MEAN,5.0,1.1568800e+01,1.0529700e-01,1.0650700e-01,1.0193500e-01,1.0940700e-01,1.6171000e-01,2.0993100e-01,2.4103000e-01,2.4373300e-01,2.4633900e-01,2.4771100e-01,2.4903200e-01,2.4940400e-01,2.5016100e-01,2.2675100e-01,2.0396000e-01,1.8107300e-01,1.5857800e-01,1.4047400e-01,1.2700600e-01,1.1588300e-01,7.5275600e-02,5.3785900e-02,4.1306900e-02,3.3787200e-02,2.8396300e-02,2.4166100e-02,2.0809200e-02,1.8088400e-02,1.5837000e-02,1.3966800e-02,1.2420300e-02,1.1102400e-02,9.9160800e-03,8.8431300e-03,7.8722400e-03,6.9883000e-03,6.1867500e-03,5.4833100e-03
7.0,100.0,400.0,MEAN,5.0,4.0067200e+00,3.8424400e-02,3.8735400e-02,3.7509700e-02,4.0228800e-02,5.9181000e-02,7.7464200e-02,8.8278000e-02,8.9248200e-02,9.0183200e-02,9.0712600e-02,9.1222500e-02,9.1335100e-02,9.0884300e-02,8.1961400e-02,7.2250900e-02,6.3495200e-02,5.5430400e-02,4.8754200e-02,4.3473500e-02,3.9073300e-02,2.4713300e-02,1.7261100e-02,1.3098200e-02,1.0807400e-02,9.1875700e-03,7.9179400e-03,6.9075700e-03,6.0875700e-03,5.4073500e-03,4.8532000e-03,4.3960400e-03,3.9991600e-03,3.6286900e-03,3.2804200e-03,2.9546100e-03,2.6505000e-03,2.3689900e-03,2.1189400e-03
7.0,50.0,400.0,MEAN,5.0,8.5192600e+00,8.8052100e-02,8.8806100e-02,8.6576700e-02,9.9346100e-02,1.4619600e-01,1.8384600e-01,2.0119600e-01,2.0177700e-01,2.0233300e-01,2.0200600e-01,2.0169400e-01,2.0059500e-01,1.9410900e-01,1.6960300e-01,1.4734000e-01,1.2807700e-01,1.1107200e-01,9.7328300e-02,8.6571900e-02,7.7674200e-02,4.8343100e-02,3.3512500e-02,2.5583800e-02,2.1047100e-02,1.7839200e-02,1.5328600e-02,1.3345200e-02,1.1741300e-02,1.0414600e-02,9.3102500e-03,8.3942300e-03,7.6065200e-03,6.8835500e-03,6.2151800e-03,5.5979300e-03,5.0253200e-03,4.4974900e-03,4.0289500e-03
7.0,0.0,600.0,MEAN,5.0,5.1021700e+01,4.9407400e-01,4.9774700e-01,5.0378800e-01,6.6064400e-01,9.5561300e-01,1.1422100e+00,1.1756100e+00,1.1674400e+00,1.1597000e+00,1.1485200e+00,1.1379100e+00,1.1247300e+00,1.0595600e+00,9.1593700e-01,7.8456800e-01,6.7540000e-01,5.9081100e-01,5.2168900e-01,4.6452700e-01,4.1662200e-01,2.4592300e-01,1.6136600e-01,1.2052800e-01,9.6509100e-02,7.9272700e-02,6.6347600e-02,5.6887000e-02,4.8809500e-02,4.2219100e-02,3.6172300e-02,3.1266400e-02,2.7586700e-02,2.4449900e-02,2.2067400e-02,1.9989400e-02,1.8087000e-02,1.6392000e-02,1.4876000e-02
7.0,75.0,250.0,MEAN,5.0,7.7762100e+00,6.9415800e-02,7.0167900e-02,6.6981900e-02,6.9908300e-02,1.0381700e-01,1.3777700e-01,1.6125500e-01,1.6368500e-01,1.6603700e-01,1.6754800e-01,1.6900800e-01,1.6977000e-01,1.7214600e-01,1.5777200e-01,1.4228400e-01,1.2654600e-01,1.1085100e-01,9.8046500e-02,8.8395800e-02,8.0385900e-02,5.1771500e-02,3.6706200e-02,2.7995600e-02,2.2918100e-02,1.9292900e-02,1.6445700e-02,1.4176500e-02,1.2334000e-02,1.0808700e-02,9.5557300e-03,8.5219700e-03,7.6360200e-03,6.8314100e-03,6.0968600e-03,5.4275800e-03,4.8162200e-03,4.2605400e-03,3.7727300e-03
7.0,20.0,250.0,MEAN,5.0,2.5092000e+01,2.1192400e-01,2.1471100e-01,2.0666000e-01,2.2526300e-01,3.2526500e-01,4.1370700e-01,4.6962700e-01,4.7387100e-01,4.7795400e-01,4.7979700e-01,4.8156700e-01,4.8186100e-01,4.8465000e-01,4.4453300e-01,4.0631700e-01,3.6507100e-01,3.2364700e-01,2.9066600e-01,2.6677900e-01,2.4709200e-01,1.6772500e-01,1.2329600e-01,9.6140800e-02,7.8442100e-02,6.5527800e-02,5.5466000e-02,4.7599300e-02,4.1213100e-02,3.5909600e-02,3.1372100e-02,2.7608000e-02,2.4475500e-02,2.1718200e-02,1.9318500e-02,1.7187500e-02,1.5263800e-02,1.3534800e-02,1.2018500e-02
7.0,75.0,400.0,MEAN,5.0,5.5669400e+00,5.6174300e-02,5.6639400e-02,5.4997000e-02,6.1127000e-02,9.0110400e-02,1.1541400e-01,1.2864100e-01,1.2948100e-01,1.3028800e-01,1.3051100e-01,1.3072600e-01,1.3039500e-01,1.2768200e-01,1.1295200e-01,9.8611100e-02,8.6040100e-02,7.4749900e-02,6.5535900e-02,5.8300200e-02,5.2303800e-02,3.2739600e-02,2.2759400e-02,1.7313100e-02,1.4267600e-02,1.2116700e-02,1.0430200e-02,9.0912200e-03,8.0060300e-03,7.1079500e-03,6.3698800e-03,5.7595800e-03,5.2316200e-03,4.7422300e-03,4.2850200e-03,3.8595200e-03,3.4633500e-03,3.0972100e-03,2.7720700e-03
7.0,20.0,400.0,MEAN,5.0,1.9883400e+01,1.9296600e-01,1.9475300e-01,1.9164000e-01,2.2561900e-01,3.2687500e-01,4.0660000e-01,4.4096500e-01,4.4149000e-01,4.4199100e-01,4.4072400e-01,4.3951400e-01,4.3682100e-01,4.2279200e-01,3.7253900e-01,3.2688000e-01,2.8612600e-01,2.5018200e-01,2.2106800e-01,1.9809400e-01,1.7890300e-01,1.1211600e-01,7.7800700e-02,5.9779700e-02,4.8942700e-02,4.1196900e-02,3.5193100e-02,3.0529100e-02,2.6752300e-02,2.3614400e-02,2.0912200e-02,1.8658500e-02,1.6768600e-02,1.5076500e-02,1.3577700e-02,1.2222100e-02,1.0976400e-02,9.8392500e-03,8.8307500e-03
7.0,100.0,250.0,MEAN,5.0,5.6952700e+00,4.8453100e-02,4.8958100e-02,4.6648300e-02,4.7093500e-02,6.9920700e-02,9.5046600e-02,1.1380000e-01,1.1603900e-01,1.1821500e-01,1.1979900e-01,1.2133500e-01,1.2234800e-01,1.2599600e-01,1.1762300e-01,1.0695300e-01,9.5694400e-02,8.4151600e-02,7.4575400e-02,6.7270600e-02,6.1163900e-02,3.9453400e-02,2.7922500e-02,2.1199800e-02,1.7366700e-02,1.4631600e-02,1.2485400e-02,1.0771700e-02,9.3785300e-03,8.2226600e-03,7.2804700e-03,6.5044300e-03,5.8371200e-03,5.2273100e-03,4.6675000e-03,4.1550300e-03,3.6858500e-03,3.2588000e-03,2.8838300e-03
7.0,0.0,250.0,MEAN,5.0,7.0952100e+01,5.0605300e-01,5.1434200e-01,4.9960700e-01,5.4527100e-01,7.4891800e-01,9.2277000e-01,1.0407700e+00,1.0501600e+00,1.0591900e+00,1.0636900e+00,1.0680100e+00,1.0709800e+00,1.0991500e+00,1.0449300e+00,9.8481900e-01,9.0429300e-01,8.2208000e-01,7.5789600e-01,7.1554300e-01,6.8174000e-01,4.8875400e-01,3.6845500e-01,2.8800000e-01,2.3081800e-01,1.8756500e-01,1.5461200e-01,1.3004900e-01,1.0915300e-01,9.2170100e-02,7.7002800e-02,6.4871600e-02,5.5798800e-02,4.8255900e-02,4.2559600e-02,3.7720600e-02,3.3426500e-02,2.9688400e-02,2.6412500e-02
7.0,20.0,600.0,MEAN,5.0,1.4897400e+01,1.6328100e-01,1.6440500e-01,1.6372000e-01,2.0626600e-01,3.0240100e-01,3.6432200e-01,3.7685900e-01,3.7415900e-01,3.7160300e-01,3.6779800e-01,3.6419100e-01,3.5936700e-01,3.3563500e-01,2.8452200e-01,2.4137500e-01,2.0686600e-01,1.7892800e-01,1.5647600e-01,1.3838600e-01,1.2343400e-01,7.5763200e-02,5.1893900e-02,3.9666300e-02,3.2592900e-02,2.7611700e-02,2.3771900e-02,2.0812800e-02,1.8427300e-02,1.6449000e-02,1.4738100e-02,1.3307100e-02,1.2100800e-02,1.1003800e-02,1.0016300e-02,9.1078400e-03,8.2588800e-03,7.4729000e-03,6.7690200e-03
8.0,20.0,400.0,MEAN,5.0,3.8408900e+01,2.8367900e-01,2.8639300e-01,2.8030100e-01,3.1966100e-01,4.3036400e-01,5.1458800e-01,5.5722500e-01,5.5946700e-01,5.6161300e-01,5.6188300e-01,5.6214100e-01,5.6081800e-01,5.5491400e-01,5.1294700e-01,4.6912700e-01,4.2166600e-01,3.7632900e-01,3.3939000e-01,3.1026900e-01,2.8657700e-01,2.0862900e-01,1.6224900e-01,1.3692600e-01,1.2322600e-01,1.1275600e-01,1.0313800e-01,9.5015900e-02,8.7986000e-02,8.1269300e-02,7.5187100e-02,7.0059500e-02,6.5597900e-02,6.1104100e-02,5.6768700e-02,5.2599700e-02,4.8629500e-02,4.4762400e-02,4.1021700e-02
8.0,75.0,760.0,MEAN,5.0,7.9151600e+00,7.6700500e-02,7.7111000e-02,7.5666200e-02,8.9197600e-02,1.2035800e-01,1.3685700e-01,1.3980400e-01,1.3908600e-01,1.3840500e-01,1.3731500e-01,1.3627900e-01,1.3477800e-01,1.2718700e-01,1.1048900e-01,9.5350200e-02,8.2715400e-02,7.2043200e-02,6.3409200e-02,5.6431500e-02,5.0838700e-02,3.6144200e-02,2.7950100e-02,2.3310700e-02,2.1325000e-02,1.9962000e-02,1.8682900e-02,1.7569300e-02,1.6621600e-02,1.5732000e-02,1.5047900e-02,1.4555100e-02,1.4132900e-02,1.3614000e-02,1.3005500e-02,1.2340200e-02,1.1652700e-02,1.0925500e-02,1.0181500e-02
8.0,0.0,200.0,MEAN,5.0,1.0561200e+02,4.9618800e-01,5.0636100e-01,4.7890300e-01,4.8563400e-01,6.4037600e-01,7.7858800e-01,9.0273700e-01,9.1679000e-01,9.3039300e-01,9.4035900e-01,9.5000000e-01,9.5936400e-01,1.0324900e+00,1.0597100e+00,1.0746600e+00,1.0347900e+00,9.7366100e-01,9.3401500e-01,9.2708000e-01,9.3455200e-01,9.0093100e-01,8.4112700e-01,7.3917400e-01,6.5155400e-01,5.7358300e-01,5.0417300e-01,4.4856000e-01,3.9679700e-01,3.4922700e-01,3.0336200e-01,2.6517500e-01,2.3554700e-01,2.0918400e-01,1.8837500e-01,1.7014500e-01,1.5375700e-01,1.3894500e-01,1.2516300e-01
8.0,50.0,400.0,MEAN,5.0,1.8777700e+01,1.5362700e-01,1.5497600e-01,1.5000800e-01,1.6642100e-01,2.2450900e-01,2.6693000e-01,2.8922500e-01,2.9056800e-01,2.9185400e-01,2.9204500e-01,2.9222700e-01,2.9144300e-01,2.8689000e-01,2.6086600e-01,2.3513600e-01,2.0921800e-01,1.8450200e-01,1.6444300e-01,1.4879500e-01,1.3617100e-01,9.7892900e-02,7.6021500e-02,6.3714000e-02,5.7683000e-02,5.3245100e-02,4.9068700e-02,4.5395000e-02,4.2202300e-02,3.9189800e-02,3.6667900e-02,3.4643200e-02,3.2859700e-02,3.0960600e-02,2.8986300e-02,2.7003600e-02,2.5067800e-02,2.3130600e-02,2.1228600e-02
8.0,50.0,760.0,MEAN,5.0,1.1529500e+01,1.1310100e-01,1.1372200e-01,1.1210800e-01,1.3725100e-01,1.8712800e-01,2.1064400e-01,2.1183000e-01,2.1002900e-01,2.0832600e-01,2.0604900e-01,2.0389300e-01,2.0109300e-01,1.8760300e-01,1.6112400e-01,1.3832200e-01,1.1948900e-01,1.0390800e-01,9.1413700e-02,8.1330200e-02,7.3261600e-02,5.1686300e-02,3.9747700e-02,3.3208100e-02,3.0281200e-02,2.8251000e-02,2.6363600e-02,2.4751400e-02,2.3390700e-02,2.2109700e-02,2.1073600e-02,2.0288200e-02,1.9605600e-02,1.8807100e-02,1.7908100e-02,1.6951900e-02,1.5979100e-02,1.4964400e-02,1.3935700e-02
8.0,100.0,250.0,MEAN,5.0,1.3474700e+01,9.3162000e-02,9.4183800e-02,8.8810600e-02,8.6288000e-02,1.1609100e-01,1.4671300e-01,1.7254000e-01,1.7604400e-01,1.7945000e-01,1.8206100e-01,1.8459600e-01,1.8647100e-01,1.9470800e-01,1.8812300e-01,1.7722400e-01,1.6219400e-01,1.4481100e-01,1.3045400e-01,1.1981500e-01,1.1128300e-01,8.3932600e-02,6.7363200e-02,5.6332400e-02,5.0874000e-02,4.6762500e-02,4.2863000e-02,3.9321700e-02,3.6184000e-02,3.3235000e-02,3.0856800e-02,2.8979300e-02,2.7334900e-02,2.5598100e-02,2.3802800e-02,2.2005200e-02,2.0261300e-02,1.8530700e-02,1.6846200e-02
8.0,0.0,400.0,MEAN,5.0,1.0366500e+02,6.0978900e-01,6.1640500e-01,6.1498400e-01,7.1419200e-01,9.5452500e-01,1.1713400e+00,1.2911600e+00,1.3008000e+00,1.3100700e+00,1.3156600e+00,1.3210400e+00,1.3241700e+00,1.3434500e+00,1.2979700e+00,1.2195200e+00,1.1152600e+00,1.0182000e+00,9.3709800e-01,8.7122000e-01,8.1669900e-01,5.8913800e-01,4.4599600e-01,3.7129500e-01,3.2650400e-01,2.8992600e-01,2.5799000e-01,2.3306900e-01,2.0980800e-01,1.8821100e-01,1.6679000e-01,1.4878900e-01,1.3485400e-01,1.2210900e-01,1.1199000e-01,1.0291300e-01,9.4548500e-02,8.6817700e-02,7.9446400e-02
8.0,75.0,250.0,MEAN,5.0,1.7472500e+01,1.2490600e-01,1.2634700e-01,1.1939500e-01,1.1976700e-01,1.6153000e-01,2.0011900e-01,2.3067500e-01,2.3437700e-01,2.3796200e-01,2.4048400e-01,2.4292400e-01,2.4454600e-01,2.5197800e-01,2.3983000e-01,2.2464500e-01,2.0474900e-01,1.8244400e-01,1.6435000e-01,1.5116200e-01,1.4069500e-01,1.0659600e-01,8.5974200e-02,7.2317800e-02,6.5265100e-02,5.9912800e-02,5.4830900e-02,5.0248000e-02,4.6201400e-02,4.2403500e-02,3.9278600e-02,3.6773600e-02,3.4573600e-02,3.2285000e-02,2.9952000e-02,2.7643900e-02,2.5421400e-02,2.3230600e-02,2.1108500e-02
8.0,100.0,200.0,MEAN,5.0,1.5335000e+01,1.0035000e-01,1.0160300e-01,9.4786700e-02,8.9524500e-02,1.2125400e-01,1.5525600e-01,1.8640200e-01,1.9084700e-01,1.9518500e-01,1.9860700e-01,2.0193900e-01,2.0457400e-01,2.1693400e-01,2.1271900e-01,2.0346600e-01,1.8786700e-01,1.6833500e-01,1.5237500e-01,1.4114000e-01,1.3232100e-01,1.0287300e-01,8.4330500e-02,7.0748100e-02,6.3707300e-02,5.8317400e-02,5.3207000e-02,4.8555200e-02,4.4424700e-02,4.0552400e-02,3.7408800e-02,3.4903600e-02,3.2710700e-02,3.0441900e-02,2.8141100e-02,2.5871800e-02,2.3695100e-02,2.1559800e-02,1.9500800e-02
8.0,50.0,250.0,MEAN,5.0,2.4288500e+01,1.7362300e-01,1.7576700e-01,1.6661700e-01,1.7173100e-01,2.3149700e-01,2.8234300e-01,3.2046200e-01,3.2452400e-01,3.2844500e-01,3.3092500e-01,3.3331800e-01,3.3469900e-01,3.4208300e-01,3.2341800e-01,3.0305700e-01,2.7631900e-01,2.4673100e-01,2.2310300e-01,2.0623900e-01,1.9301800e-01,1.4843300e-01,1.2099000e-01,1.0260400e-01,9.2500500e-02,8.4713100e-02,7.7342800e-02,7.0779800e-02,6.5015000e-02,5.9594300e-02,5.5008100e-02,5.1259400e-02,4.7961900e-02,4.4600000e-02,4.1242200e-02,3.7974300e-02,3.4859500e-02,3.1818400e-02,2.8891700e-02
8.0,75.0,400.0,MEAN,5.0,1.3056200e+01,1.0623800e-01,1.0713200e-01,1.0319800e-01,1.1090000e-01,1.4914700e-01,1.7933000e-01,1.9712300e-01,1.9865600e-01,2.0012800e-01,2.0082200e-01,2.0148900e-01,2.0143700e-01,2.0013900e-01,1.8350000e-01,1.6580400e-01,1.4781700e-01,1.3032600e-01,1.1600700e-01,1.0481100e-01,9.5766900e-02,6.9006200e-02,5.3703400e-02,4.4825700e-02,4.0668700e-02,3.7644100e-02,3.4781400e-02,3.2225300e-02,2.9989700e-02,2.7885100e-02,2.6183000e-02,2.4853300e-02,2.3687200e-02,2.2411700e-02,2.1051100e-02,1.9657600e-02,1.8280700e-02,1.6887600e-02,1.5509700e-02
8.0,20.0,760.0,MEAN,5.0,2.4231700e+01,2.1772500e-01,2.1899000e-01,2.1818900e-01,2.7810100e-01,3.8431400e-01,4.3612600e-01,4.3709100e-01,4.3285300e-01,4.2885100e-01,4.2384400e-01,4.1910500e-01,4.1320000e-01,3.8567100e-01,3.3449700e-01,2.8964000e-01,2.5154100e-01,2.2052500e-01,1.9557900e-01,1.7513300e-01,1.5864700e-01,1.1204900e-01,8.5666300e-02,7.1710700e-02,6.4845900e-02,5.9899300e-02,5.5442200e-02,5.1815600e-02,4.8768300e-02,4.5849200e-02,4.3209900e-02,4.1028200e-02,3.9138400e-02,3.7118200e-02,3.5073000e-02,3.3020800e-02,3.0998700e-02,2.8959500e-02,2.6929000e-02
8.0,100.0,400.0,MEAN,5.0,9.8306300e+00,7.7064600e-02,7.7693900e-02,7.4591000e-02,7.7381300e-02,1.0355100e-01,1.2661000e-01,1.4188400e-01,1.4356500e-01,1.4518600e-01,1.4623700e-01,1.4725100e-01,1.4771200e-01,1.4884600e-01,1.3868900e-01,1.2628400e-01,1.1323500e-01,1.0016500e-01,8.9319700e-02,8.0785600e-02,7.3862100e-02,5.3628700e-02,4.1904500e-02,3.4872600e-02,3.1684500e-02,2.9374400e-02,2.7186900e-02,2.5217200e-02,2.3487200e-02,2.1855800e-02,2.0569200e-02,1.9585600e-02,1.8727800e-02,1.7769700e-02,1.6729200e-02,1.5647800e-02,1.4570000e-02,1.3471000e-02,1.2378000e-02
8.0,50.0,200.0,MEAN,5.0,2.6494300e+01,1.7906900e-01,1.8163800e-01,1.6985000e-01,1.6987600e-01,2.3055900e-01,2.8334400e-01,3.2749800e-01,3.3262500e-01,3.3758800e-01,3.4095700e-01,3.4421400e-01,3.4648900e-01,3.5960400e-01,3.4487500e-01,3.2863800e-01,3.0269200e-01,2.7149500e-01,2.4716700e-01,2.3129700e-01,2.1949500e-01,1.7801800e-01,1.5066700e-01,1.2868600e-01,1.1577500e-01,1.0562100e-01,9.5998400e-02,8.7397700e-02,7.9821300e-02,7.2715500e-02,6.6688500e-02,6.1738600e-02,5.7394300e-02,5.3039400e-02,4.8758800e-02,4.4646600e-02,4.0767200e-02,3.7019500e-02,3.3444300e-02
8.0,0.0,760.0,MEAN,5.0,6.8288000e+01,5.0008800e-01,5.0326000e-01,5.1076900e-01,6.7651100e-01,9.5128800e-01,1.1122200e+00,1.1296600e+00,1.1215000e+00,1.1137700e+00,1.1039100e+00,1.0945600e+00,1.0830400e+00,1.0288500e+00,9.2283300e-01,8.1316800e-01,7.1305300e-01,6.3558400e-01,5.7185800e-01,5.1759600e-01,4.7313900e-01,3.2512100e-01,2.3918200e-01,1.9594900e-01,1.7248500e-01,1.5431600e-01,1.3879600e-01,1.2713500e-01,1.1629800e-01,1.0618000e-01,9.5849800e-02,8.7130700e-02,8.0458500e-02,7.4176900e-02,6.9191700e-02,6.4608500e-02,6.0271100e-02,5.6168300e-02,5.2153300e-02
8.0,20.0,250.0,MEAN,5.0,4.6203100e+01,2.9469100e-01,2.9884200e-01,2.8540900e-01,2.9935200e-01,3.9964200e-01,4.8556900e-01,5.4952600e-01,5.5589500e-01,5.6203600e-01,5.6592900e-01,5.6968100e-01,5.7211900e-01,5.8923500e-01,5.6824800e-01,5.4353000e-01,5.0312000e-01,4.5646200e-01,4.1986700e-01,3.9512500e-01,3.7635100e-01,3.0404700e-01,2.5500900e-01,2.1964800e-01,1.9729100e-01,1.7926200e-01,1.6251800e-01,1.4813400e-01,1.3554400e-01,1.2358400e-01,1.1279500e-01,1.0366400e-01,9.5747000e-02,8.8022700e-02,8.0770600e-02,7.3968300e-02,6.7624000e-02,6.1574700e-02,5.5829700e-02
8.0,0.0,600.0,MEAN,5.0,8.1841800e+01,5.5719900e-01,5.6143800e-01,5.6678100e-01,7.1927600e-01,9.9633800e-01,1.1907600e+00,1.2474900e+00,1.2453700e+00,1.2433400e+00,1.2384700e+00,1.2338100e+00,1.2266600e+00,1.1920500e+00,1.0962500e+00,9.8582100e-01,8.7545100e-01,7.8539900e-01,7.1064800e-01,6.4746700e-01,5.9536400e-01,4.1114300e-01,3.0244500e-01,2.4817000e-01,2.1819000e-01,1.9465100e-01,1.7438900e-01,1.5892900e-01,1.4452600e-01,1.3109900e-01,1.1754200e-01,1.0611200e-01,9.7314400e-02,8.9124200e-02,8.2617500e-02,7.6692200e-02,7.1142000e-02,6.5938800e-02,6.0897900e-02
8.0,100.0,600.0,MEAN,5.0,7.1732100e+00,6.2723700e-02,6.3114400e-02,6.1326500e-02,6.7365100e-02,9.0125200e-02,1.0643000e-01,1.1396300e-01,1.1439500e-01,1.1480900e-01,1.1483000e-01,1.1484900e-01,1.1444100e-01,1.1169500e-01,1.0066700e-01,8.9079500e-02,7.8532900e-02,6.8950100e-02,6.1055200e-02,5.4697800e-02,4.9562200e-02,3.5654500e-02,2.7717900e-02,2.3054400e-02,2.1062900e-02,1.9670800e-02,1.8357400e-02,1.7189400e-02,1.6177800e-02,1.5224100e-02,1.4496600e-02,1.3968500e-02,1.3514700e-02,1.2969400e-02,1.2341100e-02,1.1660500e-02,1.0962700e-02,1.0231100e-02,9.4881100e-03
8.0,20.0,600.0,MEAN,5.0,2.9222200e+01,2.4550700e-01,2.4721100e-01,2.4484600e-01,3.0065000e-01,4.1247700e-01,4.7846000e-01,4.9365400e-01,4.9139400e-01,4.8924800e-01,4.8575400e-01,4.8243200e-01,4.7771100e-01,4.5512600e-01,4.0348200e-01,3.5572600e-01,3.1229900e-01,2.7517800e-01,2.4513100e-01,2.2071700e-01,2.0093900e-01,1.4231900e-01,1.0874800e-01,9.1050200e-02,8.2144700e-02,7.5611000e-02,6.9681600e-02,6.4780200e-02,6.0606700e-02,5.6609200e-02,5.2988300e-02,4.9965300e-02,4.7337600e-02,4.4598000e-02,4.1878900e-02,3.9197100e-02,3.6590200e-02,3.3997200e-02,3.1444300e-02
8.0,0.0,250.0,MEAN,5.0,1.1109500e+02,5.5392200e-01,5.6327800e-01,5.4523700e-01,5.7307000e-01,7.5027900e-01,9.2157200e-01,1.0578100e+00,1.0729600e+00,1.0876100e+00,1.0985100e+00,1.1090500e+00,1.1187100e+00,1.1861000e+00,1.2020200e+00,1.1924900e+00,1.1320300e+00,1.0572800e+00,1.0009100e+00,9.6952200e-01,9.4977600e-01,8.0607800e-01,6.8713400e-01,5.9193800e-01,5.2142600e-01,4.6038500e-01,4.0632200e-01,3.6330600e-01,3.2320200e-01,2.8620900e-01,2.5022400e-01,2.2016200e-01,1.9683500e-01,1.7590100e-01,1.5933700e-01,1.4471900e-01,1.3147700e-01,1.1942500e-01,1.0812500e-01
8.0,75.0,200.0,MEAN,5.0,1.9539600e+01,1.3215100e-01,1.3390200e-01,1.2503600e-01,1.2183600e-01,1.6543100e-01,2.0718100e-01,2.4355300e-01,2.4826700e-01,2.5284700e-01,2.5622200e-01,2.5949600e-01,2.6193300e-01,2.7408000e-01,2.6469700e-01,2.5190400e-01,2.3175600e-01,2.0732800e-01,1.8781800e-01,1.7448900e-01,1.6423900e-01,1.2948300e-01,1.0739500e-01,9.0773500e-02,8.1711500e-02,7.4710000e-02,6.8060300e-02,6.2046500e-02,5.6723400e-02,5.1739700e-02,4.7618900e-02,4.4291400e-02,4.1373000e-02,3.8394200e-02,3.5411000e-02,3.2501200e-02,2.9729700e-02,2.7027900e-02,2.4434600e-02
8.0,50.0,600.0,MEAN,5.0,1.3958400e+01,1.2849400e-01,1.2933500e-01,1.2669500e-01,1.4994000e-01,2.0395000e-01,2.3466100e-01,2.4264300e-01,2.4176400e-01,2.4092800e-01,2.3933100e-01,2.3781100e-01,2.3550900e-01,2.2395500e-01,1.9623100e-01,1.7127400e-01,1.4939600e-01,1.3045700e-01,1.1519000e-01,1.0298000e-01,9.3173800e-02,6.5830800e-02,5.0580700e-02,4.2230500e-02,3.8393200e-02,3.5677600e-02,3.3141000e-02,3.0946400e-02,2.9069200e-02,2.7298400e-02,2.5842200e-02,2.4707300e-02,2.3712700e-02,2.2597100e-02,2.1383300e-02,2.0122800e-02,1.8861500e-02,1.7567700e-02,1.6272300e-02
8.0,75.0,600.0,MEAN,5.0,9.6001900e+00,8.7447300e-02,8.8003200e-02,8.5794100e-02,9.7923900e-02,1.3212600e-01,1.5356100e-01,1.6120400e-01,1.6114600e-01,1.6109100e-01,1.6049900e-01,1.5993300e-01,1.5880300e-01,1.5265600e-01,1.3517200e-01,1.1851800e-01,1.0375900e-01,9.0711200e-02,8.0103200e-02,7.1610900e-02,6.4781000e-02,4.6095000e-02,3.5608600e-02,2.9666100e-02,2.7049100e-02,2.5215000e-02,2.3487900e-02,2.1967400e-02,2.0656900e-02,1.9423900e-02,1.8453000e-02,1.7725300e-02,1.7093600e-02,1.6357500e-02,1.5529400e-02,1.4648500e-02,1.3754700e-02,1.2826100e-02,1.1888700e-02
8.0,20.0,200.0,MEAN,5.0,4.7794500e+01,2.8784800e-01,2.9265700e-01,2.7470000e-01,2.7896300e-01,3.7501700e-01,4.5598100e-01,5.2386700e-01,5.3114600e-01,5.3818100e-01,5.4285300e-01,5.4736500e-01,5.5077600e-01,5.7593500e-01,5.6306700e-01,5.4879200e-01,5.1397300e-01,4.6893400e-01,4.3535600e-01,4.1669800e-01,4.0474000e-01,3.5486300e-01,3.1546400e-01,2.7502000e-01,2.4677600e-01,2.2344100e-01,2.0169400e-01,1.8290600e-01,1.6641100e-01,1.5079400e-01,1.3674700e-01,1.2485800e-01,1.1457700e-01,1.0467800e-01,9.5491100e-02,8.6964600e-02,7.9084200e-02,7.1639700e-02,6.4627000e-02
8.0,100.0,760.0,MEAN,5.0,5.9065600e+00,5.4879100e-02,5.5167300e-02,5.3961400e-02,6.1150400e-02,8.1683000e-02,9.4374100e-02,9.8375400e-02,9.8284400e-02,9.8197800e-02,9.7809200e-02,9.7438600e-02,9.6714400e-02,9.2707100e-02,8.2024600e-02,7.1473900e-02,6.2460400e-02,5.4649700e-02,4.8245500e-02,4.3036900e-02,3.8842600e-02,2.7932100e-02,2.1738900e-02,1.8106000e-02,1.6600800e-02,1.5570500e-02,1.4601000e-02,1.3747700e-02,1.3017400e-02,1.2330500e-02,1.1821700e-02,1.1470200e-02,1.1173900e-02,1.0794200e-02,1.0335400e-02,9.8230100e-03,9.2873300e-03,8.7150200e-03,8.1256600e-03
