<?xml version="1.0" encoding="utf-8"?>
<nrml
xmlns="http://openquake.org/xmlns/nrml/0.5"
xmlns:gml="http://www.opengis.net/gml"
>
    <sourceModel
    name="Three point sources"
    >
        <sourceGroup
        name="group 1"
        tectonicRegion="Active Shallow Crust"
        >
            <pointSource
            id="1"
            name="point"
            >
                <pointGeometry>
                    <gml:Point>
                        <gml:pos>
                            1.8650000E+01 47.7
                        </gml:pos>
                    </gml:Point>
                    <upperSeismoDepth>
                        0.0000000E+00
                    </upperSeismoDepth>
                    <lowerSeismoDepth>
                        3.0000000E+01
                    </lowerSeismoDepth>
                </pointGeometry>
                <magScaleRel>
                    WC1994
                </magScaleRel>
                <ruptAspectRatio>
                    1.0000000E+00
                </ruptAspectRatio>
                <incrementalMFD
                binWidth="2.0000000E-01"
                minMag="4.6000000E+00"
                >
                    <occurRates>
                        6.1322670E-05 4.0515490E-05 2.6768320E-05 1.7685650E-05 1.1684790E-05 7.7200670E-06 5.1005970E-06 3.3699310E-06 2.2264920E-06 1.4710280E-06
                    </occurRates>
                </incrementalMFD>
                <nodalPlaneDist>
                    <nodalPlane dip="9.0000000E+01" probability="3.0000000E-01" rake="0.0000000E+00" strike="0.0000000E+00"/>
                    <nodalPlane dip="9.0000000E+01" probability="3.0000000E-01" rake="9.0000000E+01" strike="0.0000000E+00"/>
                    <nodalPlane dip="9.0000000E+01" probability="4.0000000E-01" rake="-9.0000000E+01" strike="0.0000000E+00"/>
                </nodalPlaneDist>
                <hypoDepthDist>
                    <hypoDepth depth="1.3200000E+01" probability="1.0000000E+00"/>
                </hypoDepthDist>
            </pointSource>
        </sourceGroup>
        <sourceGroup
        name="group 2"
        tectonicRegion="Stable Shallow Crust"
        >
            <pointSource
            id="2"
            name="point"
            >
                <pointGeometry>
                    <gml:Point>
                        <gml:pos>
                            18.6 4.7750000E+01
                        </gml:pos>
                    </gml:Point>
                    <upperSeismoDepth>
                        0.0000000E+00
                    </upperSeismoDepth>
                    <lowerSeismoDepth>
                        3.0000000E+01
                    </lowerSeismoDepth>
                </pointGeometry>
                <magScaleRel>
                    WC1994
                </magScaleRel>
                <ruptAspectRatio>
                    1.0000000E+00
                </ruptAspectRatio>
                <incrementalMFD
                binWidth="2.0000000E-01"
                minMag="4.6000000E+00"
                >
                    <occurRates>
                        6.1322670E-05 4.0515490E-05 2.6768320E-05 1.7685650E-05 1.1684790E-05 7.7200670E-06 5.1005970E-06 3.3699310E-06 2.2264920E-06 1.4710280E-06
                    </occurRates>
                </incrementalMFD>
                <nodalPlaneDist>
                    <nodalPlane dip="9.0000000E+01" probability="3.0000000E-01" rake="0.0000000E+00" strike="0.0000000E+00"/>
                    <nodalPlane dip="9.0000000E+01" probability="3.0000000E-01" rake="9.0000000E+01" strike="0.0000000E+00"/>
                    <nodalPlane dip="9.0000000E+01" probability="4.0000000E-01" rake="-9.0000000E+01" strike="0.0000000E+00"/>
                </nodalPlaneDist>
                <hypoDepthDist>
                    <hypoDepth depth="1.3200000E+01" probability="1.0000000E+00"/>
                </hypoDepthDist>
            </pointSource>
        </sourceGroup>
        <sourceGroup
        name="group 3"
        tectonicRegion="Subduction Interface"
        >
            <pointSource
            id="3"
            name="point"
            >
                <pointGeometry>
                    <gml:Point>
                        <gml:pos>
                            18 4.7750000E+01
                        </gml:pos>
                    </gml:Point>
                    <upperSeismoDepth>
                        0.0000000E+00
                    </upperSeismoDepth>
                    <lowerSeismoDepth>
                        3.0000000E+01
                    </lowerSeismoDepth>
                </pointGeometry>
                <magScaleRel>
                    WC1994
                </magScaleRel>
                <ruptAspectRatio>
                    1.0000000E+00
                </ruptAspectRatio>
                <incrementalMFD
                binWidth="2.0000000E-01"
                minMag="4.6000000E+00"
                >
                    <occurRates>
                        6.1322670E-05 4.0515490E-05 2.6768320E-05 1.7685650E-05 1.1684790E-05 7.7200670E-06 5.1005970E-06 3.3699310E-06 2.2264920E-06 1.4710280E-06
                    </occurRates>
                </incrementalMFD>
                <nodalPlaneDist>
                    <nodalPlane dip="9.0000000E+01" probability="3.0000000E-01" rake="0.0000000E+00" strike="0.0000000E+00"/>
                    <nodalPlane dip="9.0000000E+01" probability="3.0000000E-01" rake="9.0000000E+01" strike="0.0000000E+00"/>
                    <nodalPlane dip="9.0000000E+01" probability="4.0000000E-01" rake="-9.0000000E+01" strike="0.0000000E+00"/>
                </nodalPlaneDist>
                <hypoDepthDist>
                    <hypoDepth depth="1.3200000E+01" probability="1.0000000E+00"/>
                </hypoDepthDist>
            </pointSource>
        </sourceGroup>
      </sourceModel>
</nrml>
