<?xml version='1.0' encoding='utf-8'?>
<nrml xmlns:gml="http://www.opengis.net/gml"
      xmlns="http://openquake.org/xmlns/nrml/0.4">
    <logicTree logicTreeID='lt1'>
        <logicTreeBranchingLevel branchingLevelID="bl1">
            <logicTreeBranchSet uncertaintyType="gmpeModel" branchSetID="bs1"
                    applyToTectonicRegionType="Active Shallow Crust">

                <logicTreeBranch branchID="b1">
                    <uncertaintyModel>ChiouYoungs2008</uncertaintyModel>
                    <uncertaintyWeight>0.9</uncertaintyWeight>
                </logicTreeBranch>

                <logicTreeBranch branchID="b2">
                    <uncertaintyModel>AkkarBommer2010</uncertaintyModel>
                    <uncertaintyWeight>0.1</uncertaintyWeight>
                </logicTreeBranch>

            </logicTreeBranchSet>
        </logicTreeBranchingLevel>
    </logicTree>
</nrml>