1,0.99862,0.99777,0.99588,0.99207,0.99067,0.98763,0.98219,0.9801,0.97386,0.96974,0.96551,0.96296,0.96008,0.95483,0.95058,0.93947,0.927,0.91391,0.90887,0.90151,0.89062,0.88435,0.87916,0.87403,0.87069,0.86854,0.87103,0.87318,0.88163,0.88267,0.88639,0.88901,0.88965,0.88969,0.89008,0.89011,0.88997,0.88822,0.87856,0.87023,0.86314,0.85007,0.844,0.83891,0.82919,0.81813,0.81176,0.80456,0.78875,0.77724,0.76594,0.75456,0.74944,0.74517,0.7342,0.72364,0.69373,0.67119,0.64988,0.6456,0.63334,0.61542,0.59782,0.58383,0.5698,0.55342,0.53906,0.51426,0.50133,0.49095,0.48356,0.46642,0.46216,0.44857,0.43366,0.42672,0.41925,0.41326,0.40756,0.41243,0.40995,0.40748,0.40305,0.39713,0.39516,0.39246,0.38956,0.38198,0.38947,0.38926,0.3848,0.38225,0.37578,0.37186,0.36136,0.35447,0.34616,0.35188,0.34447,0.35745,0.36167,0.35233,0.34361,0.31093,-0.47519,-0.46184,0.99989,0.66836
0.99862,1,0.99963,0.99827,0.99518,0.99407,0.99153,0.98647,0.98442,0.97843,0.97437,0.97033,0.96788,0.96515,0.96021,0.95599,0.94518,0.9327,0.91967,0.91463,0.9072,0.89613,0.88931,0.88361,0.87817,0.87461,0.87217,0.87396,0.87515,0.88254,0.88332,0.88624,0.88777,0.88772,0.88708,0.88669,0.88631,0.88613,0.88386,0.87371,0.86505,0.85766,0.84403,0.83792,0.83279,0.82259,0.81115,0.80472,0.79748,0.78139,0.7699,0.75848,0.74658,0.74146,0.73722,0.72617,0.71554,0.68563,0.66314,0.64197,0.63772,0.62557,0.6078,0.59046,0.57649,0.56242,0.54593,0.53139,0.50651,0.49383,0.48388,0.47673,0.45922,0.45479,0.44092,0.42615,0.41959,0.41282,0.40732,0.40221,0.40738,0.40527,0.40325,0.39899,0.39343,0.39143,0.38886,0.38599,0.37851,0.38655,0.38647,0.38195,0.37946,0.37315,0.36934,0.35896,0.35156,0.34269,0.34842,0.34073,0.35465,0.35863,0.34907,0.34036,0.30931,-0.47299,-0.46261,0.99848,0.66455
0.99777,0.99963,1,0.99913,0.99643,0.99545,0.99304,0.98803,0.98601,0.98011,0.97611,0.97215,0.96972,0.96702,0.96222,0.9581,0.94739,0.93508,0.92225,0.91716,0.90963,0.89874,0.89193,0.88604,0.8805,0.87704,0.87461,0.87589,0.87688,0.88396,0.88464,0.88718,0.88822,0.88797,0.88709,0.88623,0.88545,0.88484,0.88223,0.87175,0.86285,0.85517,0.84094,0.83457,0.82919,0.81852,0.80685,0.80025,0.79289,0.77672,0.76511,0.75351,0.74142,0.73625,0.732,0.72094,0.7103,0.68042,0.65769,0.63656,0.63244,0.62048,0.60289,0.58543,0.57146,0.55729,0.54066,0.52596,0.50099,0.48853,0.4788,0.47181,0.45439,0.44995,0.43655,0.422,0.41561,0.40908,0.40369,0.39886,0.40422,0.40225,0.40038,0.39637,0.39106,0.3891,0.38653,0.38373,0.37629,0.38452,0.38479,0.3805,0.37838,0.37226,0.36869,0.35863,0.35124,0.34199,0.34808,0.34039,0.35439,0.35817,0.3485,0.33978,0.30887,-0.46956,-0.46122,0.9976,0.66172
0.99588,0.99827,0.99913,1,0.99826,0.99749,0.99554,0.99101,0.98921,0.98367,0.97991,0.97601,0.97364,0.97107,0.96646,0.96242,0.95175,0.93972,0.92683,0.92163,0.91404,0.90309,0.89612,0.89037,0.88475,0.88107,0.87837,0.87863,0.87893,0.88519,0.88559,0.88748,0.88766,0.88673,0.88534,0.88373,0.88225,0.88106,0.87716,0.86588,0.85635,0.84815,0.83344,0.82687,0.82128,0.81005,0.79806,0.79116,0.78365,0.7675,0.75605,0.74436,0.73175,0.72643,0.72205,0.71075,0.70005,0.67036,0.64752,0.62621,0.6222,0.61035,0.59284,0.57533,0.56164,0.54764,0.53092,0.5162,0.4914,0.47979,0.47043,0.46388,0.44668,0.44252,0.42925,0.41495,0.40892,0.40265,0.3976,0.39323,0.39928,0.39752,0.39597,0.39209,0.38717,0.38524,0.38292,0.38022,0.37295,0.38199,0.38307,0.37891,0.37719,0.37127,0.36723,0.35799,0.35068,0.34121,0.3473,0.33956,0.35376,0.35722,0.34755,0.33877,0.30821,-0.46575,-0.45829,0.99568,0.65584
0.99207,0.99518,0.99643,0.99826,1,0.99979,0.99856,0.99515,0.99381,0.98905,0.98588,0.98245,0.9803,0.97796,0.97375,0.96987,0.95913,0.94739,0.93481,0.92971,0.92207,0.91072,0.90318,0.89716,0.89104,0.88647,0.88332,0.88205,0.88089,0.88529,0.88527,0.88613,0.88525,0.88332,0.88125,0.87868,0.87605,0.87398,0.86855,0.8557,0.84566,0.83701,0.82192,0.81513,0.80934,0.79747,0.78516,0.77801,0.77034,0.75428,0.7428,0.73107,0.71821,0.71274,0.70811,0.69628,0.68537,0.65543,0.63302,0.61165,0.60772,0.59604,0.57823,0.56026,0.54662,0.53274,0.51606,0.50143,0.47675,0.46624,0.45755,0.45128,0.43405,0.43034,0.41746,0.40338,0.39803,0.39163,0.38748,0.38396,0.39042,0.38914,0.38854,0.38507,0.38054,0.37828,0.37625,0.37363,0.36664,0.37702,0.37848,0.37456,0.37289,0.36722,0.36284,0.35468,0.34762,0.33805,0.34408,0.33628,0.3495,0.35332,0.34322,0.33456,0.3036,-0.4586,-0.45592,0.99184,0.64782
0.99067,0.99407,0.99545,0.99749,0.99979,1,0.99916,0.99602,0.99478,0.99022,0.98718,0.98389,0.98182,0.97957,0.97544,0.97156,0.96076,0.94911,0.93659,0.93149,0.92384,0.91245,0.90477,0.89869,0.89243,0.88769,0.88439,0.88271,0.88125,0.88516,0.88505,0.88558,0.88436,0.88213,0.87984,0.87691,0.87408,0.87192,0.866,0.85277,0.84257,0.83373,0.8183,0.81141,0.80549,0.79344,0.7811,0.77393,0.76627,0.75025,0.73871,0.72696,0.71402,0.70852,0.70385,0.6919,0.68091,0.65097,0.62871,0.60724,0.60326,0.59149,0.57376,0.55576,0.54211,0.52823,0.51162,0.49698,0.47227,0.46195,0.45337,0.44709,0.42983,0.42628,0.4134,0.39944,0.39428,0.38804,0.38414,0.38104,0.38768,0.38659,0.38617,0.38275,0.37825,0.37592,0.37388,0.37132,0.36445,0.37495,0.37636,0.37253,0.37089,0.36529,0.36085,0.35292,0.3458,0.33637,0.34235,0.33448,0.34723,0.35123,0.34088,0.33225,0.3013,-0.45622,-0.45421,0.99044,0.64453
0.98763,0.99153,0.99304,0.99554,0.99856,0.99916,1,0.99805,0.99706,0.99304,0.99033,0.98731,0.98541,0.98338,0.97954,0.97593,0.96537,0.95392,0.94164,0.93665,0.92914,0.9179,0.90984,0.90368,0.89713,0.89194,0.88818,0.88545,0.88316,0.88582,0.88547,0.88545,0.88355,0.88052,0.87755,0.87385,0.8705,0.86778,0.86082,0.84643,0.83565,0.82618,0.80996,0.80285,0.79676,0.78443,0.77172,0.76426,0.75636,0.74009,0.72824,0.71618,0.70304,0.69745,0.69271,0.68052,0.66922,0.63901,0.6168,0.59536,0.5915,0.57983,0.56224,0.54419,0.53064,0.51684,0.50028,0.48545,0.46086,0.45095,0.44275,0.43658,0.41941,0.41611,0.40334,0.38958,0.38482,0.3784,0.37513,0.37283,0.37983,0.37914,0.3793,0.37597,0.37159,0.36943,0.36731,0.36483,0.35822,0.36851,0.3699,0.36593,0.36443,0.35914,0.35501,0.3471,0.33957,0.32958,0.33525,0.32719,0.33981,0.3439,0.33329,0.32461,0.29322,-0.45211,-0.452,0.98744,0.63591
0.98219,0.98647,0.98803,0.99101,0.99515,0.99602,0.99805,1,0.99966,0.99639,0.99411,0.99146,0.98985,0.98814,0.9845,0.98103,0.97077,0.95966,0.94773,0.94302,0.936,0.92493,0.91646,0.91015,0.90311,0.89734,0.89316,0.88946,0.8862,0.88675,0.88601,0.88515,0.88234,0.87788,0.87396,0.86875,0.864,0.86036,0.85193,0.83596,0.8246,0.81463,0.79809,0.79059,0.78408,0.7713,0.75804,0.7502,0.74189,0.72513,0.71288,0.70043,0.68726,0.68176,0.67713,0.66474,0.65302,0.62208,0.59995,0.57843,0.57452,0.56274,0.54496,0.52715,0.51396,0.50013,0.48368,0.46904,0.44411,0.43432,0.42629,0.42043,0.40351,0.40085,0.38798,0.37488,0.37085,0.36426,0.36205,0.36086,0.3686,0.36841,0.3691,0.3656,0.36112,0.35901,0.35716,0.35477,0.34837,0.35886,0.36015,0.3562,0.35514,0.3501,0.34552,0.33755,0.33015,0.31951,0.32477,0.31665,0.32877,0.33308,0.322,0.3132,0.28047,-0.44627,-0.44827,0.98203,0.62336
0.9801,0.98442,0.98601,0.98921,0.99381,0.99478,0.99706,0.99966,1,0.99733,0.99522,0.99276,0.99124,0.98961,0.98607,0.98262,0.97254,0.96167,0.94989,0.94528,0.93837,0.92729,0.91866,0.91237,0.90522,0.89931,0.89501,0.89099,0.8874,0.88718,0.88628,0.88513,0.88198,0.87711,0.87278,0.86705,0.86175,0.85779,0.84875,0.83214,0.82045,0.81017,0.79341,0.78576,0.77913,0.76622,0.75273,0.74475,0.73632,0.71951,0.7072,0.69458,0.68131,0.67577,0.67113,0.65873,0.64692,0.61585,0.5937,0.57205,0.5681,0.55635,0.53863,0.52078,0.5077,0.49405,0.47766,0.4631,0.43816,0.42866,0.42076,0.41493,0.39794,0.39547,0.38257,0.36967,0.36587,0.35931,0.35752,0.35665,0.36473,0.36463,0.3655,0.36199,0.35758,0.35537,0.35368,0.35132,0.3451,0.35589,0.35713,0.35317,0.35218,0.34715,0.34234,0.33453,0.32716,0.31662,0.32187,0.31382,0.32572,0.33002,0.3188,0.30995,0.27661,-0.44488,-0.44698,0.97992,0.61831
0.97386,0.97843,0.98011,0.98367,0.98905,0.99022,0.99304,0.99639,0.99733,1,0.99884,0.99682,0.99555,0.99412,0.99107,0.98814,0.97936,0.96945,0.95827,0.95405,0.94765,0.9368,0.92793,0.92153,0.91371,0.90724,0.90256,0.8972,0.89258,0.89067,0.88934,0.88732,0.88264,0.87614,0.87017,0.86296,0.85649,0.85122,0.83998,0.82138,0.80905,0.79825,0.78024,0.77202,0.76492,0.75088,0.73673,0.72863,0.71999,0.70282,0.6902,0.67726,0.66354,0.6577,0.65283,0.64017,0.62798,0.59641,0.57365,0.55238,0.54844,0.53646,0.51843,0.50062,0.48776,0.4744,0.45797,0.44351,0.419,0.40971,0.40216,0.39648,0.37933,0.3768,0.3635,0.35094,0.34749,0.3409,0.3396,0.33996,0.34867,0.34914,0.35072,0.34702,0.34311,0.34123,0.34001,0.33804,0.33241,0.34343,0.34503,0.34091,0.34011,0.33524,0.33035,0.32197,0.31519,0.30509,0.31002,0.30192,0.31262,0.31766,0.30585,0.29703,0.26198,-0.43761,-0.43949,0.9737,0.60176
0.96974,0.97437,0.97611,0.97991,0.98588,0.98718,0.99033,0.99411,0.99522,0.99884,1,0.99893,0.9979,0.99669,0.99399,0.99128,0.98307,0.97352,0.96264,0.95851,0.95209,0.94146,0.93251,0.92622,0.91864,0.91196,0.907,0.90082,0.89549,0.89279,0.89126,0.88866,0.88333,0.87586,0.86908,0.86101,0.85341,0.84736,0.83501,0.81545,0.80255,0.79117,0.7726,0.76407,0.75686,0.74229,0.72761,0.71928,0.71031,0.69265,0.67955,0.66614,0.65214,0.64619,0.64124,0.6284,0.616,0.58373,0.56087,0.53985,0.53604,0.52395,0.50599,0.48827,0.47553,0.46228,0.44591,0.43162,0.40744,0.39829,0.39086,0.38534,0.36785,0.36542,0.35216,0.33971,0.33652,0.32983,0.32896,0.32994,0.3388,0.33951,0.34144,0.33781,0.33405,0.3322,0.33119,0.32931,0.32389,0.33482,0.33665,0.33265,0.33157,0.3268,0.32186,0.31279,0.30587,0.29563,0.30016,0.2916,0.30179,0.30749,0.29584,0.2872,0.25184,-0.43482,-0.43684,0.96959,0.59024
0.96551,0.97033,0.97215,0.97601,0.98245,0.98389,0.98731,0.99146,0.99276,0.99682,0.99893,1,0.99965,0.99883,0.99645,0.99388,0.98659,0.97762,0.96721,0.96324,0.95684,0.94627,0.93744,0.93116,0.92365,0.91688,0.91172,0.90526,0.89935,0.89558,0.89371,0.8903,0.88452,0.87637,0.86877,0.86004,0.85159,0.84495,0.83133,0.81085,0.7974,0.78555,0.7659,0.75692,0.74957,0.73461,0.71927,0.71063,0.70144,0.68357,0.67018,0.65647,0.64224,0.6361,0.63094,0.61782,0.60527,0.57235,0.5493,0.5282,0.52447,0.51242,0.49428,0.47638,0.46367,0.45052,0.43418,0.41984,0.39584,0.38697,0.37973,0.37473,0.35735,0.35486,0.34183,0.3295,0.32663,0.31978,0.31926,0.32066,0.32958,0.33042,0.33276,0.32913,0.32547,0.32359,0.32261,0.32092,0.3159,0.32681,0.32877,0.32502,0.32368,0.31902,0.31431,0.305,0.29808,0.28812,0.29217,0.2834,0.29325,0.29885,0.28718,0.27857,0.24248,-0.43078,-0.43339,0.96534,0.57878
0.96296,0.96788,0.96972,0.97364,0.9803,0.98182,0.98541,0.98985,0.99124,0.99555,0.9979,0.99965,1,0.99963,0.99754,0.99509,0.98825,0.97964,0.96956,0.96566,0.95928,0.9487,0.93988,0.93364,0.92621,0.91925,0.91408,0.90749,0.90129,0.89686,0.89478,0.8909,0.88482,0.87637,0.86833,0.85907,0.85017,0.84322,0.82903,0.8079,0.79418,0.78212,0.76188,0.75267,0.74518,0.72995,0.71423,0.70544,0.69614,0.67816,0.66469,0.65092,0.63659,0.63033,0.62503,0.61172,0.59908,0.56591,0.54266,0.52126,0.51754,0.50547,0.48709,0.4691,0.45648,0.44338,0.427,0.41261,0.38866,0.37993,0.37272,0.36797,0.35071,0.34819,0.33515,0.32298,0.32028,0.31339,0.31305,0.31468,0.32365,0.32461,0.32727,0.32362,0.32002,0.31822,0.31738,0.3158,0.31104,0.32186,0.32377,0.32022,0.31879,0.31411,0.30934,0.30005,0.29323,0.28364,0.28742,0.27863,0.28831,0.29376,0.28226,0.27379,0.23783,-0.42835,-0.43147,0.96276,0.57213
0.96008,0.96515,0.96702,0.97107,0.97796,0.97957,0.98338,0.98814,0.98961,0.99412,0.99669,0.99883,0.99963,1,0.99867,0.99641,0.98983,0.98156,0.9718,0.96793,0.96161,0.95106,0.94223,0.93597,0.92856,0.9214,0.9161,0.90929,0.90287,0.89772,0.89542,0.89106,0.88459,0.87578,0.86737,0.85764,0.84837,0.84118,0.82649,0.80466,0.79063,0.7783,0.75763,0.74828,0.7407,0.72523,0.709,0.69997,0.69048,0.6722,0.65861,0.64472,0.63021,0.62384,0.61843,0.60503,0.59241,0.55912,0.53582,0.5143,0.51057,0.49842,0.47986,0.46185,0.44928,0.43617,0.41968,0.40524,0.38135,0.37288,0.36578,0.36129,0.34414,0.34159,0.32856,0.31655,0.31405,0.30704,0.30694,0.30892,0.318,0.31907,0.32179,0.3181,0.31465,0.3129,0.31217,0.31069,0.30603,0.31647,0.31831,0.31469,0.31316,0.30859,0.30402,0.29477,0.28807,0.27856,0.28213,0.27331,0.28338,0.28857,0.2771,0.2687,0.23293,-0.42647,-0.42999,0.95988,0.56554
0.95483,0.96021,0.96222,0.96646,0.97375,0.97544,0.97954,0.9845,0.98607,0.99107,0.99399,0.99645,0.99754,0.99867,1,0.99883,0.99254,0.98463,0.97528,0.97147,0.96527,0.95479,0.94593,0.93954,0.93224,0.92488,0.91927,0.91153,0.90481,0.89902,0.89645,0.89137,0.88426,0.87462,0.86576,0.85549,0.84545,0.83722,0.82183,0.79911,0.78455,0.77185,0.75081,0.74138,0.73374,0.71787,0.70133,0.69206,0.68243,0.66386,0.64982,0.63546,0.62047,0.61383,0.6081,0.59435,0.58165,0.54796,0.52422,0.50275,0.499,0.48675,0.46802,0.44992,0.43748,0.42446,0.40782,0.39321,0.36946,0.3613,0.35475,0.35064,0.33342,0.33062,0.3179,0.30584,0.30362,0.29641,0.29686,0.29898,0.30813,0.3094,0.3121,0.30836,0.3052,0.30349,0.30261,0.30123,0.29676,0.30726,0.309,0.30542,0.30363,0.29915,0.295,0.28598,0.279,0.26959,0.27312,0.26422,0.27456,0.27907,0.26765,0.25962,0.22457,-0.42169,-0.42686,0.95466,0.55389
0.95058,0.95599,0.9581,0.96242,0.96987,0.97156,0.97593,0.98103,0.98262,0.98814,0.99128,0.99388,0.99509,0.99641,0.99883,1,0.99491,0.9873,0.97835,0.97467,0.96867,0.95858,0.94957,0.94307,0.93585,0.92841,0.92254,0.91407,0.90679,0.90041,0.89761,0.89219,0.88469,0.8746,0.8651,0.85455,0.84386,0.83451,0.8182,0.79469,0.77944,0.76623,0.74489,0.73542,0.72763,0.71139,0.69465,0.68526,0.67546,0.65658,0.64197,0.62716,0.61177,0.60495,0.59905,0.58523,0.57233,0.5381,0.51399,0.49269,0.48907,0.47681,0.45795,0.43984,0.4275,0.41459,0.39778,0.38321,0.35954,0.35093,0.34429,0.34015,0.32298,0.32011,0.30804,0.29587,0.29362,0.28589,0.28654,0.28868,0.29803,0.29956,0.30259,0.2989,0.29584,0.29438,0.29345,0.29218,0.28775,0.29811,0.29992,0.29636,0.2945,0.28989,0.28566,0.2768,0.26965,0.26042,0.26415,0.25536,0.26503,0.26972,0.25859,0.25085,0.21521,-0.4165,-0.42442,0.9504,0.54316
0.93947,0.94518,0.94739,0.95175,0.95913,0.96076,0.96537,0.97077,0.97254,0.97936,0.98307,0.98659,0.98825,0.98983,0.99254,0.99491,1,0.99463,0.98708,0.98392,0.97851,0.96928,0.96054,0.95393,0.9465,0.939,0.93313,0.92388,0.91458,0.90618,0.90281,0.89627,0.88647,0.87449,0.86247,0.85097,0.83887,0.82796,0.80959,0.78502,0.76866,0.75486,0.73301,0.72316,0.71462,0.69644,0.67891,0.66922,0.65885,0.63936,0.6241,0.60833,0.59176,0.58439,0.57798,0.56349,0.54995,0.51413,0.48771,0.46524,0.46153,0.44914,0.42971,0.4114,0.39886,0.38599,0.36892,0.35377,0.33001,0.32061,0.31365,0.30962,0.29326,0.29058,0.27929,0.26715,0.26492,0.25674,0.25748,0.26061,0.27015,0.27186,0.27537,0.27186,0.26806,0.26688,0.26615,0.26545,0.26152,0.27112,0.27293,0.27004,0.26827,0.26392,0.25966,0.25233,0.24504,0.23584,0.23951,0.23104,0.23718,0.242,0.23197,0.22508,0.18957,-0.4097,-0.41736,0.93918,0.51092
0.927,0.9327,0.93508,0.93972,0.94739,0.94911,0.95392,0.95966,0.96167,0.96945,0.97352,0.97762,0.97964,0.98156,0.98463,0.9873,0.99463,1,0.99487,0.99216,0.98766,0.9796,0.97117,0.96464,0.95704,0.94951,0.94396,0.93349,0.92229,0.91138,0.90749,0.89999,0.8881,0.87408,0.86037,0.8472,0.83297,0.82027,0.79975,0.77362,0.75631,0.74188,0.71769,0.70661,0.69727,0.67815,0.66037,0.65035,0.63912,0.61871,0.60249,0.58574,0.56881,0.56134,0.55503,0.5404,0.52666,0.48884,0.46122,0.43858,0.43451,0.42144,0.40109,0.38253,0.36979,0.3564,0.33912,0.32364,0.2992,0.29011,0.28279,0.27852,0.2623,0.26056,0.25,0.23829,0.23592,0.22729,0.22868,0.23265,0.24261,0.24456,0.24819,0.24488,0.24106,0.24036,0.23997,0.23972,0.23628,0.24501,0.24692,0.24479,0.24344,0.23939,0.23596,0.23037,0.22401,0.21604,0.22019,0.21243,0.21649,0.22109,0.20993,0.20314,0.1696,-0.39867,-0.40423,0.92656,0.47843
0.91391,0.91967,0.92225,0.92683,0.93481,0.93659,0.94164,0.94773,0.94989,0.95827,0.96264,0.96721,0.96956,0.9718,0.97528,0.97835,0.98708,0.99487,1,0.99882,0.99488,0.98704,0.97894,0.97178,0.96411,0.95662,0.95064,0.93903,0.92681,0.91441,0.91004,0.90121,0.88848,0.87272,0.85737,0.84296,0.8273,0.81279,0.79083,0.76234,0.74396,0.72881,0.70343,0.69158,0.68183,0.66169,0.64328,0.63313,0.62159,0.60011,0.58292,0.56548,0.54795,0.54024,0.53391,0.51933,0.50548,0.46627,0.43791,0.41455,0.41041,0.39724,0.37652,0.35789,0.34503,0.33177,0.31483,0.29945,0.27493,0.26562,0.25849,0.25423,0.2376,0.23564,0.2258,0.21452,0.21205,0.20425,0.20645,0.21066,0.2202,0.22205,0.22575,0.22295,0.21876,0.21839,0.21836,0.21836,0.21502,0.22268,0.22462,0.22246,0.22102,0.21759,0.2153,0.21118,0.20579,0.19744,0.20219,0.19517,0.19815,0.20258,0.19116,0.18429,0.15029,-0.3864,-0.39341,0.91339,0.45031
0.90887,0.91463,0.91716,0.92163,0.92971,0.93149,0.93665,0.94302,0.94528,0.95405,0.95851,0.96324,0.96566,0.96793,0.97147,0.97467,0.98392,0.99216,0.99882,1,0.99759,0.99026,0.98239,0.9752,0.9675,0.95971,0.9533,0.94111,0.92864,0.91543,0.91084,0.90182,0.88866,0.87229,0.85627,0.84135,0.82523,0.81039,0.78797,0.75854,0.74,0.72448,0.69866,0.68653,0.67651,0.65623,0.63779,0.62757,0.61584,0.59402,0.57646,0.55862,0.54074,0.53288,0.52646,0.5117,0.49765,0.45825,0.42965,0.40637,0.40212,0.38898,0.36794,0.34916,0.33643,0.32309,0.30634,0.29102,0.26621,0.25708,0.24985,0.24584,0.22895,0.22704,0.21742,0.20632,0.20395,0.19622,0.1989,0.20336,0.21338,0.21528,0.21862,0.2158,0.21139,0.21107,0.21091,0.21094,0.2078,0.21529,0.21721,0.21554,0.21397,0.21039,0.20812,0.20413,0.19908,0.19012,0.19506,0.18824,0.19066,0.19482,0.18327,0.17633,0.14242,-0.38148,-0.38918,0.90832,0.44008
0.90151,0.9072,0.90963,0.91404,0.92207,0.92384,0.92914,0.936,0.93837,0.94765,0.95209,0.95684,0.95928,0.96161,0.96527,0.96867,0.97851,0.98766,0.99488,0.99759,1,0.99488,0.98719,0.98013,0.97202,0.96372,0.95661,0.94368,0.93049,0.91633,0.91142,0.90206,0.88817,0.87094,0.85428,0.83853,0.82199,0.80671,0.7833,0.75268,0.73386,0.71811,0.6922,0.67986,0.66939,0.64888,0.63045,0.62014,0.60803,0.58554,0.56738,0.54892,0.53093,0.52303,0.51648,0.50142,0.48706,0.4472,0.4182,0.39487,0.39046,0.377,0.35518,0.33659,0.32399,0.31096,0.29406,0.27841,0.25326,0.24331,0.23553,0.23188,0.21482,0.21327,0.20358,0.19265,0.1904,0.1829,0.1862,0.19077,0.20117,0.2034,0.20668,0.20409,0.1996,0.19944,0.19905,0.19916,0.19609,0.20403,0.20603,0.2047,0.20292,0.19919,0.19715,0.19303,0.18867,0.17886,0.18378,0.17738,0.17962,0.18315,0.17185,0.16498,0.13189,-0.37526,-0.38175,0.90092,0.42488
0.89062,0.89613,0.89874,0.90309,0.91072,0.91245,0.9179,0.92493,0.92729,0.9368,0.94146,0.94627,0.9487,0.95106,0.95479,0.95858,0.96928,0.9796,0.98704,0.99026,0.99488,1,0.99485,0.98794,0.97975,0.97134,0.96375,0.9502,0.93549,0.91979,0.91448,0.90459,0.88953,0.87111,0.85338,0.83656,0.81935,0.80324,0.77855,0.74685,0.72753,0.71153,0.68493,0.6721,0.66097,0.63931,0.62004,0.60924,0.59654,0.57307,0.55395,0.535,0.51669,0.50878,0.50221,0.487,0.47205,0.43027,0.40038,0.37687,0.37231,0.35888,0.33661,0.31776,0.30515,0.29205,0.2748,0.25876,0.23425,0.22346,0.21502,0.21159,0.1949,0.19368,0.18455,0.17389,0.17174,0.16419,0.1669,0.17118,0.18141,0.1834,0.18727,0.18498,0.18092,0.18126,0.18054,0.18075,0.17746,0.18538,0.18779,0.18678,0.18539,0.18214,0.18065,0.17696,0.1724,0.16121,0.16616,0.16057,0.16381,0.16704,0.15653,0.15005,0.1197,-0.36354,-0.36908,0.8899,0.40056
0.88435,0.88931,0.89193,0.89612,0.90318,0.90477,0.90984,0.91646,0.91866,0.92793,0.93251,0.93744,0.93988,0.94223,0.94593,0.94957,0.96054,0.97117,0.97894,0.98239,0.98719,0.99485,1,0.99475,0.98663,0.97804,0.97026,0.95526,0.93972,0.9234,0.91793,0.90746,0.89202,0.87301,0.85447,0.83761,0.82015,0.80431,0.77868,0.74616,0.72622,0.70966,0.68171,0.66806,0.65643,0.63438,0.6145,0.60333,0.59045,0.56656,0.54696,0.52739,0.50899,0.50112,0.49458,0.47926,0.46425,0.42187,0.39154,0.36697,0.36226,0.34928,0.32773,0.30895,0.29666,0.2836,0.26602,0.24983,0.22582,0.21522,0.20653,0.20379,0.18746,0.18658,0.1773,0.16656,0.16466,0.15715,0.15936,0.16397,0.17519,0.17668,0.18003,0.17732,0.1726,0.17306,0.17264,0.173,0.16974,0.17833,0.18145,0.18015,0.17861,0.17567,0.17475,0.17199,0.16772,0.15484,0.16033,0.15521,0.15744,0.16085,0.1512,0.14465,0.11351,-0.35439,-0.3563,0.88358,0.38628
0.87916,0.88361,0.88604,0.89037,0.89716,0.89869,0.90368,0.91015,0.91237,0.92153,0.92622,0.93116,0.93364,0.93597,0.93954,0.94307,0.95393,0.96464,0.97178,0.9752,0.98013,0.98794,0.99475,1,0.99459,0.98592,0.97793,0.96163,0.9452,0.92843,0.9228,0.91248,0.89742,0.87836,0.8596,0.84256,0.82472,0.80861,0.78169,0.74796,0.72747,0.71017,0.68115,0.66656,0.65407,0.63095,0.61031,0.59904,0.5863,0.56225,0.54259,0.52312,0.50461,0.49657,0.48987,0.47394,0.45865,0.41587,0.385,0.36041,0.35577,0.34243,0.32219,0.30374,0.2915,0.27806,0.2598,0.24373,0.22037,0.21018,0.20162,0.19939,0.18336,0.18175,0.17199,0.16069,0.15843,0.15058,0.15243,0.15735,0.16875,0.17026,0.17328,0.17005,0.16525,0.16592,0.16554,0.16593,0.16243,0.17007,0.17312,0.17162,0.17029,0.16794,0.16689,0.1642,0.15969,0.14593,0.15129,0.14641,0.1499,0.15263,0.14324,0.13681,0.10592,-0.35157,-0.35071,0.87833,0.37695
0.87403,0.87817,0.8805,0.88475,0.89104,0.89243,0.89713,0.90311,0.90522,0.91371,0.91864,0.92365,0.92621,0.92856,0.93224,0.93585,0.9465,0.95704,0.96411,0.9675,0.97202,0.97975,0.98663,0.99459,1,0.99484,0.98705,0.96975,0.95239,0.93579,0.93009,0.91911,0.90351,0.8843,0.86536,0.84786,0.82968,0.8128,0.78542,0.75061,0.72953,0.71147,0.68154,0.66686,0.65385,0.62921,0.60798,0.59647,0.58323,0.55829,0.53818,0.51862,0.49984,0.49164,0.48487,0.46906,0.45417,0.41148,0.38024,0.35517,0.3502,0.33622,0.31594,0.29722,0.28525,0.27186,0.2538,0.23808,0.2147,0.20454,0.19583,0.19367,0.17723,0.17528,0.16518,0.1528,0.15028,0.14163,0.14255,0.14749,0.15937,0.16093,0.16336,0.1592,0.15419,0.15483,0.15433,0.15465,0.1509,0.15807,0.16111,0.15956,0.15868,0.15683,0.15717,0.1548,0.15062,0.13589,0.1417,0.137,0.14268,0.14611,0.13769,0.13144,0.10123,-0.34872,-0.3457,0.87333,0.36551
0.87069,0.87461,0.87704,0.88107,0.88647,0.88769,0.89194,0.89734,0.89931,0.90724,0.91196,0.91688,0.91925,0.9214,0.92488,0.92841,0.939,0.94951,0.95662,0.95971,0.96372,0.97134,0.97804,0.98592,0.99484,1,0.99533,0.97793,0.96049,0.94346,0.93774,0.92611,0.91025,0.89074,0.87111,0.85316,0.83396,0.81667,0.78951,0.75423,0.73269,0.71393,0.68354,0.66897,0.65584,0.62994,0.60852,0.59673,0.58295,0.55718,0.5366,0.51687,0.49789,0.48942,0.4824,0.46669,0.45185,0.40914,0.37763,0.3533,0.34863,0.33428,0.31341,0.29436,0.28293,0.26885,0.25025,0.23445,0.21042,0.19992,0.19107,0.18874,0.17234,0.16998,0.15949,0.14684,0.14413,0.13656,0.13743,0.14187,0.1542,0.15553,0.15746,0.15265,0.14737,0.14828,0.14772,0.14828,0.14508,0.15316,0.15641,0.15516,0.15458,0.15312,0.15433,0.1523,0.14917,0.13511,0.14184,0.13782,0.14518,0.14969,0.14158,0.13519,0.10303,-0.34809,-0.34243,0.87009,0.35851
0.86854,0.87217,0.87461,0.87837,0.88332,0.88439,0.88818,0.89316,0.89501,0.90256,0.907,0.91172,0.91408,0.9161,0.91927,0.92254,0.93313,0.94396,0.95064,0.9533,0.95661,0.96375,0.97026,0.97793,0.98705,0.99533,1,0.98634,0.96875,0.95146,0.94592,0.93387,0.91725,0.89753,0.87794,0.85988,0.84064,0.8232,0.79569,0.75978,0.73813,0.71943,0.68831,0.67364,0.65997,0.63333,0.61156,0.59963,0.58568,0.55954,0.53842,0.51876,0.49957,0.49098,0.48352,0.46748,0.45232,0.40964,0.37675,0.35247,0.3481,0.33381,0.31192,0.29286,0.28169,0.26708,0.24784,0.23131,0.20689,0.19648,0.18783,0.18545,0.16918,0.16658,0.15564,0.14268,0.13975,0.13246,0.13294,0.13749,0.1494,0.15067,0.15203,0.14762,0.14337,0.14465,0.14375,0.14453,0.14138,0.14901,0.15234,0.15175,0.1518,0.15098,0.15262,0.15211,0.14976,0.13639,0.14342,0.14017,0.1489,0.1542,0.14672,0.14078,0.10718,-0.3477,-0.33742,0.86801,0.35649
0.87103,0.87396,0.87589,0.87863,0.88205,0.88271,0.88545,0.88946,0.89099,0.8972,0.90082,0.90526,0.90749,0.90929,0.91153,0.91407,0.92388,0.93349,0.93903,0.94111,0.94368,0.9502,0.95526,0.96163,0.96975,0.97793,0.98634,1,0.98666,0.96845,0.96319,0.95096,0.93445,0.91508,0.89553,0.87814,0.85885,0.84123,0.81339,0.77637,0.75447,0.73633,0.70496,0.6901,0.67627,0.64976,0.62711,0.61487,0.6006,0.57277,0.55187,0.53206,0.51293,0.50454,0.49738,0.48165,0.46582,0.42354,0.39093,0.36631,0.36141,0.34674,0.32315,0.30306,0.29132,0.2771,0.25845,0.24214,0.21746,0.20621,0.19771,0.19539,0.17981,0.1783,0.16668,0.15288,0.1492,0.14186,0.14041,0.14387,0.15357,0.15466,0.1563,0.15227,0.14823,0.15024,0.14917,0.1501,0.1471,0.15592,0.15918,0.1592,0.15877,0.15763,0.15822,0.15796,0.15593,0.14379,0.15111,0.1487,0.16116,0.16582,0.15852,0.15247,0.11878,-0.35484,-0.33578,0.8704,0.36427
0.87318,0.87515,0.87688,0.87893,0.88089,0.88125,0.88316,0.8862,0.8874,0.89258,0.89549,0.89935,0.90129,0.90287,0.90481,0.90679,0.91458,0.92229,0.92681,0.92864,0.93049,0.93549,0.93972,0.9452,0.95239,0.96049,0.96875,0.98666,1,0.98691,0.98157,0.96913,0.95182,0.93242,0.91315,0.89515,0.87564,0.85878,0.82988,0.79114,0.76964,0.75169,0.7198,0.70422,0.68998,0.6636,0.64092,0.62867,0.6144,0.58659,0.56612,0.54602,0.52659,0.51822,0.51105,0.49498,0.47878,0.43781,0.40558,0.38085,0.37572,0.36116,0.33686,0.31599,0.30211,0.28676,0.26829,0.25235,0.22936,0.21837,0.20944,0.20577,0.18983,0.18805,0.17655,0.16325,0.15875,0.15052,0.14849,0.1512,0.16024,0.16084,0.1602,0.15579,0.15168,0.15427,0.15397,0.15477,0.15194,0.16348,0.16692,0.16659,0.16666,0.16526,0.16754,0.16734,0.16629,0.15564,0.16381,0.161,0.17459,0.17892,0.172,0.1654,0.13175,-0.36591,-0.34322,0.87253,0.37783
0.88163,0.88254,0.88396,0.88519,0.88529,0.88516,0.88582,0.88675,0.88718,0.89067,0.89279,0.89558,0.89686,0.89772,0.89902,0.90041,0.90618,0.91138,0.91441,0.91543,0.91633,0.91979,0.9234,0.92843,0.93579,0.94346,0.95146,0.96845,0.98691,1,0.99822,0.98802,0.97037,0.95216,0.9342,0.91721,0.89872,0.88245,0.85397,0.81607,0.79524,0.77778,0.74605,0.72996,0.71507,0.68888,0.66629,0.65383,0.63958,0.61241,0.5922,0.57175,0.55242,0.54418,0.53721,0.52146,0.50556,0.46552,0.43252,0.40905,0.40406,0.39002,0.36638,0.34578,0.33075,0.31484,0.29598,0.28023,0.25717,0.24489,0.23523,0.23194,0.21648,0.21364,0.20186,0.18828,0.18291,0.17397,0.17169,0.1732,0.18141,0.18103,0.17787,0.17351,0.16988,0.17207,0.17134,0.1718,0.16818,0.17727,0.18046,0.17952,0.17966,0.17809,0.18115,0.18249,0.18195,0.17011,0.17782,0.17565,0.19373,0.198,0.19146,0.18487,0.1505,-0.38194,-0.36097,0.88115,0.40544
0.88267,0.88332,0.88464,0.88559,0.88527,0.88505,0.88547,0.88601,0.88628,0.88934,0.89126,0.89371,0.89478,0.89542,0.89645,0.89761,0.90281,0.90749,0.91004,0.91084,0.91142,0.91448,0.91793,0.9228,0.93009,0.93774,0.94592,0.96319,0.98157,0.99822,1,0.99313,0.97582,0.95782,0.94046,0.92366,0.90544,0.88913,0.86037,0.82253,0.80201,0.7847,0.75285,0.73676,0.72175,0.69556,0.67303,0.6606,0.64632,0.61922,0.59879,0.57813,0.55863,0.55033,0.54327,0.52756,0.51172,0.47146,0.43823,0.4147,0.40976,0.39568,0.37198,0.35115,0.33608,0.32031,0.30158,0.28599,0.26281,0.25031,0.24038,0.23712,0.22228,0.21933,0.20758,0.19388,0.18799,0.17869,0.17583,0.17672,0.18414,0.18348,0.18005,0.17593,0.17232,0.17422,0.17349,0.17385,0.16996,0.17797,0.18121,0.18026,0.18031,0.17892,0.18202,0.18352,0.18361,0.17229,0.18026,0.17843,0.19681,0.2016,0.19513,0.18862,0.15563,-0.38531,-0.36445,0.88223,0.41105
0.88639,0.88624,0.88718,0.88748,0.88613,0.88558,0.88545,0.88515,0.88513,0.88732,0.88866,0.8903,0.8909,0.89106,0.89137,0.89219,0.89627,0.89999,0.90121,0.90182,0.90206,0.90459,0.90746,0.91248,0.91911,0.92611,0.93387,0.95096,0.96913,0.98802,0.99313,1,0.98781,0.97016,0.95341,0.93696,0.91915,0.90316,0.87507,0.83785,0.81743,0.80035,0.76853,0.75258,0.73747,0.71204,0.68926,0.67695,0.66266,0.63561,0.61478,0.59357,0.5732,0.56453,0.55711,0.54115,0.52528,0.48471,0.45119,0.42762,0.42292,0.40886,0.38555,0.36405,0.34918,0.33353,0.31442,0.29858,0.27462,0.26194,0.25144,0.24744,0.2336,0.23079,0.21889,0.20481,0.19816,0.18856,0.18452,0.18356,0.1898,0.18869,0.18466,0.18049,0.17734,0.1793,0.17867,0.17902,0.17428,0.18215,0.1847,0.18343,0.18303,0.18186,0.18452,0.18618,0.18678,0.17658,0.18565,0.1842,0.20255,0.2085,0.20222,0.19607,0.16424,-0.40015,-0.37576,0.88594,0.42274
0.88901,0.88777,0.88822,0.88766,0.88525,0.88436,0.88355,0.88234,0.88198,0.88264,0.88333,0.88452,0.88482,0.88459,0.88426,0.88469,0.88647,0.8881,0.88848,0.88866,0.88817,0.88953,0.89202,0.89742,0.90351,0.91025,0.91725,0.93445,0.95182,0.97037,0.97582,0.98781,1,0.98887,0.97193,0.95448,0.93662,0.92013,0.89194,0.85586,0.83563,0.81858,0.78613,0.7701,0.75515,0.73029,0.70768,0.69573,0.6819,0.6545,0.63259,0.61206,0.59225,0.58376,0.57658,0.56041,0.54433,0.50292,0.47015,0.44643,0.44203,0.42865,0.40579,0.38367,0.36877,0.35288,0.33401,0.31768,0.29181,0.27955,0.26991,0.26674,0.2533,0.25096,0.23903,0.22485,0.21733,0.20759,0.20061,0.19674,0.20233,0.20089,0.19669,0.19255,0.18864,0.19108,0.19124,0.19164,0.18654,0.19694,0.19859,0.19702,0.19539,0.19333,0.19537,0.197,0.19913,0.19167,0.20117,0.1996,0.21997,0.22528,0.21944,0.21291,0.18028,-0.41194,-0.38774,0.88856,0.44227
0.88965,0.88772,0.88797,0.88673,0.88332,0.88213,0.88052,0.87788,0.87711,0.87614,0.87586,0.87637,0.87637,0.87578,0.87462,0.8746,0.87449,0.87408,0.87272,0.87229,0.87094,0.87111,0.87301,0.87836,0.8843,0.89074,0.89753,0.91508,0.93242,0.95216,0.95782,0.97016,0.98887,1,0.98919,0.97198,0.95355,0.93628,0.90828,0.87332,0.8537,0.83689,0.80434,0.78834,0.77388,0.74981,0.72791,0.7158,0.70175,0.67409,0.65207,0.63259,0.61309,0.60461,0.59738,0.58142,0.56539,0.52453,0.49189,0.46722,0.46281,0.45042,0.42851,0.4056,0.38937,0.37263,0.35299,0.33566,0.30844,0.29576,0.28668,0.28369,0.27036,0.26784,0.25649,0.24214,0.23442,0.22568,0.21733,0.2111,0.21512,0.213,0.20886,0.20494,0.20118,0.20334,0.20407,0.20434,0.19916,0.21038,0.21155,0.21089,0.2089,0.20606,0.20712,0.20813,0.21105,0.20665,0.21735,0.21525,0.23666,0.2415,0.23728,0.23128,0.19809,-0.42508,-0.39798,0.88913,0.46204
0.88969,0.88708,0.88709,0.88534,0.88125,0.87984,0.87755,0.87396,0.87278,0.87017,0.86908,0.86877,0.86833,0.86737,0.86576,0.8651,0.86247,0.86037,0.85737,0.85627,0.85428,0.85338,0.85447,0.8596,0.86536,0.87111,0.87794,0.89553,0.91315,0.9342,0.94046,0.95341,0.97193,0.98919,1,0.9897,0.9713,0.95351,0.92456,0.89012,0.87146,0.85484,0.82324,0.80801,0.79415,0.77087,0.74939,0.73708,0.72291,0.69519,0.6735,0.65464,0.63492,0.62629,0.61882,0.60277,0.58719,0.54623,0.51315,0.48761,0.48305,0.47119,0.45001,0.427,0.41114,0.39458,0.37483,0.35714,0.32903,0.31613,0.30746,0.30387,0.2907,0.28764,0.27674,0.26203,0.25398,0.24528,0.23527,0.22745,0.23119,0.22884,0.22459,0.2212,0.21793,0.21968,0.21972,0.21935,0.21314,0.22257,0.224,0.22489,0.22315,0.22052,0.22155,0.22317,0.22601,0.22467,0.23527,0.23267,0.25408,0.25843,0.25477,0.24893,0.21461,-0.43182,-0.40205,0.88916,0.48174
0.89008,0.88669,0.88623,0.88373,0.87868,0.87691,0.87385,0.86875,0.86705,0.86296,0.86101,0.86004,0.85907,0.85764,0.85549,0.85455,0.85097,0.8472,0.84296,0.84135,0.83853,0.83656,0.83761,0.84256,0.84786,0.85316,0.85988,0.87814,0.89515,0.91721,0.92366,0.93696,0.95448,0.97198,0.9897,1,0.98944,0.97261,0.94169,0.90793,0.88989,0.87422,0.84336,0.82802,0.81378,0.79001,0.7693,0.75721,0.74315,0.71594,0.69422,0.67544,0.65539,0.64648,0.63913,0.6238,0.60884,0.5695,0.53642,0.51085,0.50629,0.49451,0.47342,0.45055,0.43497,0.41825,0.39819,0.38049,0.35159,0.33864,0.3285,0.32418,0.31107,0.30767,0.29673,0.28246,0.27455,0.26607,0.25507,0.24679,0.2499,0.24732,0.2432,0.23938,0.23568,0.23641,0.23596,0.23525,0.22943,0.23575,0.23671,0.23798,0.23715,0.23418,0.23519,0.23613,0.23954,0.23862,0.24728,0.24454,0.26661,0.27087,0.26582,0.25938,0.22633,-0.4375,-0.40298,0.88953,0.49747
0.89011,0.88631,0.88545,0.88225,0.87605,0.87408,0.8705,0.864,0.86175,0.85649,0.85341,0.85159,0.85017,0.84837,0.84545,0.84386,0.83887,0.83297,0.8273,0.82523,0.82199,0.81935,0.82015,0.82472,0.82968,0.83396,0.84064,0.85885,0.87564,0.89872,0.90544,0.91915,0.93662,0.95355,0.9713,0.98944,1,0.99043,0.95898,0.92583,0.90862,0.89327,0.86261,0.84735,0.83293,0.81016,0.78952,0.7776,0.76408,0.7371,0.71583,0.69803,0.67873,0.67004,0.66285,0.6473,0.63229,0.59465,0.56228,0.53591,0.53105,0.51912,0.49788,0.47459,0.45803,0.44133,0.42112,0.40303,0.37331,0.35994,0.34918,0.34574,0.3331,0.32954,0.31755,0.30358,0.29561,0.28774,0.27547,0.26638,0.26987,0.26701,0.26263,0.25856,0.25514,0.2555,0.25438,0.25358,0.24764,0.25354,0.25492,0.25564,0.25486,0.25207,0.2522,0.25241,0.25632,0.25512,0.2642,0.26203,0.2844,0.28811,0.28297,0.27611,0.24352,-0.43349,-0.40067,0.88953,0.51736
0.88997,0.88613,0.88484,0.88106,0.87398,0.87192,0.86778,0.86036,0.85779,0.85122,0.84736,0.84495,0.84322,0.84118,0.83722,0.83451,0.82796,0.82027,0.81279,0.81039,0.80671,0.80324,0.80431,0.80861,0.8128,0.81667,0.8232,0.84123,0.85878,0.88245,0.88913,0.90316,0.92013,0.93628,0.95351,0.97261,0.99043,1,0.97555,0.94276,0.92611,0.91057,0.8803,0.86539,0.85127,0.82936,0.80869,0.79693,0.78399,0.7568,0.73577,0.71851,0.6996,0.69087,0.68354,0.6673,0.65213,0.61521,0.58346,0.55732,0.55211,0.53969,0.51731,0.49387,0.47631,0.45969,0.43944,0.42122,0.39191,0.37876,0.36739,0.3644,0.3515,0.34706,0.33356,0.31957,0.31168,0.30473,0.29097,0.28031,0.28323,0.27971,0.27533,0.27154,0.26827,0.26807,0.26723,0.26647,0.26022,0.26746,0.26926,0.26993,0.26967,0.26752,0.26693,0.2665,0.27064,0.2688,0.27901,0.27675,0.29661,0.30024,0.29421,0.28708,0.2529,-0.43676,-0.40529,0.88933,0.53506
0.88822,0.88386,0.88223,0.87716,0.86855,0.866,0.86082,0.85193,0.84875,0.83998,0.83501,0.83133,0.82903,0.82649,0.82183,0.8182,0.80959,0.79975,0.79083,0.78797,0.7833,0.77855,0.77868,0.78169,0.78542,0.78951,0.79569,0.81339,0.82988,0.85397,0.86037,0.87507,0.89194,0.90828,0.92456,0.94169,0.95898,0.97555,1,0.97582,0.95931,0.94319,0.91339,0.8989,0.88535,0.86399,0.84409,0.8324,0.81967,0.79284,0.77245,0.75533,0.73775,0.72902,0.72134,0.7042,0.68868,0.6535,0.62181,0.59759,0.59275,0.58048,0.55656,0.53113,0.51282,0.49567,0.4761,0.45856,0.42994,0.41605,0.40471,0.40107,0.38745,0.3807,0.36676,0.35258,0.34408,0.3366,0.32365,0.31141,0.31117,0.30699,0.30264,0.29919,0.29518,0.29426,0.29306,0.2915,0.28389,0.29035,0.29079,0.29134,0.29227,0.2907,0.29207,0.29346,0.29997,0.2995,0.3107,0.30781,0.32185,0.32555,0.31769,0.31058,0.27723,-0.4372,-0.41114,0.88756,0.56618
0.87856,0.87371,0.87175,0.86588,0.8557,0.85277,0.84643,0.83596,0.83214,0.82138,0.81545,0.81085,0.8079,0.80466,0.79911,0.79469,0.78502,0.77362,0.76234,0.75854,0.75268,0.74685,0.74616,0.74796,0.75061,0.75423,0.75978,0.77637,0.79114,0.81607,0.82253,0.83785,0.85586,0.87332,0.89012,0.90793,0.92583,0.94276,0.97582,1,0.99242,0.97754,0.94698,0.93256,0.9193,0.89875,0.88075,0.8695,0.85722,0.82973,0.80849,0.79113,0.7737,0.76534,0.75822,0.74244,0.72736,0.69547,0.66243,0.63691,0.63207,0.61982,0.59644,0.57239,0.55397,0.5365,0.51634,0.49816,0.46945,0.45438,0.44157,0.4362,0.42293,0.41404,0.39987,0.3858,0.37592,0.36797,0.35389,0.34023,0.33701,0.33196,0.32597,0.32255,0.31786,0.31666,0.31304,0.31091,0.30295,0.30669,0.30598,0.3054,0.30657,0.30451,0.30484,0.30498,0.31036,0.30895,0.31969,0.3177,0.32789,0.33482,0.32708,0.3206,0.2836,-0.43686,-0.40398,0.87803,0.5889
0.87023,0.86505,0.86285,0.85635,0.84566,0.84257,0.83565,0.8246,0.82045,0.80905,0.80255,0.7974,0.79418,0.79063,0.78455,0.77944,0.76866,0.75631,0.74396,0.74,0.73386,0.72753,0.72622,0.72747,0.72953,0.73269,0.73813,0.75447,0.76964,0.79524,0.80201,0.81743,0.83563,0.8537,0.87146,0.88989,0.90862,0.92611,0.95931,0.99242,1,0.99253,0.96433,0.94998,0.93653,0.91582,0.89795,0.88695,0.87542,0.84893,0.82832,0.81094,0.79339,0.78506,0.77781,0.76176,0.74671,0.71522,0.6822,0.65532,0.65027,0.63813,0.61495,0.59187,0.57328,0.5553,0.53534,0.51797,0.48947,0.47421,0.46132,0.45552,0.44238,0.43343,0.41934,0.40547,0.3955,0.38769,0.37267,0.35863,0.35472,0.34949,0.34392,0.34081,0.33602,0.33465,0.33065,0.3283,0.32053,0.3229,0.3222,0.32125,0.32221,0.31946,0.31926,0.31892,0.3232,0.31993,0.33072,0.32932,0.33957,0.34648,0.33961,0.33348,0.29426,-0.43405,-0.39921,0.8698,0.60363
0.86314,0.85766,0.85517,0.84815,0.83701,0.83373,0.82618,0.81463,0.81017,0.79825,0.79117,0.78555,0.78212,0.7783,0.77185,0.76623,0.75486,0.74188,0.72881,0.72448,0.71811,0.71153,0.70966,0.71017,0.71147,0.71393,0.71943,0.73633,0.75169,0.77778,0.7847,0.80035,0.81858,0.83689,0.85484,0.87422,0.89327,0.91057,0.94319,0.97754,0.99253,1,0.98061,0.96644,0.95247,0.93037,0.91202,0.90114,0.89013,0.86455,0.84495,0.82798,0.81023,0.80192,0.79449,0.7785,0.76373,0.73244,0.69894,0.67076,0.66538,0.65286,0.62948,0.60662,0.58799,0.56955,0.55005,0.53387,0.5051,0.48958,0.47652,0.47024,0.45656,0.44756,0.43373,0.42009,0.41026,0.40228,0.38616,0.37116,0.36685,0.36153,0.35641,0.35346,0.3482,0.34637,0.34204,0.33959,0.33254,0.33331,0.33249,0.33061,0.33075,0.32721,0.32575,0.32386,0.32815,0.32383,0.33508,0.33465,0.34513,0.35199,0.34543,0.33937,0.29887,-0.4352,-0.39957,0.86277,0.61487
0.85007,0.84403,0.84094,0.83344,0.82192,0.8183,0.80996,0.79809,0.79341,0.78024,0.7726,0.7659,0.76188,0.75763,0.75081,0.74489,0.73301,0.71769,0.70343,0.69866,0.6922,0.68493,0.68171,0.68115,0.68154,0.68354,0.68831,0.70496,0.7198,0.74605,0.75285,0.76853,0.78613,0.80434,0.82324,0.84336,0.86261,0.8803,0.91339,0.94698,0.96433,0.98061,1,0.99398,0.98164,0.9572,0.93616,0.92515,0.91365,0.88894,0.86953,0.85268,0.83608,0.82812,0.82086,0.80539,0.79047,0.75753,0.72262,0.69435,0.68892,0.67642,0.65431,0.63118,0.61179,0.593,0.57444,0.55931,0.53168,0.51473,0.50121,0.49474,0.4815,0.47129,0.4567,0.44294,0.43288,0.42413,0.40828,0.39086,0.38691,0.38148,0.37586,0.37204,0.36612,0.36242,0.35791,0.35521,0.34919,0.34905,0.34722,0.34389,0.34239,0.3394,0.33679,0.33343,0.33653,0.33031,0.34418,0.34637,0.35586,0.36371,0.35835,0.35248,0.31352,-0.43636,-0.4,0.84985,0.63312
0.844,0.83792,0.83457,0.82687,0.81513,0.81141,0.80285,0.79059,0.78576,0.77202,0.76407,0.75692,0.75267,0.74828,0.74138,0.73542,0.72316,0.70661,0.69158,0.68653,0.67986,0.6721,0.66806,0.66656,0.66686,0.66897,0.67364,0.6901,0.70422,0.72996,0.73676,0.75258,0.7701,0.78834,0.80801,0.82802,0.84735,0.86539,0.8989,0.93256,0.94998,0.96644,0.99398,1,0.99395,0.9708,0.9482,0.93711,0.92585,0.90186,0.88271,0.86629,0.84988,0.84173,0.83439,0.81908,0.8041,0.77059,0.73478,0.70621,0.70049,0.68806,0.66724,0.64462,0.62565,0.6075,0.58884,0.5738,0.54685,0.52896,0.51553,0.50882,0.49575,0.4853,0.46959,0.45479,0.44407,0.4344,0.41806,0.39919,0.39555,0.38995,0.38338,0.37915,0.37249,0.36841,0.36377,0.36078,0.35403,0.35331,0.35139,0.34761,0.34563,0.34269,0.34049,0.33721,0.34019,0.33532,0.34879,0.35151,0.36102,0.36897,0.36539,0.35974,0.32095,-0.43518,-0.39844,0.84387,0.64155
0.83891,0.83279,0.82919,0.82128,0.80934,0.80549,0.79676,0.78408,0.77913,0.76492,0.75686,0.74957,0.74518,0.7407,0.73374,0.72763,0.71462,0.69727,0.68183,0.67651,0.66939,0.66097,0.65643,0.65407,0.65385,0.65584,0.65997,0.67627,0.68998,0.71507,0.72175,0.73747,0.75515,0.77388,0.79415,0.81378,0.83293,0.85127,0.88535,0.9193,0.93653,0.95247,0.98164,0.99395,1,0.9847,0.96201,0.95083,0.9398,0.91646,0.89743,0.88162,0.86575,0.85757,0.8504,0.83536,0.82041,0.78592,0.75052,0.72179,0.71602,0.70377,0.68384,0.66153,0.64281,0.62507,0.6068,0.59169,0.56585,0.5483,0.53541,0.5279,0.5142,0.50334,0.48648,0.47089,0.45943,0.44878,0.43173,0.41164,0.40808,0.40199,0.39366,0.38916,0.38266,0.37851,0.37386,0.3706,0.36252,0.35998,0.35792,0.35418,0.35148,0.34819,0.34635,0.34345,0.34634,0.34137,0.35349,0.35575,0.36507,0.37285,0.37,0.36442,0.3254,-0.43508,-0.39778,0.83884,0.65358
0.82919,0.82259,0.81852,0.81005,0.79747,0.79344,0.78443,0.7713,0.76622,0.75088,0.74229,0.73461,0.72995,0.72523,0.71787,0.71139,0.69644,0.67815,0.66169,0.65623,0.64888,0.63931,0.63438,0.63095,0.62921,0.62994,0.63333,0.64976,0.6636,0.68888,0.69556,0.71204,0.73029,0.74981,0.77087,0.79001,0.81016,0.82936,0.86399,0.89875,0.91582,0.93037,0.9572,0.9708,0.9847,1,0.9867,0.97641,0.96582,0.94357,0.92419,0.90784,0.89203,0.88396,0.87683,0.86108,0.8461,0.81234,0.77943,0.75177,0.7457,0.73344,0.71297,0.69026,0.67123,0.65365,0.63545,0.62115,0.59694,0.58057,0.56834,0.56113,0.54772,0.53623,0.5186,0.50188,0.48901,0.47653,0.45817,0.43626,0.43225,0.42612,0.4159,0.41121,0.40521,0.40131,0.39652,0.39304,0.38395,0.37986,0.37684,0.37322,0.37009,0.3661,0.36426,0.36111,0.36288,0.35678,0.36747,0.36706,0.37339,0.38069,0.37746,0.37216,0.33215,-0.43169,-0.39241,0.82922,0.67721
0.81813,0.81115,0.80685,0.79806,0.78516,0.7811,0.77172,0.75804,0.75273,0.73673,0.72761,0.71927,0.71423,0.709,0.70133,0.69465,0.67891,0.66037,0.64328,0.63779,0.63045,0.62004,0.6145,0.61031,0.60798,0.60852,0.61156,0.62711,0.64092,0.66629,0.67303,0.68926,0.70768,0.72791,0.74939,0.7693,0.78952,0.80869,0.84409,0.88075,0.89795,0.91202,0.93616,0.9482,0.96201,0.9867,1,0.99614,0.98792,0.96638,0.94585,0.92837,0.91159,0.90322,0.89569,0.87944,0.86414,0.82941,0.79831,0.77213,0.76635,0.7539,0.73284,0.71069,0.69244,0.67523,0.65785,0.64397,0.61968,0.60363,0.5918,0.58441,0.57127,0.55889,0.54114,0.52388,0.51003,0.4974,0.479,0.45658,0.45176,0.44544,0.43429,0.42929,0.42241,0.41764,0.41196,0.40799,0.39864,0.39421,0.39071,0.38603,0.38219,0.37684,0.37537,0.37329,0.37386,0.3691,0.38009,0.37908,0.38486,0.39057,0.38748,0.38196,0.34479,-0.42884,-0.38883,0.81825,0.68963
0.81176,0.80472,0.80025,0.79116,0.77801,0.77393,0.76426,0.7502,0.74475,0.72863,0.71928,0.71063,0.70544,0.69997,0.69206,0.68526,0.66922,0.65035,0.63313,0.62757,0.62014,0.60924,0.60333,0.59904,0.59647,0.59673,0.59963,0.61487,0.62867,0.65383,0.6606,0.67695,0.69573,0.7158,0.73708,0.75721,0.7776,0.79693,0.8324,0.8695,0.88695,0.90114,0.92515,0.93711,0.95083,0.97641,0.99614,1,0.99616,0.97687,0.9562,0.93824,0.92108,0.91259,0.90497,0.88886,0.87354,0.83772,0.80665,0.78075,0.77483,0.76188,0.74068,0.71931,0.70101,0.68363,0.66644,0.65247,0.62824,0.61224,0.60052,0.59295,0.57934,0.56699,0.54917,0.53143,0.51722,0.50437,0.48645,0.4647,0.45961,0.45293,0.44161,0.43653,0.42867,0.42332,0.41721,0.41294,0.40311,0.39825,0.39448,0.38947,0.38506,0.37913,0.37765,0.37532,0.37571,0.37126,0.38323,0.38202,0.3879,0.39291,0.39037,0.3847,0.3481,-0.42913,-0.38763,0.81195,0.6946
0.80456,0.79748,0.79289,0.78365,0.77034,0.76627,0.75636,0.74189,0.73632,0.71999,0.71031,0.70144,0.69614,0.69048,0.68243,0.67546,0.65885,0.63912,0.62159,0.61584,0.60803,0.59654,0.59045,0.5863,0.58323,0.58295,0.58568,0.6006,0.6144,0.63958,0.64632,0.66266,0.6819,0.70175,0.72291,0.74315,0.76408,0.78399,0.81967,0.85722,0.87542,0.89013,0.91365,0.92585,0.9398,0.96582,0.98792,0.99616,1,0.98747,0.9679,0.94974,0.93186,0.92319,0.91525,0.89903,0.88356,0.84751,0.81665,0.79047,0.78437,0.77123,0.75021,0.72981,0.71169,0.69471,0.67814,0.66438,0.64073,0.62424,0.61196,0.60371,0.58961,0.57696,0.55913,0.54128,0.52698,0.51438,0.49632,0.47486,0.46962,0.46276,0.45119,0.44587,0.43749,0.43131,0.42486,0.42032,0.41016,0.4049,0.40119,0.39617,0.39128,0.38501,0.38333,0.38044,0.37989,0.37648,0.38875,0.38713,0.39205,0.39613,0.39392,0.3882,0.35012,-0.42446,-0.38339,0.80481,0.70104
0.78875,0.78139,0.77672,0.7675,0.75428,0.75025,0.74009,0.72513,0.71951,0.70282,0.69265,0.68357,0.67816,0.6722,0.66386,0.65658,0.63936,0.61871,0.60011,0.59402,0.58554,0.57307,0.56656,0.56225,0.55829,0.55718,0.55954,0.57277,0.58659,0.61241,0.61922,0.63561,0.6545,0.67409,0.69519,0.71594,0.7371,0.7568,0.79284,0.82973,0.84893,0.86455,0.88894,0.90186,0.91646,0.94357,0.96638,0.97687,0.98747,1,0.98993,0.97234,0.95357,0.94472,0.93604,0.91875,0.90315,0.86836,0.83893,0.81248,0.80604,0.79275,0.77282,0.75375,0.73639,0.72027,0.70434,0.69097,0.66816,0.65227,0.63859,0.62852,0.61349,0.60007,0.58213,0.5645,0.55005,0.53797,0.51876,0.49643,0.49134,0.4842,0.47198,0.46543,0.45693,0.44993,0.44326,0.43841,0.42767,0.42201,0.41844,0.4133,0.40751,0.40099,0.39913,0.39462,0.39268,0.39005,0.40233,0.39961,0.4026,0.40498,0.4019,0.39652,0.3566,-0.41258,-0.37573,0.78909,0.71286
0.77724,0.7699,0.76511,0.75605,0.7428,0.73871,0.72824,0.71288,0.7072,0.6902,0.67955,0.67018,0.66469,0.65861,0.64982,0.64197,0.6241,0.60249,0.58292,0.57646,0.56738,0.55395,0.54696,0.54259,0.53818,0.5366,0.53842,0.55187,0.56612,0.5922,0.59879,0.61478,0.63259,0.65207,0.6735,0.69422,0.71583,0.73577,0.77245,0.80849,0.82832,0.84495,0.86953,0.88271,0.89743,0.92419,0.94585,0.9562,0.9679,0.98993,1,0.99035,0.97345,0.9648,0.95597,0.9383,0.92281,0.88872,0.85976,0.83377,0.82696,0.81348,0.79338,0.77459,0.75692,0.74053,0.72426,0.71076,0.68823,0.67289,0.65903,0.64867,0.6333,0.61915,0.60055,0.58247,0.56807,0.55581,0.5359,0.51274,0.50769,0.50023,0.48795,0.48097,0.47219,0.46458,0.45802,0.45284,0.44179,0.43643,0.43286,0.4286,0.42243,0.41519,0.41092,0.40587,0.40373,0.40033,0.41125,0.40706,0.41108,0.41232,0.40943,0.4044,0.36203,-0.40768,-0.37164,0.77755,0.72493
0.76594,0.75848,0.75351,0.74436,0.73107,0.72696,0.71618,0.70043,0.69458,0.67726,0.66614,0.65647,0.65092,0.64472,0.63546,0.62716,0.60833,0.58574,0.56548,0.55862,0.54892,0.535,0.52739,0.52312,0.51862,0.51687,0.51876,0.53206,0.54602,0.57175,0.57813,0.59357,0.61206,0.63259,0.65464,0.67544,0.69803,0.71851,0.75533,0.79113,0.81094,0.82798,0.85268,0.86629,0.88162,0.90784,0.92837,0.93824,0.94974,0.97234,0.99035,1,0.99112,0.98354,0.9751,0.95793,0.94282,0.90858,0.87956,0.85417,0.84693,0.83318,0.81296,0.79435,0.77711,0.76025,0.74329,0.72937,0.7069,0.69224,0.67911,0.66854,0.6527,0.63813,0.61912,0.60018,0.58512,0.57267,0.55223,0.52878,0.52427,0.51716,0.50703,0.49978,0.49031,0.48258,0.47549,0.47006,0.45864,0.452,0.44868,0.44514,0.43923,0.43145,0.42518,0.41919,0.41606,0.41217,0.42074,0.41512,0.42131,0.42202,0.4193,0.41443,0.37238,-0.40186,-0.36607,0.76635,0.73702
0.75456,0.74658,0.74142,0.73175,0.71821,0.71402,0.70304,0.68726,0.68131,0.66354,0.65214,0.64224,0.63659,0.63021,0.62047,0.61177,0.59176,0.56881,0.54795,0.54074,0.53093,0.51669,0.50899,0.50461,0.49984,0.49789,0.49957,0.51293,0.52659,0.55242,0.55863,0.5732,0.59225,0.61309,0.63492,0.65539,0.67873,0.6996,0.73775,0.7737,0.79339,0.81023,0.83608,0.84988,0.86575,0.89203,0.91159,0.92108,0.93186,0.95357,0.97345,0.99112,1,0.99755,0.99172,0.97681,0.96258,0.92834,0.89942,0.87544,0.86827,0.85486,0.8349,0.81576,0.79843,0.78163,0.76469,0.75096,0.72849,0.71307,0.69967,0.68857,0.6726,0.65816,0.63927,0.62042,0.60546,0.59288,0.57283,0.54927,0.54421,0.53673,0.52724,0.51936,0.50953,0.50147,0.4936,0.48781,0.47579,0.46928,0.46581,0.46289,0.4575,0.44973,0.44306,0.4358,0.43204,0.42773,0.43421,0.42901,0.43476,0.43551,0.43198,0.427,0.38639,-0.39482,-0.36276,0.75509,0.75133
0.74944,0.74146,0.73625,0.72643,0.71274,0.70852,0.69745,0.68176,0.67577,0.6577,0.64619,0.6361,0.63033,0.62384,0.61383,0.60495,0.58439,0.56134,0.54024,0.53288,0.52303,0.50878,0.50112,0.49657,0.49164,0.48942,0.49098,0.50454,0.51822,0.54418,0.55033,0.56453,0.58376,0.60461,0.62629,0.64648,0.67004,0.69087,0.72902,0.76534,0.78506,0.80192,0.82812,0.84173,0.85757,0.88396,0.90322,0.91259,0.92319,0.94472,0.9648,0.98354,0.99755,1,0.99757,0.98536,0.97178,0.93766,0.90856,0.88445,0.87714,0.86401,0.84422,0.82475,0.80736,0.79071,0.77404,0.76036,0.73784,0.72191,0.70822,0.69713,0.68123,0.66712,0.64828,0.62939,0.61428,0.60123,0.581,0.55725,0.55205,0.54443,0.53469,0.52671,0.51695,0.50878,0.50059,0.49469,0.48261,0.47635,0.47265,0.4697,0.46411,0.4562,0.44968,0.44164,0.43737,0.43204,0.4382,0.43342,0.43927,0.43997,0.43565,0.43057,0.39063,-0.39174,-0.36121,0.75002,0.75669
0.74517,0.73722,0.732,0.72205,0.70811,0.70385,0.69271,0.67713,0.67113,0.65283,0.64124,0.63094,0.62503,0.61843,0.6081,0.59905,0.57798,0.55503,0.53391,0.52646,0.51648,0.50221,0.49458,0.48987,0.48487,0.4824,0.48352,0.49738,0.51105,0.53721,0.54327,0.55711,0.57658,0.59738,0.61882,0.63913,0.66285,0.68354,0.72134,0.75822,0.77781,0.79449,0.82086,0.83439,0.8504,0.87683,0.89569,0.90497,0.91525,0.93604,0.95597,0.9751,0.99172,0.99757,1,0.9928,0.98041,0.94649,0.91708,0.89271,0.88527,0.8722,0.85264,0.8332,0.81581,0.79931,0.78283,0.76942,0.74692,0.73029,0.71608,0.70495,0.689,0.67522,0.65654,0.6376,0.62221,0.60907,0.5885,0.56478,0.55968,0.55211,0.54235,0.53435,0.52442,0.51635,0.50777,0.50163,0.48942,0.4829,0.47889,0.47576,0.46998,0.46216,0.45585,0.447,0.44232,0.43602,0.44205,0.43745,0.44415,0.44481,0.43938,0.4342,0.39404,-0.38997,-0.35869,0.74578,0.76169
0.7342,0.72617,0.72094,0.71075,0.69628,0.6919,0.68052,0.66474,0.65873,0.64017,0.6284,0.61782,0.61172,0.60503,0.59435,0.58523,0.56349,0.5404,0.51933,0.5117,0.50142,0.487,0.47926,0.47394,0.46906,0.46669,0.46748,0.48165,0.49498,0.52146,0.52756,0.54115,0.56041,0.58142,0.60277,0.6238,0.6473,0.6673,0.7042,0.74244,0.76176,0.7785,0.80539,0.81908,0.83536,0.86108,0.87944,0.88886,0.89903,0.91875,0.9383,0.95793,0.97681,0.98536,0.9928,1,0.99391,0.96222,0.9321,0.90743,0.89984,0.88678,0.86792,0.84979,0.83304,0.81685,0.80036,0.78702,0.76458,0.74698,0.73154,0.71979,0.70361,0.69025,0.67266,0.65431,0.63887,0.62571,0.60463,0.58106,0.57632,0.56875,0.55845,0.54999,0.54063,0.53214,0.52274,0.51617,0.50359,0.49468,0.4904,0.48696,0.48102,0.47254,0.46593,0.45531,0.4513,0.44403,0.44964,0.4448,0.45219,0.45248,0.44578,0.44031,0.39966,-0.383,-0.35006,0.73494,0.76941
0.72364,0.71554,0.7103,0.70005,0.68537,0.68091,0.66922,0.65302,0.64692,0.62798,0.616,0.60527,0.59908,0.59241,0.58165,0.57233,0.54995,0.52666,0.50548,0.49765,0.48706,0.47205,0.46425,0.45865,0.45417,0.45185,0.45232,0.46582,0.47878,0.50556,0.51172,0.52528,0.54433,0.56539,0.58719,0.60884,0.63229,0.65213,0.68868,0.72736,0.74671,0.76373,0.79047,0.8041,0.82041,0.8461,0.86414,0.87354,0.88356,0.90315,0.92281,0.94282,0.96258,0.97178,0.98041,0.99391,1,0.97599,0.94508,0.9201,0.91245,0.89918,0.87973,0.86245,0.84585,0.82982,0.81301,0.79982,0.77722,0.75923,0.74337,0.73052,0.71361,0.70098,0.68468,0.66693,0.65146,0.63807,0.61652,0.59272,0.58805,0.58037,0.56891,0.56039,0.55204,0.54343,0.53399,0.52722,0.5141,0.50459,0.50033,0.49647,0.48986,0.48062,0.47396,0.46269,0.45802,0.45046,0.45532,0.45018,0.45807,0.45931,0.45266,0.44732,0.40538,-0.37594,-0.34452,0.72447,0.77537
0.69373,0.68563,0.68042,0.67036,0.65543,0.65097,0.63901,0.62208,0.61585,0.59641,0.58373,0.57235,0.56591,0.55912,0.54796,0.5381,0.51413,0.48884,0.46627,0.45825,0.4472,0.43027,0.42187,0.41587,0.41148,0.40914,0.40964,0.42354,0.43781,0.46552,0.47146,0.48471,0.50292,0.52453,0.54623,0.5695,0.59465,0.61521,0.6535,0.69547,0.71522,0.73244,0.75753,0.77059,0.78592,0.81234,0.82941,0.83772,0.84751,0.86836,0.88872,0.90858,0.92834,0.93766,0.94649,0.96222,0.97599,1,0.97871,0.95204,0.94457,0.93122,0.91049,0.89328,0.87693,0.85996,0.84272,0.82944,0.80657,0.78831,0.77226,0.75847,0.7422,0.7305,0.71453,0.69718,0.68126,0.66678,0.64365,0.61953,0.61518,0.60719,0.59179,0.5814,0.57285,0.56373,0.55353,0.54644,0.53196,0.52141,0.517,0.51351,0.50565,0.4961,0.48959,0.4775,0.47319,0.46775,0.47131,0.46647,0.47649,0.47855,0.47084,0.46591,0.42584,-0.35894,-0.33008,0.69497,0.7901
0.67119,0.66314,0.65769,0.64752,0.63302,0.62871,0.6168,0.59995,0.5937,0.57365,0.56087,0.5493,0.54266,0.53582,0.52422,0.51399,0.48771,0.46122,0.43791,0.42965,0.4182,0.40038,0.39154,0.385,0.38024,0.37763,0.37675,0.39093,0.40558,0.43252,0.43823,0.45119,0.47015,0.49189,0.51315,0.53642,0.56228,0.58346,0.62181,0.66243,0.6822,0.69894,0.72262,0.73478,0.75052,0.77943,0.79831,0.80665,0.81665,0.83893,0.85976,0.87956,0.89942,0.90856,0.91708,0.9321,0.94508,0.97871,1,0.98319,0.97576,0.96116,0.93873,0.92043,0.90312,0.88658,0.87058,0.85792,0.83594,0.81845,0.80225,0.78889,0.77237,0.76037,0.74363,0.72642,0.71156,0.69773,0.67422,0.64856,0.64327,0.635,0.61752,0.6047,0.59509,0.58479,0.57374,0.56627,0.55137,0.54003,0.53502,0.53014,0.52079,0.51048,0.50342,0.48845,0.48334,0.47889,0.48092,0.47573,0.48842,0.48897,0.48002,0.47564,0.43773,-0.34414,-0.31957,0.6727,0.8048
0.64988,0.64197,0.63656,0.62621,0.61165,0.60724,0.59536,0.57843,0.57205,0.55238,0.53985,0.5282,0.52126,0.5143,0.50275,0.49269,0.46524,0.43858,0.41455,0.40637,0.39487,0.37687,0.36697,0.36041,0.35517,0.3533,0.35247,0.36631,0.38085,0.40905,0.4147,0.42762,0.44643,0.46722,0.48761,0.51085,0.53591,0.55732,0.59759,0.63691,0.65532,0.67076,0.69435,0.70621,0.72179,0.75177,0.77213,0.78075,0.79047,0.81248,0.83377,0.85417,0.87544,0.88445,0.89271,0.90743,0.9201,0.95204,0.98319,1,0.99755,0.98549,0.96296,0.94365,0.92507,0.90811,0.89253,0.87995,0.85579,0.83621,0.81894,0.80645,0.79044,0.77679,0.76011,0.7432,0.72854,0.71497,0.69142,0.66495,0.65835,0.64986,0.63086,0.61767,0.60712,0.59588,0.58422,0.5767,0.56189,0.55023,0.54527,0.53929,0.52993,0.5199,0.51297,0.49837,0.49467,0.49017,0.49184,0.48567,0.50123,0.50204,0.49274,0.48878,0.45684,-0.32899,-0.31164,0.65159,0.81451
0.6456,0.63772,0.63244,0.6222,0.60772,0.60326,0.5915,0.57452,0.5681,0.54844,0.53604,0.52447,0.51754,0.51057,0.499,0.48907,0.46153,0.43451,0.41041,0.40212,0.39046,0.37231,0.36226,0.35577,0.3502,0.34863,0.3481,0.36141,0.37572,0.40406,0.40976,0.42292,0.44203,0.46281,0.48305,0.50629,0.53105,0.55211,0.59275,0.63207,0.65027,0.66538,0.68892,0.70049,0.71602,0.7457,0.76635,0.77483,0.78437,0.80604,0.82696,0.84693,0.86827,0.87714,0.88527,0.89984,0.91245,0.94457,0.97576,0.99755,1,0.99255,0.97039,0.95052,0.93158,0.91442,0.89872,0.886,0.86069,0.84082,0.82389,0.81164,0.79566,0.78175,0.76535,0.74853,0.73386,0.72052,0.69717,0.67076,0.66378,0.65521,0.63609,0.62266,0.61223,0.60086,0.58914,0.58155,0.56685,0.55519,0.55058,0.54404,0.53484,0.52498,0.51826,0.50389,0.50065,0.49608,0.49807,0.49196,0.50777,0.50847,0.49955,0.49525,0.46318,-0.32478,-0.30857,0.64735,0.81682
0.63334,0.62557,0.62048,0.61035,0.59604,0.59149,0.57983,0.56274,0.55635,0.53646,0.52395,0.51242,0.50547,0.49842,0.48675,0.47681,0.44914,0.42144,0.39724,0.38898,0.377,0.35888,0.34928,0.34243,0.33622,0.33428,0.33381,0.34674,0.36116,0.39002,0.39568,0.40886,0.42865,0.45042,0.47119,0.49451,0.51912,0.53969,0.58048,0.61982,0.63813,0.65286,0.67642,0.68806,0.70377,0.73344,0.7539,0.76188,0.77123,0.79275,0.81348,0.83318,0.85486,0.86401,0.8722,0.88678,0.89918,0.93122,0.96116,0.98549,0.99255,1,0.986,0.96583,0.94581,0.92715,0.91068,0.89744,0.8712,0.85225,0.83537,0.82276,0.8071,0.79334,0.77741,0.7606,0.74591,0.73216,0.70877,0.68242,0.67479,0.66626,0.647,0.63314,0.622,0.61004,0.59874,0.59108,0.57672,0.56444,0.56015,0.55272,0.54364,0.53421,0.52888,0.5159,0.51293,0.50898,0.51001,0.50378,0.51706,0.51673,0.50743,0.50231,0.4683,-0.31547,-0.29951,0.63517,0.8196
0.61542,0.6078,0.60289,0.59284,0.57823,0.57376,0.56224,0.54496,0.53863,0.51843,0.50599,0.49428,0.48709,0.47986,0.46802,0.45795,0.42971,0.40109,0.37652,0.36794,0.35518,0.33661,0.32773,0.32219,0.31594,0.31341,0.31192,0.32315,0.33686,0.36638,0.37198,0.38555,0.40579,0.42851,0.45001,0.47342,0.49788,0.51731,0.55656,0.59644,0.61495,0.62948,0.65431,0.66724,0.68384,0.71297,0.73284,0.74068,0.75021,0.77282,0.79338,0.81296,0.8349,0.84422,0.85264,0.86792,0.87973,0.91049,0.93873,0.96296,0.97039,0.986,1,0.9879,0.96815,0.94857,0.93189,0.9186,0.8942,0.87573,0.85736,0.84361,0.82926,0.81605,0.80093,0.78462,0.76988,0.7544,0.73038,0.70338,0.69552,0.68689,0.66677,0.65299,0.64097,0.62866,0.61819,0.61091,0.59748,0.58337,0.57918,0.57135,0.56221,0.55278,0.54848,0.53467,0.52989,0.52508,0.5238,0.51722,0.52853,0.52671,0.51843,0.5121,0.47663,-0.30425,-0.28796,0.6174,0.82632
0.59782,0.59046,0.58543,0.57533,0.56026,0.55576,0.54419,0.52715,0.52078,0.50062,0.48827,0.47638,0.4691,0.46185,0.44992,0.43984,0.4114,0.38253,0.35789,0.34916,0.33659,0.31776,0.30895,0.30374,0.29722,0.29436,0.29286,0.30306,0.31599,0.34578,0.35115,0.36405,0.38367,0.4056,0.427,0.45055,0.47459,0.49387,0.53113,0.57239,0.59187,0.60662,0.63118,0.64462,0.66153,0.69026,0.71069,0.71931,0.72981,0.75375,0.77459,0.79435,0.81576,0.82475,0.8332,0.84979,0.86245,0.89328,0.92043,0.94365,0.95052,0.96583,0.9879,1,0.98949,0.97133,0.95511,0.9417,0.91803,0.89792,0.87764,0.86234,0.84778,0.83557,0.82108,0.80462,0.78983,0.77548,0.75202,0.72508,0.71683,0.70848,0.68882,0.67483,0.66214,0.64971,0.63982,0.63284,0.61945,0.60415,0.59919,0.58995,0.57927,0.56866,0.56428,0.54704,0.53976,0.53266,0.52906,0.5218,0.53342,0.53022,0.5233,0.51685,0.48443,-0.29672,-0.27861,0.5999,0.8277
0.58383,0.57649,0.57146,0.56164,0.54662,0.54211,0.53064,0.51396,0.5077,0.48776,0.47553,0.46367,0.45648,0.44928,0.43748,0.4275,0.39886,0.36979,0.34503,0.33643,0.32399,0.30515,0.29666,0.2915,0.28525,0.28293,0.28169,0.29132,0.30211,0.33075,0.33608,0.34918,0.36877,0.38937,0.41114,0.43497,0.45803,0.47631,0.51282,0.55397,0.57328,0.58799,0.61179,0.62565,0.64281,0.67123,0.69244,0.70101,0.71169,0.73639,0.75692,0.77711,0.79843,0.80736,0.81581,0.83304,0.84585,0.87693,0.90312,0.92507,0.93158,0.94581,0.96815,0.98949,1,0.99044,0.97544,0.96137,0.93651,0.91552,0.89466,0.87862,0.86375,0.85173,0.83726,0.82038,0.80584,0.79186,0.76769,0.74112,0.7333,0.72544,0.7061,0.69157,0.67891,0.66662,0.65677,0.64966,0.63594,0.62085,0.61496,0.60453,0.59293,0.58077,0.57547,0.55579,0.54776,0.53982,0.53517,0.5275,0.53874,0.53453,0.52774,0.52073,0.48753,-0.28965,-0.26625,0.58601,0.82841
0.5698,0.56242,0.55729,0.54764,0.53274,0.52823,0.51684,0.50013,0.49405,0.4744,0.46228,0.45052,0.44338,0.43617,0.42446,0.41459,0.38599,0.3564,0.33177,0.32309,0.31096,0.29205,0.2836,0.27806,0.27186,0.26885,0.26708,0.2771,0.28676,0.31484,0.32031,0.33353,0.35288,0.37263,0.39458,0.41825,0.44133,0.45969,0.49567,0.5365,0.5553,0.56955,0.593,0.6075,0.62507,0.65365,0.67523,0.68363,0.69471,0.72027,0.74053,0.76025,0.78163,0.79071,0.79931,0.81685,0.82982,0.85996,0.88658,0.90811,0.91442,0.92715,0.94857,0.97133,0.99044,1,0.99202,0.97843,0.9535,0.93183,0.91158,0.8955,0.88051,0.86818,0.85381,0.83739,0.82338,0.80964,0.78492,0.75923,0.75171,0.74406,0.72475,0.71027,0.69842,0.68621,0.67649,0.66923,0.6551,0.64113,0.63414,0.62331,0.6114,0.59848,0.59291,0.57087,0.56134,0.55277,0.54697,0.53989,0.55072,0.54577,0.53893,0.53212,0.49945,-0.28539,-0.26249,0.57206,0.83114
0.55342,0.54593,0.54066,0.53092,0.51606,0.51162,0.50028,0.48368,0.47766,0.45797,0.44591,0.43418,0.427,0.41968,0.40782,0.39778,0.36892,0.33912,0.31483,0.30634,0.29406,0.2748,0.26602,0.2598,0.2538,0.25025,0.24784,0.25845,0.26829,0.29598,0.30158,0.31442,0.33401,0.35299,0.37483,0.39819,0.42112,0.43944,0.4761,0.51634,0.53534,0.55005,0.57444,0.58884,0.6068,0.63545,0.65785,0.66644,0.67814,0.70434,0.72426,0.74329,0.76469,0.77404,0.78283,0.80036,0.81301,0.84272,0.87058,0.89253,0.89872,0.91068,0.93189,0.95511,0.97544,0.99202,1,0.99292,0.96865,0.94596,0.92585,0.90937,0.89492,0.88244,0.86878,0.85358,0.83983,0.82588,0.80112,0.77561,0.76847,0.76111,0.74227,0.72821,0.71649,0.70392,0.69454,0.68726,0.67337,0.6579,0.64981,0.63834,0.62563,0.61185,0.60563,0.58213,0.57151,0.56006,0.55269,0.5447,0.55301,0.54769,0.54111,0.53454,0.5059,-0.27874,-0.25764,0.55574,0.8309
0.53906,0.53139,0.52596,0.5162,0.50143,0.49698,0.48545,0.46904,0.4631,0.44351,0.43162,0.41984,0.41261,0.40524,0.39321,0.38321,0.35377,0.32364,0.29945,0.29102,0.27841,0.25876,0.24983,0.24373,0.23808,0.23445,0.23131,0.24214,0.25235,0.28023,0.28599,0.29858,0.31768,0.33566,0.35714,0.38049,0.40303,0.42122,0.45856,0.49816,0.51797,0.53387,0.55931,0.5738,0.59169,0.62115,0.64397,0.65247,0.66438,0.69097,0.71076,0.72937,0.75096,0.76036,0.76942,0.78702,0.79982,0.82944,0.85792,0.87995,0.886,0.89744,0.9186,0.9417,0.96137,0.97843,0.99292,1,0.98221,0.9584,0.93801,0.92126,0.90674,0.89371,0.87986,0.86466,0.85069,0.83654,0.81183,0.78616,0.77946,0.77215,0.75302,0.73876,0.72669,0.71457,0.70523,0.69778,0.68378,0.66672,0.6581,0.64565,0.6326,0.61825,0.61119,0.58773,0.57658,0.56296,0.55351,0.54398,0.54947,0.5438,0.53766,0.53117,0.50586,-0.26943,-0.24983,0.54142,0.82815
0.51426,0.50651,0.50099,0.4914,0.47675,0.47227,0.46086,0.44411,0.43816,0.419,0.40744,0.39584,0.38866,0.38135,0.36946,0.35954,0.33001,0.2992,0.27493,0.26621,0.25326,0.23425,0.22582,0.22037,0.2147,0.21042,0.20689,0.21746,0.22936,0.25717,0.26281,0.27462,0.29181,0.30844,0.32903,0.35159,0.37331,0.39191,0.42994,0.46945,0.48947,0.5051,0.53168,0.54685,0.56585,0.59694,0.61968,0.62824,0.64073,0.66816,0.68823,0.7069,0.72849,0.73784,0.74692,0.76458,0.77722,0.80657,0.83594,0.85579,0.86069,0.8712,0.8942,0.91803,0.93651,0.9535,0.96865,0.98221,1,0.98379,0.96084,0.94212,0.92647,0.91154,0.89632,0.88006,0.86565,0.85055,0.8257,0.79984,0.79291,0.78475,0.76539,0.75061,0.7388,0.72771,0.71905,0.71152,0.69676,0.67802,0.66853,0.65568,0.64234,0.62777,0.61995,0.59674,0.58508,0.5716,0.5611,0.5507,0.55543,0.54911,0.5443,0.53782,0.51452,-0.24839,-0.231,0.51664,0.82251
0.50133,0.49383,0.48853,0.47979,0.46624,0.46195,0.45095,0.43432,0.42866,0.40971,0.39829,0.38697,0.37993,0.37288,0.3613,0.35093,0.32061,0.29011,0.26562,0.25708,0.24331,0.22346,0.21522,0.21018,0.20454,0.19992,0.19648,0.20621,0.21837,0.24489,0.25031,0.26194,0.27955,0.29576,0.31613,0.33864,0.35994,0.37876,0.41605,0.45438,0.47421,0.48958,0.51473,0.52896,0.5483,0.58057,0.60363,0.61224,0.62424,0.65227,0.67289,0.69224,0.71307,0.72191,0.73029,0.74698,0.75923,0.78831,0.81845,0.83621,0.84082,0.85225,0.87573,0.89792,0.91552,0.93183,0.94596,0.9584,0.98379,1,0.98583,0.96592,0.94827,0.93269,0.91806,0.90232,0.88738,0.87152,0.84558,0.81975,0.81302,0.80433,0.7837,0.76983,0.75981,0.74994,0.7416,0.73418,0.71845,0.69859,0.68904,0.67683,0.66443,0.65062,0.64071,0.61666,0.60108,0.58559,0.57477,0.56371,0.56923,0.56356,0.55958,0.55297,0.52883,-0.23377,-0.22114,0.50373,0.82397
0.49095,0.48388,0.4788,0.47043,0.45755,0.45337,0.44275,0.42629,0.42076,0.40216,0.39086,0.37973,0.37272,0.36578,0.35475,0.34429,0.31365,0.28279,0.25849,0.24985,0.23553,0.21502,0.20653,0.20162,0.19583,0.19107,0.18783,0.19771,0.20944,0.23523,0.24038,0.25144,0.26991,0.28668,0.30746,0.3285,0.34918,0.36739,0.40471,0.44157,0.46132,0.47652,0.50121,0.51553,0.53541,0.56834,0.5918,0.60052,0.61196,0.63859,0.65903,0.67911,0.69967,0.70822,0.71608,0.73154,0.74337,0.77226,0.80225,0.81894,0.82389,0.83537,0.85736,0.87764,0.89466,0.91158,0.92585,0.93801,0.96084,0.98583,1,0.98794,0.9701,0.9535,0.93838,0.92283,0.90814,0.8926,0.86721,0.84186,0.83463,0.82547,0.80373,0.79017,0.78011,0.7711,0.76295,0.75581,0.74021,0.71875,0.70856,0.69635,0.68308,0.6693,0.65785,0.63421,0.61644,0.59923,0.58857,0.57646,0.58542,0.58046,0.57772,0.57107,0.54814,-0.2289,-0.2197,0.49343,0.82935
0.48356,0.47673,0.47181,0.46388,0.45128,0.44709,0.43658,0.42043,0.41493,0.39648,0.38534,0.37473,0.36797,0.36129,0.35064,0.34015,0.30962,0.27852,0.25423,0.24584,0.23188,0.21159,0.20379,0.19939,0.19367,0.18874,0.18545,0.19539,0.20577,0.23194,0.23712,0.24744,0.26674,0.28369,0.30387,0.32418,0.34574,0.3644,0.40107,0.4362,0.45552,0.47024,0.49474,0.50882,0.5279,0.56113,0.58441,0.59295,0.60371,0.62852,0.64867,0.66854,0.68857,0.69713,0.70495,0.71979,0.73052,0.75847,0.78889,0.80645,0.81164,0.82276,0.84361,0.86234,0.87862,0.8955,0.90937,0.92126,0.94212,0.96592,0.98794,1,0.98931,0.97223,0.95645,0.93995,0.92478,0.90916,0.88493,0.85942,0.85185,0.84275,0.82054,0.80572,0.79463,0.78518,0.77695,0.77001,0.75508,0.73472,0.72428,0.712,0.69865,0.68496,0.67238,0.64932,0.63064,0.61279,0.60138,0.58912,0.60061,0.59529,0.59177,0.58461,0.56227,-0.23114,-0.21834,0.48613,0.83072
0.46642,0.45922,0.45439,0.44668,0.43405,0.42983,0.41941,0.40351,0.39794,0.37933,0.36785,0.35735,0.35071,0.34414,0.33342,0.32298,0.29326,0.2623,0.2376,0.22895,0.21482,0.1949,0.18746,0.18336,0.17723,0.17234,0.16918,0.17981,0.18983,0.21648,0.22228,0.2336,0.2533,0.27036,0.2907,0.31107,0.3331,0.3515,0.38745,0.42293,0.44238,0.45656,0.4815,0.49575,0.5142,0.54772,0.57127,0.57934,0.58961,0.61349,0.6333,0.6527,0.6726,0.68123,0.689,0.70361,0.71361,0.7422,0.77237,0.79044,0.79566,0.8071,0.82926,0.84778,0.86375,0.88051,0.89492,0.90674,0.92647,0.94827,0.9701,0.98931,1,0.99014,0.97437,0.95771,0.94191,0.92661,0.90215,0.87442,0.86532,0.85616,0.83427,0.82023,0.80885,0.79796,0.78979,0.78294,0.76847,0.75043,0.74016,0.72835,0.7155,0.70231,0.68969,0.66581,0.64642,0.62793,0.61469,0.60157,0.61074,0.60568,0.60241,0.59504,0.57432,-0.2232,-0.20802,0.46898,0.82676
0.46216,0.45479,0.44995,0.44252,0.43034,0.42628,0.41611,0.40085,0.39547,0.3768,0.36542,0.35486,0.34819,0.34159,0.33062,0.32011,0.29058,0.26056,0.23564,0.22704,0.21327,0.19368,0.18658,0.18175,0.17528,0.16998,0.16658,0.1783,0.18805,0.21364,0.21933,0.23079,0.25096,0.26784,0.28764,0.30767,0.32954,0.34706,0.3807,0.41404,0.43343,0.44756,0.47129,0.4853,0.50334,0.53623,0.55889,0.56699,0.57696,0.60007,0.61915,0.63813,0.65816,0.66712,0.67522,0.69025,0.70098,0.7305,0.76037,0.77679,0.78175,0.79334,0.81605,0.83557,0.85173,0.86818,0.88244,0.89371,0.91154,0.93269,0.9535,0.97223,0.99014,1,0.99082,0.97551,0.9596,0.94383,0.91908,0.89083,0.88117,0.87186,0.85046,0.8378,0.82626,0.816,0.80863,0.80168,0.78722,0.77081,0.76112,0.7504,0.73832,0.72501,0.7128,0.68766,0.66785,0.6482,0.63369,0.61976,0.62755,0.62238,0.61735,0.61005,0.58953,-0.21949,-0.19945,0.4647,0.82696
0.44857,0.44092,0.43655,0.42925,0.41746,0.4134,0.40334,0.38798,0.38257,0.3635,0.35216,0.34183,0.33515,0.32856,0.3179,0.30804,0.27929,0.25,0.2258,0.21742,0.20358,0.18455,0.1773,0.17199,0.16518,0.15949,0.15564,0.16668,0.17655,0.20186,0.20758,0.21889,0.23903,0.25649,0.27674,0.29673,0.31755,0.33356,0.36676,0.39987,0.41934,0.43373,0.4567,0.46959,0.48648,0.5186,0.54114,0.54917,0.55913,0.58213,0.60055,0.61912,0.63927,0.64828,0.65654,0.67266,0.68468,0.71453,0.74363,0.76011,0.76535,0.77741,0.80093,0.82108,0.83726,0.85381,0.86878,0.87986,0.89632,0.91806,0.93838,0.95645,0.97437,0.99082,1,0.99185,0.97741,0.96105,0.93491,0.90677,0.89675,0.88712,0.86565,0.85331,0.8417,0.8317,0.82445,0.81744,0.8031,0.78554,0.77628,0.76625,0.75423,0.74088,0.72896,0.70302,0.6829,0.66143,0.64514,0.63102,0.63983,0.6343,0.62752,0.62023,0.59853,-0.20131,-0.18585,0.45102,0.8221
0.43366,0.42615,0.422,0.41495,0.40338,0.39944,0.38958,0.37488,0.36967,0.35094,0.33971,0.3295,0.32298,0.31655,0.30584,0.29587,0.26715,0.23829,0.21452,0.20632,0.19265,0.17389,0.16656,0.16069,0.1528,0.14684,0.14268,0.15288,0.16325,0.18828,0.19388,0.20481,0.22485,0.24214,0.26203,0.28246,0.30358,0.31957,0.35258,0.3858,0.40547,0.42009,0.44294,0.45479,0.47089,0.50188,0.52388,0.53143,0.54128,0.5645,0.58247,0.60018,0.62042,0.62939,0.6376,0.65431,0.66693,0.69718,0.72642,0.7432,0.74853,0.7606,0.78462,0.80462,0.82038,0.83739,0.85358,0.86466,0.88006,0.90232,0.92283,0.93995,0.95771,0.97551,0.99185,1,0.99258,0.97782,0.95078,0.92332,0.91305,0.90344,0.88163,0.86819,0.85589,0.84511,0.83746,0.8303,0.81607,0.79916,0.78985,0.77951,0.76737,0.75428,0.74273,0.71617,0.69562,0.67197,0.65426,0.63945,0.6471,0.6412,0.63407,0.62686,0.604,-0.19158,-0.17806,0.43604,0.81755
0.42672,0.41959,0.41561,0.40892,0.39803,0.39428,0.38482,0.37085,0.36587,0.34749,0.33652,0.32663,0.32028,0.31405,0.30362,0.29362,0.26492,0.23592,0.21205,0.20395,0.1904,0.17174,0.16466,0.15843,0.15028,0.14413,0.13975,0.1492,0.15875,0.18291,0.18799,0.19816,0.21733,0.23442,0.25398,0.27455,0.29561,0.31168,0.34408,0.37592,0.3955,0.41026,0.43288,0.44407,0.45943,0.48901,0.51003,0.51722,0.52698,0.55005,0.56807,0.58512,0.60546,0.61428,0.62221,0.63887,0.65146,0.68126,0.71156,0.72854,0.73386,0.74591,0.76988,0.78983,0.80584,0.82338,0.83983,0.85069,0.86565,0.88738,0.90814,0.92478,0.94191,0.9596,0.97741,0.99258,1,0.99196,0.96683,0.94064,0.93052,0.92065,0.89865,0.88379,0.8701,0.85839,0.85039,0.84326,0.82925,0.81177,0.80236,0.79175,0.77976,0.76711,0.75528,0.72785,0.70761,0.68476,0.66631,0.6511,0.66026,0.65433,0.64801,0.64088,0.61667,-0.18691,-0.17741,0.42911,0.8166
0.41925,0.41282,0.40908,0.40265,0.39163,0.38804,0.3784,0.36426,0.35931,0.3409,0.32983,0.31978,0.31339,0.30704,0.29641,0.28589,0.25674,0.22729,0.20425,0.19622,0.1829,0.16419,0.15715,0.15058,0.14163,0.13656,0.13246,0.14186,0.15052,0.17397,0.17869,0.18856,0.20759,0.22568,0.24528,0.26607,0.28774,0.30473,0.3366,0.36797,0.38769,0.40228,0.42413,0.4344,0.44878,0.47653,0.4974,0.50437,0.51438,0.53797,0.55581,0.57267,0.59288,0.60123,0.60907,0.62571,0.63807,0.66678,0.69773,0.71497,0.72052,0.73216,0.7544,0.77548,0.79186,0.80964,0.82588,0.83654,0.85055,0.87152,0.8926,0.90916,0.92661,0.94383,0.96105,0.97782,0.99196,1,0.98328,0.95833,0.94801,0.93787,0.91643,0.90022,0.88523,0.87262,0.86486,0.85744,0.84262,0.82505,0.81533,0.80473,0.79299,0.78008,0.76736,0.73785,0.71708,0.69458,0.6747,0.65929,0.67186,0.66593,0.65957,0.6524,0.62766,-0.17717,-0.17323,0.42154,0.81277
0.41326,0.40732,0.40369,0.3976,0.38748,0.38414,0.37513,0.36205,0.35752,0.3396,0.32896,0.31926,0.31305,0.30694,0.29686,0.28654,0.25748,0.22868,0.20645,0.1989,0.1862,0.1669,0.15936,0.15243,0.14255,0.13743,0.13294,0.14041,0.14849,0.17169,0.17583,0.18452,0.20061,0.21733,0.23527,0.25507,0.27547,0.29097,0.32365,0.35389,0.37267,0.38616,0.40828,0.41806,0.43173,0.45817,0.479,0.48645,0.49632,0.51876,0.5359,0.55223,0.57283,0.581,0.5885,0.60463,0.61652,0.64365,0.67422,0.69142,0.69717,0.70877,0.73038,0.75202,0.76769,0.78492,0.80112,0.81183,0.8257,0.84558,0.86721,0.88493,0.90215,0.91908,0.93491,0.95078,0.96683,0.98328,1,0.98572,0.975,0.96448,0.9429,0.92628,0.9111,0.89838,0.8904,0.88276,0.86729,0.84878,0.83797,0.82681,0.81522,0.80277,0.78994,0.76003,0.73819,0.71618,0.69426,0.67876,0.69112,0.68431,0.67649,0.66824,0.6457,-0.16675,-0.16421,0.41557,0.81076
0.40756,0.40221,0.39886,0.39323,0.38396,0.38104,0.37283,0.36086,0.35665,0.33996,0.32994,0.32066,0.31468,0.30892,0.29898,0.28868,0.26061,0.23265,0.21066,0.20336,0.19077,0.17118,0.16397,0.15735,0.14749,0.14187,0.13749,0.14387,0.1512,0.1732,0.17672,0.18356,0.19674,0.2111,0.22745,0.24679,0.26638,0.28031,0.31141,0.34023,0.35863,0.37116,0.39086,0.39919,0.41164,0.43626,0.45658,0.4647,0.47486,0.49643,0.51274,0.52878,0.54927,0.55725,0.56478,0.58106,0.59272,0.61953,0.64856,0.66495,0.67076,0.68242,0.70338,0.72508,0.74112,0.75923,0.77561,0.78616,0.79984,0.81975,0.84186,0.85942,0.87442,0.89083,0.90677,0.92332,0.94064,0.95833,0.98572,1,0.99546,0.98696,0.96535,0.94812,0.9333,0.92079,0.91286,0.9056,0.8905,0.87085,0.85829,0.84549,0.83303,0.81994,0.80673,0.7758,0.75241,0.72922,0.70599,0.68865,0.6982,0.6909,0.68117,0.67162,0.64938,-0.15425,-0.15263,0.40992,0.80391
0.41243,0.40738,0.40422,0.39928,0.39042,0.38768,0.37983,0.3686,0.36473,0.34867,0.3388,0.32958,0.32365,0.318,0.30813,0.29803,0.27015,0.24261,0.2202,0.21338,0.20117,0.18141,0.17519,0.16875,0.15937,0.1542,0.1494,0.15357,0.16024,0.18141,0.18414,0.1898,0.20233,0.21512,0.23119,0.2499,0.26987,0.28323,0.31117,0.33701,0.35472,0.36685,0.38691,0.39555,0.40808,0.43225,0.45176,0.45961,0.46962,0.49134,0.50769,0.52427,0.54421,0.55205,0.55968,0.57632,0.58805,0.61518,0.64327,0.65835,0.66378,0.67479,0.69552,0.71683,0.7333,0.75171,0.76847,0.77946,0.79291,0.81302,0.83463,0.85185,0.86532,0.88117,0.89675,0.91305,0.93052,0.94801,0.975,0.99546,1,0.99599,0.97754,0.96035,0.94527,0.93215,0.92431,0.91686,0.90158,0.88215,0.86932,0.85634,0.84318,0.82966,0.81634,0.78456,0.76046,0.73611,0.71364,0.69545,0.70443,0.69647,0.68567,0.6757,0.65258,-0.15459,-0.15375,0.41487,0.80411
0.40995,0.40527,0.40225,0.39752,0.38914,0.38659,0.37914,0.36841,0.36463,0.34914,0.33951,0.33042,0.32461,0.31907,0.3094,0.29956,0.27186,0.24456,0.22205,0.21528,0.2034,0.1834,0.17668,0.17026,0.16093,0.15553,0.15067,0.15466,0.16084,0.18103,0.18348,0.18869,0.20089,0.213,0.22884,0.24732,0.26701,0.27971,0.30699,0.33196,0.34949,0.36153,0.38148,0.38995,0.40199,0.42612,0.44544,0.45293,0.46276,0.4842,0.50023,0.51716,0.53673,0.54443,0.55211,0.56875,0.58037,0.60719,0.635,0.64986,0.65521,0.66626,0.68689,0.70848,0.72544,0.74406,0.76111,0.77215,0.78475,0.80433,0.82547,0.84275,0.85616,0.87186,0.88712,0.90344,0.92065,0.93787,0.96448,0.98696,0.99599,1,0.98835,0.97225,0.95699,0.9431,0.93498,0.92739,0.9119,0.89232,0.87958,0.86652,0.85289,0.83937,0.82622,0.79392,0.76904,0.74316,0.72017,0.70167,0.71017,0.70212,0.69034,0.68007,0.65741,-0.14933,-0.14634,0.41235,0.80095
0.40748,0.40325,0.40038,0.39597,0.38854,0.38617,0.3793,0.3691,0.3655,0.35072,0.34144,0.33276,0.32727,0.32179,0.3121,0.30259,0.27537,0.24819,0.22575,0.21862,0.20668,0.18727,0.18003,0.17328,0.16336,0.15746,0.15203,0.1563,0.1602,0.17787,0.18005,0.18466,0.19669,0.20886,0.22459,0.2432,0.26263,0.27533,0.30264,0.32597,0.34392,0.35641,0.37586,0.38338,0.39366,0.4159,0.43429,0.44161,0.45119,0.47198,0.48795,0.50703,0.52724,0.53469,0.54235,0.55845,0.56891,0.59179,0.61752,0.63086,0.63609,0.647,0.66677,0.68882,0.7061,0.72475,0.74227,0.75302,0.76539,0.7837,0.80373,0.82054,0.83427,0.85046,0.86565,0.88163,0.89865,0.91643,0.9429,0.96535,0.97754,0.98835,1,0.99101,0.97631,0.9611,0.9533,0.9456,0.93034,0.9116,0.8986,0.88543,0.87126,0.85776,0.84449,0.81003,0.78219,0.75334,0.72877,0.70994,0.71627,0.70741,0.69568,0.68536,0.66391,-0.14895,-0.14798,0.40972,0.79651
0.40305,0.39899,0.39637,0.39209,0.38507,0.38275,0.37597,0.3656,0.36199,0.34702,0.33781,0.32913,0.32362,0.3181,0.30836,0.2989,0.27186,0.24488,0.22295,0.2158,0.20409,0.18498,0.17732,0.17005,0.1592,0.15265,0.14762,0.15227,0.15579,0.17351,0.17593,0.18049,0.19255,0.20494,0.2212,0.23938,0.25856,0.27154,0.29919,0.32255,0.34081,0.35346,0.37204,0.37915,0.38916,0.41121,0.42929,0.43653,0.44587,0.46543,0.48097,0.49978,0.51936,0.52671,0.53435,0.54999,0.56039,0.5814,0.6047,0.61767,0.62266,0.63314,0.65299,0.67483,0.69157,0.71027,0.72821,0.73876,0.75061,0.76983,0.79017,0.80572,0.82023,0.8378,0.85331,0.86819,0.88379,0.90022,0.92628,0.94812,0.96035,0.97225,0.99101,1,0.99194,0.97739,0.96961,0.96184,0.94573,0.92759,0.91403,0.90042,0.88576,0.87193,0.85775,0.82273,0.79381,0.76376,0.73788,0.71889,0.72303,0.71407,0.70312,0.69304,0.67468,-0.14035,-0.14065,0.4052,0.79192
0.39713,0.39343,0.39106,0.38717,0.38054,0.37825,0.37159,0.36112,0.35758,0.34311,0.33405,0.32547,0.32002,0.31465,0.3052,0.29584,0.26806,0.24106,0.21876,0.21139,0.1996,0.18092,0.1726,0.16525,0.15419,0.14737,0.14337,0.14823,0.15168,0.16988,0.17232,0.17734,0.18864,0.20118,0.21793,0.23568,0.25514,0.26827,0.29518,0.31786,0.33602,0.3482,0.36612,0.37249,0.38266,0.40521,0.42241,0.42867,0.43749,0.45693,0.47219,0.49031,0.50953,0.51695,0.52442,0.54063,0.55204,0.57285,0.59509,0.60712,0.61223,0.622,0.64097,0.66214,0.67891,0.69842,0.71649,0.72669,0.7388,0.75981,0.78011,0.79463,0.80885,0.82626,0.8417,0.85589,0.8701,0.88523,0.9111,0.9333,0.94527,0.95699,0.97631,0.99194,1,0.99244,0.98607,0.97906,0.96341,0.9456,0.932,0.91811,0.9034,0.88906,0.87355,0.83793,0.80924,0.77902,0.75201,0.73319,0.735,0.72525,0.71433,0.70371,0.6843,-0.1324,-0.13299,0.39922,0.79068
0.39516,0.39143,0.3891,0.38524,0.37828,0.37592,0.36943,0.35901,0.35537,0.34123,0.3322,0.32359,0.31822,0.3129,0.30349,0.29438,0.26688,0.24036,0.21839,0.21107,0.19944,0.18126,0.17306,0.16592,0.15483,0.14828,0.14465,0.15024,0.15427,0.17207,0.17422,0.1793,0.19108,0.20334,0.21968,0.23641,0.2555,0.26807,0.29426,0.31666,0.33465,0.34637,0.36242,0.36841,0.37851,0.40131,0.41764,0.42332,0.43131,0.44993,0.46458,0.48258,0.50147,0.50878,0.51635,0.53214,0.54343,0.56373,0.58479,0.59588,0.60086,0.61004,0.62866,0.64971,0.66662,0.68621,0.70392,0.71457,0.72771,0.74994,0.7711,0.78518,0.79796,0.816,0.8317,0.84511,0.85839,0.87262,0.89838,0.92079,0.93215,0.9431,0.9611,0.97739,0.99244,1,0.99775,0.99304,0.97911,0.96063,0.9472,0.93278,0.91797,0.90333,0.88748,0.85196,0.82311,0.79327,0.76604,0.74637,0.74605,0.73494,0.72334,0.71214,0.69186,-0.12,-0.1185,0.39718,0.78873
0.39246,0.38886,0.38653,0.38292,0.37625,0.37388,0.36731,0.35716,0.35368,0.34001,0.33119,0.32261,0.31738,0.31217,0.30261,0.29345,0.26615,0.23997,0.21836,0.21091,0.19905,0.18054,0.17264,0.16554,0.15433,0.14772,0.14375,0.14917,0.15397,0.17134,0.17349,0.17867,0.19124,0.20407,0.21972,0.23596,0.25438,0.26723,0.29306,0.31304,0.33065,0.34204,0.35791,0.36377,0.37386,0.39652,0.41196,0.41721,0.42486,0.44326,0.45802,0.47549,0.4936,0.50059,0.50777,0.52274,0.53399,0.55353,0.57374,0.58422,0.58914,0.59874,0.61819,0.63982,0.65677,0.67649,0.69454,0.70523,0.71905,0.7416,0.76295,0.77695,0.78979,0.80863,0.82445,0.83746,0.85039,0.86486,0.8904,0.91286,0.92431,0.93498,0.9533,0.96961,0.98607,0.99775,1,0.99803,0.98661,0.96937,0.95611,0.94137,0.92638,0.91159,0.89565,0.86043,0.83128,0.80166,0.77444,0.75443,0.75192,0.74006,0.72789,0.71644,0.6965,-0.1143,-0.11366,0.39448,0.78642
0.38956,0.38599,0.38373,0.38022,0.37363,0.37132,0.36483,0.35477,0.35132,0.33804,0.32931,0.32092,0.3158,0.31069,0.30123,0.29218,0.26545,0.23972,0.21836,0.21094,0.19916,0.18075,0.173,0.16593,0.15465,0.14828,0.14453,0.1501,0.15477,0.1718,0.17385,0.17902,0.19164,0.20434,0.21935,0.23525,0.25358,0.26647,0.2915,0.31091,0.3283,0.33959,0.35521,0.36078,0.3706,0.39304,0.40799,0.41294,0.42032,0.43841,0.45284,0.47006,0.48781,0.49469,0.50163,0.51617,0.52722,0.54644,0.56627,0.5767,0.58155,0.59108,0.61091,0.63284,0.64966,0.66923,0.68726,0.69778,0.71152,0.73418,0.75581,0.77001,0.78294,0.80168,0.81744,0.8303,0.84326,0.85744,0.88276,0.9056,0.91686,0.92739,0.9456,0.96184,0.97906,0.99304,0.99803,1,0.99286,0.97665,0.96384,0.94912,0.93397,0.91921,0.90331,0.86854,0.83915,0.809,0.78126,0.76093,0.75742,0.74508,0.73264,0.72109,0.70243,-0.10756,-0.10494,0.39156,0.78375
0.38198,0.37851,0.37629,0.37295,0.36664,0.36445,0.35822,0.34837,0.3451,0.33241,0.32389,0.3159,0.31104,0.30603,0.29676,0.28775,0.26152,0.23628,0.21502,0.2078,0.19609,0.17746,0.16974,0.16243,0.1509,0.14508,0.14138,0.1471,0.15194,0.16818,0.16996,0.17428,0.18654,0.19916,0.21314,0.22943,0.24764,0.26022,0.28389,0.30295,0.32053,0.33254,0.34919,0.35403,0.36252,0.38395,0.39864,0.40311,0.41016,0.42767,0.44179,0.45864,0.47579,0.48261,0.48942,0.50359,0.5141,0.53196,0.55137,0.56189,0.56685,0.57672,0.59748,0.61945,0.63594,0.6551,0.67337,0.68378,0.69676,0.71845,0.74021,0.75508,0.76847,0.78722,0.8031,0.81607,0.82925,0.84262,0.86729,0.8905,0.90158,0.9119,0.93034,0.94573,0.96341,0.97911,0.98661,0.99286,1,0.98929,0.97898,0.9651,0.94934,0.93402,0.91776,0.8831,0.85327,0.82263,0.7941,0.77317,0.76758,0.75434,0.74088,0.7288,0.71114,-0.093491,-0.088856,0.38403,0.77681
0.38947,0.38655,0.38452,0.38199,0.37702,0.37495,0.36851,0.35886,0.35589,0.34343,0.33482,0.32681,0.32186,0.31647,0.30726,0.29811,0.27112,0.24501,0.22268,0.21529,0.20403,0.18538,0.17833,0.17007,0.15807,0.15316,0.14901,0.15592,0.16348,0.17727,0.17797,0.18215,0.19694,0.21038,0.22257,0.23575,0.25354,0.26746,0.29035,0.30669,0.3229,0.33331,0.34905,0.35331,0.35998,0.37986,0.39421,0.39825,0.4049,0.42201,0.43643,0.452,0.46928,0.47635,0.4829,0.49468,0.50459,0.52141,0.54003,0.55023,0.55519,0.56444,0.58337,0.60415,0.62085,0.64113,0.6579,0.66672,0.67802,0.69859,0.71875,0.73472,0.75043,0.77081,0.78554,0.79916,0.81177,0.82505,0.84878,0.87085,0.88215,0.89232,0.9116,0.92759,0.9456,0.96063,0.96937,0.97665,0.98929,1,0.99436,0.98266,0.96754,0.95285,0.93687,0.90261,0.87279,0.84406,0.81728,0.79761,0.78694,0.77299,0.75851,0.74604,0.7306,-0.11218,-0.10364,0.39115,0.77412
0.38926,0.38647,0.38479,0.38307,0.37848,0.37636,0.3699,0.36015,0.35713,0.34503,0.33665,0.32877,0.32377,0.31831,0.309,0.29992,0.27293,0.24692,0.22462,0.21721,0.20603,0.18779,0.18145,0.17312,0.16111,0.15641,0.15234,0.15918,0.16692,0.18046,0.18121,0.1847,0.19859,0.21155,0.224,0.23671,0.25492,0.26926,0.29079,0.30598,0.3222,0.33249,0.34722,0.35139,0.35792,0.37684,0.39071,0.39448,0.40119,0.41844,0.43286,0.44868,0.46581,0.47265,0.47889,0.4904,0.50033,0.517,0.53502,0.54527,0.55058,0.56015,0.57918,0.59919,0.61496,0.63414,0.64981,0.6581,0.66853,0.68904,0.70856,0.72428,0.74016,0.76112,0.77628,0.78985,0.80236,0.81533,0.83797,0.85829,0.86932,0.87958,0.8986,0.91403,0.932,0.9472,0.95611,0.96384,0.97898,0.99436,1,0.99473,0.98301,0.97019,0.95486,0.92131,0.89202,0.86394,0.83743,0.81782,0.80629,0.79255,0.77806,0.76551,0.7507,-0.097562,-0.091189,0.39084,0.7744
0.3848,0.38195,0.3805,0.37891,0.37456,0.37253,0.36593,0.3562,0.35317,0.34091,0.33265,0.32502,0.32022,0.31469,0.30542,0.29636,0.27004,0.24479,0.22246,0.21554,0.2047,0.18678,0.18015,0.17162,0.15956,0.15516,0.15175,0.1592,0.16659,0.17952,0.18026,0.18343,0.19702,0.21089,0.22489,0.23798,0.25564,0.26993,0.29134,0.3054,0.32125,0.33061,0.34389,0.34761,0.35418,0.37322,0.38603,0.38947,0.39617,0.4133,0.4286,0.44514,0.46289,0.4697,0.47576,0.48696,0.49647,0.51351,0.53014,0.53929,0.54404,0.55272,0.57135,0.58995,0.60453,0.62331,0.63834,0.64565,0.65568,0.67683,0.69635,0.712,0.72835,0.7504,0.76625,0.77951,0.79175,0.80473,0.82681,0.84549,0.85634,0.86652,0.88543,0.90042,0.91811,0.93278,0.94137,0.94912,0.9651,0.98266,0.99473,1,0.99509,0.98563,0.97213,0.93957,0.91037,0.88257,0.85626,0.83663,0.82378,0.81079,0.79677,0.78458,0.77047,-0.086803,-0.079969,0.38631,0.77471
0.38225,0.37946,0.37838,0.37719,0.37289,0.37089,0.36443,0.35514,0.35218,0.34011,0.33157,0.32368,0.31879,0.31316,0.30363,0.2945,0.26827,0.24344,0.22102,0.21397,0.20292,0.18539,0.17861,0.17029,0.15868,0.15458,0.1518,0.15877,0.16666,0.17966,0.18031,0.18303,0.19539,0.2089,0.22315,0.23715,0.25486,0.26967,0.29227,0.30657,0.32221,0.33075,0.34239,0.34563,0.35148,0.37009,0.38219,0.38506,0.39128,0.40751,0.42243,0.43923,0.4575,0.46411,0.46998,0.48102,0.48986,0.50565,0.52079,0.52993,0.53484,0.54364,0.56221,0.57927,0.59293,0.6114,0.62563,0.6326,0.64234,0.66443,0.68308,0.69865,0.7155,0.73832,0.75423,0.76737,0.77976,0.79299,0.81522,0.83303,0.84318,0.85289,0.87126,0.88576,0.9034,0.91797,0.92638,0.93397,0.94934,0.96754,0.98301,0.99509,1,0.99597,0.9861,0.95619,0.92713,0.89905,0.87302,0.85377,0.8388,0.82704,0.81416,0.80291,0.78926,-0.078694,-0.072725,0.38369,0.7754
0.37578,0.37315,0.37226,0.37127,0.36722,0.36529,0.35914,0.3501,0.34715,0.33524,0.3268,0.31902,0.31411,0.30859,0.29915,0.28989,0.26392,0.23939,0.21759,0.21039,0.19919,0.18214,0.17567,0.16794,0.15683,0.15312,0.15098,0.15763,0.16526,0.17809,0.17892,0.18186,0.19333,0.20606,0.22052,0.23418,0.25207,0.26752,0.2907,0.30451,0.31946,0.32721,0.3394,0.34269,0.34819,0.3661,0.37684,0.37913,0.38501,0.40099,0.41519,0.43145,0.44973,0.4562,0.46216,0.47254,0.48062,0.4961,0.51048,0.5199,0.52498,0.53421,0.55278,0.56866,0.58077,0.59848,0.61185,0.61825,0.62777,0.65062,0.6693,0.68496,0.70231,0.72501,0.74088,0.75428,0.76711,0.78008,0.80277,0.81994,0.82966,0.83937,0.85776,0.87193,0.88906,0.90333,0.91159,0.91921,0.93402,0.95285,0.97019,0.98563,0.99597,1,0.9953,0.97045,0.94213,0.9136,0.88747,0.86863,0.85206,0.84105,0.82864,0.81834,0.80552,-0.068558,-0.062559,0.37726,0.77241
0.37186,0.36934,0.36869,0.36723,0.36284,0.36085,0.35501,0.34552,0.34234,0.33035,0.32186,0.31431,0.30934,0.30402,0.295,0.28566,0.25966,0.23596,0.2153,0.20812,0.19715,0.18065,0.17475,0.16689,0.15717,0.15433,0.15262,0.15822,0.16754,0.18115,0.18202,0.18452,0.19537,0.20712,0.22155,0.23519,0.2522,0.26693,0.29207,0.30484,0.31926,0.32575,0.33679,0.34049,0.34635,0.36426,0.37537,0.37765,0.38333,0.39913,0.41092,0.42518,0.44306,0.44968,0.45585,0.46593,0.47396,0.48959,0.50342,0.51297,0.51826,0.52888,0.54848,0.56428,0.57547,0.59291,0.60563,0.61119,0.61995,0.64071,0.65785,0.67238,0.68969,0.7128,0.72896,0.74273,0.75528,0.76736,0.78994,0.80673,0.81634,0.82622,0.84449,0.85775,0.87355,0.88748,0.89565,0.90331,0.91776,0.93687,0.95486,0.97213,0.9861,0.9953,1,0.98375,0.95753,0.92932,0.90289,0.88449,0.86585,0.85494,0.84219,0.83189,0.81813,-0.060811,-0.05102,0.37382,0.77329
0.36136,0.35896,0.35863,0.35799,0.35468,0.35292,0.3471,0.33755,0.33453,0.32197,0.31279,0.305,0.30005,0.29477,0.28598,0.2768,0.25233,0.23037,0.21118,0.20413,0.19303,0.17696,0.17199,0.1642,0.1548,0.1523,0.15211,0.15796,0.16734,0.18249,0.18352,0.18618,0.197,0.20813,0.22317,0.23613,0.25241,0.2665,0.29346,0.30498,0.31892,0.32386,0.33343,0.33721,0.34345,0.36111,0.37329,0.37532,0.38044,0.39462,0.40587,0.41919,0.4358,0.44164,0.447,0.45531,0.46269,0.4775,0.48845,0.49837,0.50389,0.5159,0.53467,0.54704,0.55579,0.57087,0.58213,0.58773,0.59674,0.61666,0.63421,0.64932,0.66581,0.68766,0.70302,0.71617,0.72785,0.73785,0.76003,0.7758,0.78456,0.79392,0.81003,0.82273,0.83793,0.85196,0.86043,0.86854,0.8831,0.90261,0.92131,0.93957,0.95619,0.97045,0.98375,1,0.98758,0.96354,0.93807,0.91922,0.89769,0.8861,0.87328,0.86211,0.84787,-0.055989,-0.039714,0.36334,0.7663
0.35447,0.35156,0.35124,0.35068,0.34762,0.3458,0.33957,0.33015,0.32716,0.31519,0.30587,0.29808,0.29323,0.28807,0.279,0.26965,0.24504,0.22401,0.20579,0.19908,0.18867,0.1724,0.16772,0.15969,0.15062,0.14917,0.14976,0.15593,0.16629,0.18195,0.18361,0.18678,0.19913,0.21105,0.22601,0.23954,0.25632,0.27064,0.29997,0.31036,0.3232,0.32815,0.33653,0.34019,0.34634,0.36288,0.37386,0.37571,0.37989,0.39268,0.40373,0.41606,0.43204,0.43737,0.44232,0.4513,0.45802,0.47319,0.48334,0.49467,0.50065,0.51293,0.52989,0.53976,0.54776,0.56134,0.57151,0.57658,0.58508,0.60108,0.61644,0.63064,0.64642,0.66785,0.6829,0.69562,0.70761,0.71708,0.73819,0.75241,0.76046,0.76904,0.78219,0.79381,0.80924,0.82311,0.83128,0.83915,0.85327,0.87279,0.89202,0.91037,0.92713,0.94213,0.95753,0.98758,1,0.98799,0.96747,0.94946,0.92663,0.914,0.90094,0.88912,0.87362,-0.052269,-0.033373,0.35636,0.76122
0.34616,0.34269,0.34199,0.34121,0.33805,0.33637,0.32958,0.31951,0.31662,0.30509,0.29563,0.28812,0.28364,0.27856,0.26959,0.26042,0.23584,0.21604,0.19744,0.19012,0.17886,0.16121,0.15484,0.14593,0.13589,0.13511,0.13639,0.14379,0.15564,0.17011,0.17229,0.17658,0.19167,0.20665,0.22467,0.23862,0.25512,0.2688,0.2995,0.30895,0.31993,0.32383,0.33031,0.33532,0.34137,0.35678,0.3691,0.37126,0.37648,0.39005,0.40033,0.41217,0.42773,0.43204,0.43602,0.44403,0.45046,0.46775,0.47889,0.49017,0.49608,0.50898,0.52508,0.53266,0.53982,0.55277,0.56006,0.56296,0.5716,0.58559,0.59923,0.61279,0.62793,0.6482,0.66143,0.67197,0.68476,0.69458,0.71618,0.72922,0.73611,0.74316,0.75334,0.76376,0.77902,0.79327,0.80166,0.809,0.82263,0.84406,0.86394,0.88257,0.89905,0.9136,0.92932,0.96354,0.98799,1,0.99057,0.97552,0.95377,0.94089,0.928,0.91587,0.8991,-0.063987,-0.044709,0.34808,0.75845
0.35188,0.34842,0.34808,0.3473,0.34408,0.34235,0.33525,0.32477,0.32187,0.31002,0.30016,0.29217,0.28742,0.28213,0.27312,0.26415,0.23951,0.22019,0.20219,0.19506,0.18378,0.16616,0.16033,0.15129,0.1417,0.14184,0.14342,0.15111,0.16381,0.17782,0.18026,0.18565,0.20117,0.21735,0.23527,0.24728,0.2642,0.27901,0.3107,0.31969,0.33072,0.33508,0.34418,0.34879,0.35349,0.36747,0.38009,0.38323,0.38875,0.40233,0.41125,0.42074,0.43421,0.4382,0.44205,0.44964,0.45532,0.47131,0.48092,0.49184,0.49807,0.51001,0.5238,0.52906,0.53517,0.54697,0.55269,0.55351,0.5611,0.57477,0.58857,0.60138,0.61469,0.63369,0.64514,0.65426,0.66631,0.6747,0.69426,0.70599,0.71364,0.72017,0.72877,0.73788,0.75201,0.76604,0.77444,0.78126,0.7941,0.81728,0.83743,0.85626,0.87302,0.88747,0.90289,0.93807,0.96747,0.99057,1,0.99309,0.97355,0.96104,0.94899,0.93707,0.91949,-0.07728,-0.059716,0.35359,0.75378
0.34447,0.34073,0.34039,0.33956,0.33628,0.33448,0.32719,0.31665,0.31382,0.30192,0.2916,0.2834,0.27863,0.27331,0.26422,0.25536,0.23104,0.21243,0.19517,0.18824,0.17738,0.16057,0.15521,0.14641,0.137,0.13782,0.14017,0.1487,0.161,0.17565,0.17843,0.1842,0.1996,0.21525,0.23267,0.24454,0.26203,0.27675,0.30781,0.3177,0.32932,0.33465,0.34637,0.35151,0.35575,0.36706,0.37908,0.38202,0.38713,0.39961,0.40706,0.41512,0.42901,0.43342,0.43745,0.4448,0.45018,0.46647,0.47573,0.48567,0.49196,0.50378,0.51722,0.5218,0.5275,0.53989,0.5447,0.54398,0.5507,0.56371,0.57646,0.58912,0.60157,0.61976,0.63102,0.63945,0.6511,0.65929,0.67876,0.68865,0.69545,0.70167,0.70994,0.71889,0.73319,0.74637,0.75443,0.76093,0.77317,0.79761,0.81782,0.83663,0.85377,0.86863,0.88449,0.91922,0.94946,0.97552,0.99309,1,0.98723,0.97677,0.96549,0.95377,0.93601,-0.079203,-0.061454,0.34607,0.74507
0.35745,0.35465,0.35439,0.35376,0.3495,0.34723,0.33981,0.32877,0.32572,0.31262,0.30179,0.29325,0.28831,0.28338,0.27456,0.26503,0.23718,0.21649,0.19815,0.19066,0.17962,0.16381,0.15744,0.1499,0.14268,0.14518,0.1489,0.16116,0.17459,0.19373,0.19681,0.20255,0.21997,0.23666,0.25408,0.26661,0.2844,0.29661,0.32185,0.32789,0.33957,0.34513,0.35586,0.36102,0.36507,0.37339,0.38486,0.3879,0.39205,0.4026,0.41108,0.42131,0.43476,0.43927,0.44415,0.45219,0.45807,0.47649,0.48842,0.50123,0.50777,0.51706,0.52853,0.53342,0.53874,0.55072,0.55301,0.54947,0.55543,0.56923,0.58542,0.60061,0.61074,0.62755,0.63983,0.6471,0.66026,0.67186,0.69112,0.6982,0.70443,0.71017,0.71627,0.72303,0.735,0.74605,0.75192,0.75742,0.76758,0.78694,0.80629,0.82378,0.8388,0.85206,0.86585,0.89769,0.92663,0.95377,0.97355,0.98723,1,0.99499,0.98423,0.97298,0.95893,-0.097769,-0.10208,0.35953,0.75808
0.36167,0.35863,0.35817,0.35722,0.35332,0.35123,0.3439,0.33308,0.33002,0.31766,0.30749,0.29885,0.29376,0.28857,0.27907,0.26972,0.242,0.22109,0.20258,0.19482,0.18315,0.16704,0.16085,0.15263,0.14611,0.14969,0.1542,0.16582,0.17892,0.198,0.2016,0.2085,0.22528,0.2415,0.25843,0.27087,0.28811,0.30024,0.32555,0.33482,0.34648,0.35199,0.36371,0.36897,0.37285,0.38069,0.39057,0.39291,0.39613,0.40498,0.41232,0.42202,0.43551,0.43997,0.44481,0.45248,0.45931,0.47855,0.48897,0.50204,0.50847,0.51673,0.52671,0.53022,0.53453,0.54577,0.54769,0.5438,0.54911,0.56356,0.58046,0.59529,0.60568,0.62238,0.6343,0.6412,0.65433,0.66593,0.68431,0.6909,0.69647,0.70212,0.70741,0.71407,0.72525,0.73494,0.74006,0.74508,0.75434,0.77299,0.79255,0.81079,0.82704,0.84105,0.85494,0.8861,0.914,0.94089,0.96104,0.97677,0.99499,1,0.99465,0.98601,0.97394,-0.10543,-0.11093,0.36389,0.75767
0.35233,0.34907,0.3485,0.34755,0.34322,0.34088,0.33329,0.322,0.3188,0.30585,0.29584,0.28718,0.28226,0.2771,0.26765,0.25859,0.23197,0.20993,0.19116,0.18327,0.17185,0.15653,0.1512,0.14324,0.13769,0.14158,0.14672,0.15852,0.172,0.19146,0.19513,0.20222,0.21944,0.23728,0.25477,0.26582,0.28297,0.29421,0.31769,0.32708,0.33961,0.34543,0.35835,0.36539,0.37,0.37746,0.38748,0.39037,0.39392,0.4019,0.40943,0.4193,0.43198,0.43565,0.43938,0.44578,0.45266,0.47084,0.48002,0.49274,0.49955,0.50743,0.51843,0.5233,0.52774,0.53893,0.54111,0.53766,0.5443,0.55958,0.57772,0.59177,0.60241,0.61735,0.62752,0.63407,0.64801,0.65957,0.67649,0.68117,0.68567,0.69034,0.69568,0.70312,0.71433,0.72334,0.72789,0.73264,0.74088,0.75851,0.77806,0.79677,0.81416,0.82864,0.84219,0.87328,0.90094,0.928,0.94899,0.96549,0.98423,0.99465,1,0.99646,0.98703,-0.10693,-0.1086,0.35436,0.75233
0.34361,0.34036,0.33978,0.33877,0.33456,0.33225,0.32461,0.3132,0.30995,0.29703,0.2872,0.27857,0.27379,0.2687,0.25962,0.25085,0.22508,0.20314,0.18429,0.17633,0.16498,0.15005,0.14465,0.13681,0.13144,0.13519,0.14078,0.15247,0.1654,0.18487,0.18862,0.19607,0.21291,0.23128,0.24893,0.25938,0.27611,0.28708,0.31058,0.3206,0.33348,0.33937,0.35248,0.35974,0.36442,0.37216,0.38196,0.3847,0.3882,0.39652,0.4044,0.41443,0.427,0.43057,0.4342,0.44031,0.44732,0.46591,0.47564,0.48878,0.49525,0.50231,0.5121,0.51685,0.52073,0.53212,0.53454,0.53117,0.53782,0.55297,0.57107,0.58461,0.59504,0.61005,0.62023,0.62686,0.64088,0.6524,0.66824,0.67162,0.6757,0.68007,0.68536,0.69304,0.70371,0.71214,0.71644,0.72109,0.7288,0.74604,0.76551,0.78458,0.80291,0.81834,0.83189,0.86211,0.88912,0.91587,0.93707,0.95377,0.97298,0.98601,0.99646,1,0.99503,-0.10868,-0.11245,0.34561,0.74553
0.31093,0.30931,0.30887,0.30821,0.3036,0.3013,0.29322,0.28047,0.27661,0.26198,0.25184,0.24248,0.23783,0.23293,0.22457,0.21521,0.18957,0.1696,0.15029,0.14242,0.13189,0.1197,0.11351,0.10592,0.10123,0.10303,0.10718,0.11878,0.13175,0.1505,0.15563,0.16424,0.18028,0.19809,0.21461,0.22633,0.24352,0.2529,0.27723,0.2836,0.29426,0.29887,0.31352,0.32095,0.3254,0.33215,0.34479,0.3481,0.35012,0.3566,0.36203,0.37238,0.38639,0.39063,0.39404,0.39966,0.40538,0.42584,0.43773,0.45684,0.46318,0.4683,0.47663,0.48443,0.48753,0.49945,0.5059,0.50586,0.51452,0.52883,0.54814,0.56227,0.57432,0.58953,0.59853,0.604,0.61667,0.62766,0.6457,0.64938,0.65258,0.65741,0.66391,0.67468,0.6843,0.69186,0.6965,0.70243,0.71114,0.7306,0.7507,0.77047,0.78926,0.80552,0.81813,0.84787,0.87362,0.8991,0.91949,0.93601,0.95893,0.97394,0.98703,0.99503,1,-0.13206,-0.14154,0.31308,0.73846
-0.47519,-0.47299,-0.46956,-0.46575,-0.4586,-0.45622,-0.45211,-0.44627,-0.44488,-0.43761,-0.43482,-0.43078,-0.42835,-0.42647,-0.42169,-0.4165,-0.4097,-0.39867,-0.3864,-0.38148,-0.37526,-0.36354,-0.35439,-0.35157,-0.34872,-0.34809,-0.3477,-0.35484,-0.36591,-0.38194,-0.38531,-0.40015,-0.41194,-0.42508,-0.43182,-0.4375,-0.43349,-0.43676,-0.4372,-0.43686,-0.43405,-0.4352,-0.43636,-0.43518,-0.43508,-0.43169,-0.42884,-0.42913,-0.42446,-0.41258,-0.40768,-0.40186,-0.39482,-0.39174,-0.38997,-0.383,-0.37594,-0.35894,-0.34414,-0.32899,-0.32478,-0.31547,-0.30425,-0.29672,-0.28965,-0.28539,-0.27874,-0.26943,-0.24839,-0.23377,-0.2289,-0.23114,-0.2232,-0.21949,-0.20131,-0.19158,-0.18691,-0.17717,-0.16675,-0.15425,-0.15459,-0.14933,-0.14895,-0.14035,-0.1324,-0.12,-0.1143,-0.10756,-0.093491,-0.11218,-0.097562,-0.086803,-0.078694,-0.068558,-0.060811,-0.055989,-0.052269,-0.063987,-0.07728,-0.079203,-0.097769,-0.10543,-0.10693,-0.10868,-0.13206,1,0.84054,-0.47499,-0.3501
-0.46184,-0.46261,-0.46122,-0.45829,-0.45592,-0.45421,-0.452,-0.44827,-0.44698,-0.43949,-0.43684,-0.43339,-0.43147,-0.42999,-0.42686,-0.42442,-0.41736,-0.40423,-0.39341,-0.38918,-0.38175,-0.36908,-0.3563,-0.35071,-0.3457,-0.34243,-0.33742,-0.33578,-0.34322,-0.36097,-0.36445,-0.37576,-0.38774,-0.39798,-0.40205,-0.40298,-0.40067,-0.40529,-0.41114,-0.40398,-0.39921,-0.39957,-0.4,-0.39844,-0.39778,-0.39241,-0.38883,-0.38763,-0.38339,-0.37573,-0.37164,-0.36607,-0.36276,-0.36121,-0.35869,-0.35006,-0.34452,-0.33008,-0.31957,-0.31164,-0.30857,-0.29951,-0.28796,-0.27861,-0.26625,-0.26249,-0.25764,-0.24983,-0.231,-0.22114,-0.2197,-0.21834,-0.20802,-0.19945,-0.18585,-0.17806,-0.17741,-0.17323,-0.16421,-0.15263,-0.15375,-0.14634,-0.14798,-0.14065,-0.13299,-0.1185,-0.11366,-0.10494,-0.088856,-0.10364,-0.091189,-0.079969,-0.072725,-0.062559,-0.05102,-0.039714,-0.033373,-0.044709,-0.059716,-0.061454,-0.10208,-0.11093,-0.1086,-0.11245,-0.14154,0.84054,1,-0.46168,-0.34737
0.99989,0.99848,0.9976,0.99568,0.99184,0.99044,0.98744,0.98203,0.97992,0.9737,0.96959,0.96534,0.96276,0.95988,0.95466,0.9504,0.93918,0.92656,0.91339,0.90832,0.90092,0.8899,0.88358,0.87833,0.87333,0.87009,0.86801,0.8704,0.87253,0.88115,0.88223,0.88594,0.88856,0.88913,0.88916,0.88953,0.88953,0.88933,0.88756,0.87803,0.8698,0.86277,0.84985,0.84387,0.83884,0.82922,0.81825,0.81195,0.80481,0.78909,0.77755,0.76635,0.75509,0.75002,0.74578,0.73494,0.72447,0.69497,0.6727,0.65159,0.64735,0.63517,0.6174,0.5999,0.58601,0.57206,0.55574,0.54142,0.51664,0.50373,0.49343,0.48613,0.46898,0.4647,0.45102,0.43604,0.42911,0.42154,0.41557,0.40992,0.41487,0.41235,0.40972,0.4052,0.39922,0.39718,0.39448,0.39156,0.38403,0.39115,0.39084,0.38631,0.38369,0.37726,0.37382,0.36334,0.35636,0.34808,0.35359,0.34607,0.35953,0.36389,0.35436,0.34561,0.31308,-0.47499,-0.46168,1,0.67073
0.66836,0.66455,0.66172,0.65584,0.64782,0.64453,0.63591,0.62336,0.61831,0.60176,0.59024,0.57878,0.57213,0.56554,0.55389,0.54316,0.51092,0.47843,0.45031,0.44008,0.42488,0.40056,0.38628,0.37695,0.36551,0.35851,0.35649,0.36427,0.37783,0.40544,0.41105,0.42274,0.44227,0.46204,0.48174,0.49747,0.51736,0.53506,0.56618,0.5889,0.60363,0.61487,0.63312,0.64155,0.65358,0.67721,0.68963,0.6946,0.70104,0.71286,0.72493,0.73702,0.75133,0.75669,0.76169,0.76941,0.77537,0.7901,0.8048,0.81451,0.81682,0.8196,0.82632,0.8277,0.82841,0.83114,0.8309,0.82815,0.82251,0.82397,0.82935,0.83072,0.82676,0.82696,0.8221,0.81755,0.8166,0.81277,0.81076,0.80391,0.80411,0.80095,0.79651,0.79192,0.79068,0.78873,0.78642,0.78375,0.77681,0.77412,0.7744,0.77471,0.7754,0.77241,0.77329,0.7663,0.76122,0.75845,0.75378,0.74507,0.75808,0.75767,0.75233,0.74553,0.73846,-0.3501,-0.34737,0.67073,1
